tday,side,entry_ny,entry_doha,asia_hi,asia_lo,entry,stop,target,risk_usd,exit,gross_usd,news,R,R_2x,year
2024-10-03,short,03:29,10:29,2662.775,2651.765,2648.775,2657.27,2640.28,8.49499999999989,target,8.49499999999989,,0.9529134785167739,0.905826957033548,Y1
2024-10-04,short,08:44,15:44,2667.675,2654.178,2640.724,2660.9265,2620.5215000000003,20.202499999999873,stop,-20.202499999999873,NFP,-1.0197995297611682,-1.0395990595223366,Y1
2024-10-07,long,04:14,11:14,2652.248,2639.855,2653.415,2646.0515,2660.7785,7.363499999999931,stop,-7.363499999999931,,-1.0543219936171664,-1.1086439872343326,Y1
2024-10-08,short,04:14,11:14,2648.095,2633.665,2632.325,2640.88,2623.7699999999995,8.555000000000291,stop,-8.555000000000291,,-1.04675628287551,-1.0935125657510196,Y1
2024-10-09,short,02:44,09:44,2624.165,2614.735,2612.155,2619.45,2604.8600000000006,7.294999999999618,stop,-7.294999999999618,,-1.0548320767649104,-1.1096641535298208,Y1
2024-10-10,long,05:59,12:59,2616.785,2605.785,2617.095,2611.285,2622.9049999999997,5.809999999999945,stop,-5.809999999999945,US CPI,-1.0688468158347684,-1.1376936316695365,Y1
2024-10-11,long,09:14,16:14,2645.958,2628.075,2647.435,2637.0164999999997,2657.8535,10.418500000000222,target,10.418500000000222,US PPI,0.9616067572107317,0.9232135144214634,Y1
2024-10-14,long,02:29,09:29,2660.575,2643.058,2665.435,2651.8165,2679.0535,13.61850000000004,stop,-13.61850000000004,,-1.0293718104049638,-1.0587436208099275,Y1
2024-10-15,long,04:14,11:14,2652.608,2637.955,2654.395,2645.2815,2663.5085,9.11349999999993,target,9.11349999999993,,0.956109068963625,0.91221813792725,Y1
2024-10-16,long,02:14,09:14,2670.425,2658.558,2672.985,2664.4915,2681.4785,8.49350000000004,target,8.49350000000004,,0.9529051627715314,0.9058103255430628,Y1
2024-10-17,long,06:29,13:29,2684.755,2673.324,2686.735,2679.0395,2694.4305000000004,7.695500000000266,stop,-7.695500000000266,,-1.0519784289519831,-1.1039568579039662,Y1
2024-10-18,long,08:29,15:29,2713.888,2692.155,2714.138,2703.0215,2725.2545,11.116500000000087,time,5.4099999999998545,,0.45068141951152024,0.4146988710475256,Y1
2024-10-21,long,05:14,12:14,2732.675,2720.908,2733.965,2726.7915000000003,2741.1385,7.173499999999876,stop,-7.173499999999876,,-1.0557607862270868,-1.1115215724541736,Y1
2024-10-22,long,04:29,11:29,2735.818,2720.188,2736.515,2728.003,2745.0269999999996,8.511999999999716,target,8.511999999999716,,0.9530075187969909,0.9060150375939818,Y1
2024-10-23,long,03:44,10:44,2753.018,2737.765,2754.435,2745.3914999999997,2763.4785,9.043500000000222,stop,-9.043500000000222,,-1.0442306629070592,-1.0884613258141185,Y1
2024-10-24,long,02:14,09:14,2729.615,2717.704,2730.685,2723.6594999999998,2737.7105,7.025500000000193,target,7.025500000000193,,0.9430645505657975,0.8861291011315952,Y1
2024-10-25,short,04:29,11:29,2735.328,2723.805,2722.035,2729.5665,2714.5035,7.531500000000051,stop,-7.531500000000051,,-1.0531102701984993,-1.1062205403969987,Y1
2024-10-29,long,09:44,16:44,2757.615,2743.115,2760.555,2750.365,2770.745,10.190000000000055,target,10.190000000000055,,0.9607458292443574,0.9214916584887147,Y1
2024-10-30,short,11:14,18:14,2789.668,2774.735,2774.685,2782.2015,2767.1684999999998,7.516500000000178,stop,-7.516500000000178,,-1.0532162575666855,-1.1064325151333707,Y1
2024-10-31,short,04:14,11:14,2790.005,2779.605,2779.275,2784.8050000000003,2773.745,5.5300000000002,target,5.5300000000002,,0.9276672694394239,0.8553345388788479,Y1
2024-11-01,long,09:14,16:14,2757.535,2744.695,2760.935,2751.115,2770.755,9.820000000000164,stop,-9.820000000000164,NFP,-1.0407331975560075,-1.081466395112015,Y1
2024-11-04,short,03:59,11:59,2743.585,2735.185,2733.225,2739.385,2727.0649999999996,6.160000000000309,stop,-6.160000000000309,,-1.0649350649350617,-1.1298701298701233,Y1
2024-11-05,long,02:14,10:14,2738.705,2724.695,2740.555,2731.7,2749.41,8.855000000000018,target,8.855000000000018,,0.9548277809147375,0.9096555618294749,Y1
2024-11-06,short,06:59,14:59,2749.605,2701.245,2699.205,2725.425,2672.9849999999997,26.220000000000255,target,26.220000000000255,,0.9847444698703282,0.9694889397406563,Y1
2024-11-07,long,02:29,10:29,2664.075,2643.134,2664.588,2653.6045,2675.5715000000005,10.983500000000276,target,10.983500000000276,FOMC,0.9635817362407256,0.9271634724814513,Y1
2024-11-08,short,02:14,10:14,2710.235,2685.845,2683.075,2698.04,2668.1099999999997,14.965000000000146,stop,-14.965000000000146,,-1.0267290344136315,-1.0534580688272632,Y1
2024-11-11,short,04:29,12:29,2686.025,2666.375,2665.355,2676.2,2654.51,10.8449999999998,target,10.8449999999998,,0.9631166436145682,0.9262332872291364,Y1
2024-11-12,short,02:44,10:44,2627.015,2603.295,2596.785,2615.1549999999997,2578.415,18.36999999999989,stop,-18.36999999999989,,-1.0217746325530757,-1.0435492651061515,Y1
2024-11-13,long,09:14,17:14,2613.118,2597.915,2615.505,2605.5164999999997,2625.4935000000005,9.988500000000386,stop,-9.988500000000386,US CPI,-1.0400460529609035,-1.0800921059218072,Y1
2024-11-14,short,02:14,10:14,2574.515,2551.765,2550.805,2563.14,2538.47,12.335000000000036,target,12.335000000000036,US PPI,0.9675719497365222,0.9351438994730443,Y1
2024-11-15,long,06:44,14:44,2571.585,2554.335,2571.844,2562.96,2580.728,8.884000000000015,stop,-8.884000000000015,,-1.045024763619991,-1.090049527239982,Y1
2024-11-18,long,08:29,16:29,2597.155,2569.735,2598.925,2583.445,2614.405,15.480000000000018,target,15.480000000000018,,0.9741602067183462,0.9483204134366925,Y1
2024-11-19,long,04:29,12:29,2626.515,2610.905,2630.405,2618.71,2642.1000000000004,11.695000000000164,time,3.1929999999997563,,0.2388200085506385,0.20461735784520932,Y1
2024-11-20,short,02:29,10:29,2641.665,2628.465,2626.165,2635.065,2617.265,8.900000000000091,stop,-8.900000000000091,,-1.0449438202247188,-1.0898876404494373,Y1
2024-11-21,long,02:29,10:29,2662.085,2650.284,2663.355,2656.1845000000003,2670.5254999999997,7.17049999999972,target,7.17049999999972,,0.9442158845268788,0.8884317690537576,Y1
2024-11-22,long,02:44,10:44,2693.115,2668.718,2693.915,2680.9165,2706.9135,12.99850000000015,target,12.99850000000015,,0.9692272185252148,0.9384544370504295,Y1
2024-11-25,short,09:29,17:29,2719.975,2658.064,2645.345,2689.0195,2601.6704999999997,43.67450000000008,time,19.34999999999991,,0.43389163012741705,0.4247329677500572,Y1
2024-11-26,long,06:44,14:44,2632.085,2608.498,2632.395,2620.2915000000003,2644.4984999999997,12.103499999999713,stop,-12.103499999999713,,-1.0330482918164177,-1.066096583632835,Y1
2024-11-27,long,03:44,11:44,2647.865,2626.935,2648.035,2637.3999999999996,2658.67,10.635000000000218,stop,-10.635000000000218,,-1.0376116596144798,-1.0752233192289595,Y1
2024-12-03,long,08:59,16:59,2649.924,2633.965,2652.758,2641.9445,2663.5714999999996,10.813499999999749,stop,-10.813499999999749,,-1.0369907985388644,-1.0739815970777287,Y1
2024-12-04,short,07:59,15:59,2651.285,2637.575,2636.945,2644.43,2629.4600000000005,7.484999999999673,stop,-7.484999999999673,,-1.0534402137608574,-1.1068804275217148,Y1
2024-12-05,short,03:59,11:59,2655.445,2644.595,2643.035,2650.02,2636.0499999999997,6.985000000000127,stop,-6.985000000000127,,-1.0572655690765917,-1.1145311381531833,Y1
2024-12-09,long,04:14,12:14,2650.515,2627.455,2652.105,2638.9849999999997,2665.2250000000004,13.120000000000346,target,13.120000000000346,,0.969512195121952,0.9390243902439039,Y1
2024-12-10,long,05:44,13:44,2673.625,2657.805,2673.675,2665.715,2681.635,7.960000000000036,target,7.960000000000036,,0.9497487437185932,0.8994974874371864,Y1
2024-12-11,long,09:59,17:59,2704.098,2674.345,2706.094,2689.2214999999997,2722.9665000000005,16.8725000000004,time,10.971000000000004,US CPI,0.6265224477700253,0.6028152318861912,Y1
2024-12-12,short,08:59,16:59,2725.675,2697.885,2697.344,2711.78,2682.908,14.43600000000015,target,14.43600000000015,US PPI,0.9722914934885012,0.9445829869770025,Y1
2024-12-13,short,03:59,11:59,2692.595,2678.675,2674.865,2685.635,2664.0949999999993,10.770000000000437,target,10.770000000000437,,0.962859795728878,0.925719591457756,Y1
2024-12-16,long,03:29,11:29,2655.448,2643.374,2658.248,2649.411,2667.085,8.836999999999989,stop,-8.836999999999989,,-1.0452642299422883,-1.0905284598845764,Y1
2024-12-17,short,03:59,11:59,2658.465,2646.294,2644.085,2652.3795,2635.7905,8.294499999999971,target,8.294499999999971,,0.9517752727711132,0.9035505455422265,Y1
2024-12-18,short,09:14,17:14,2651.525,2642.555,2641.245,2647.04,2635.45,5.795000000000073,target,5.795000000000073,FOMC,0.9309749784296816,0.8619499568593633,Y1
2024-12-19,long,02:29,10:29,2617.948,2587.784,2619.444,2602.866,2636.022,16.577999999999975,stop,-16.577999999999975,,-1.0241283628905777,-1.048256725781156,Y1
2024-12-20,long,02:14,10:14,2605.198,2589.475,2605.795,2597.3365,2614.2535000000003,8.458500000000186,target,8.458500000000186,,0.9527102914228301,0.9054205828456603,Y1
2024-12-23,short,06:29,14:29,2632.795,2617.285,2616.185,2625.04,2607.33,8.855000000000018,time,5.429999999999836,,0.5680406549971571,0.5228684359118946,Y1
2024-12-27,short,03:44,11:44,2636.825,2628.765,2627.915,2632.795,2623.035,4.880000000000109,target,4.880000000000109,,0.9180327868852477,0.8360655737704955,Y1
2024-12-30,short,02:44,10:44,2627.985,2618.108,2616.745,2623.0465000000004,2610.4434999999994,6.3015000000004875,target,6.3015000000004875,,0.9365230500674491,0.8730461001348984,Y1
2024-12-31,long,02:59,10:59,2611.375,2602.475,2613.555,2606.925,2620.1849999999995,6.629999999999654,stop,-6.629999999999654,,-1.0603318250377105,-1.120663650075421,Y1
2025-01-02,long,03:59,11:59,2636.298,2622.448,2636.348,2629.3729999999996,2643.3230000000003,6.975000000000364,target,6.975000000000364,,0.9426523297491068,0.8853046594982139,Y1
2025-01-03,short,02:29,10:29,2665.185,2655.815,2652.605,2660.5,2644.71,7.894999999999982,target,7.894999999999982,,0.9493350221659277,0.8986700443318554,Y1
2025-01-06,short,02:44,10:44,2647.275,2630.025,2625.555,2638.65,2612.4599999999996,13.095000000000255,stop,-13.095000000000255,,-1.0305460099274526,-1.0610920198549054,Y1
2025-01-07,long,06:59,14:59,2646.515,2632.775,2648.255,2639.645,2656.8650000000002,8.610000000000127,target,8.610000000000127,,0.9535423925667834,0.907084785133567,Y1
2025-01-08,long,02:14,10:14,2652.845,2645.095,2653.595,2648.97,2658.22,4.625,stop,-4.625,,-1.0864864864864865,-1.172972972972973,Y1
2025-01-09,long,05:44,13:44,2666.775,2655.305,2668.204,2661.04,2675.3680000000004,7.164000000000215,target,7.164000000000215,,0.9441652707984383,0.8883305415968766,Y1
2025-01-10,long,02:29,10:29,2678.285,2668.728,2678.445,2673.5065,2683.3835000000004,4.938500000000204,stop,-4.938500000000204,NFP,-1.0809962539232527,-1.1619925078465054,Y1
2025-01-13,short,05:29,13:29,2693.245,2679.145,2678.185,2686.1949999999997,2670.175,8.009999999999764,target,8.009999999999764,,0.9500624219725328,0.9001248439450658,Y1
2025-01-14,short,04:44,12:44,2675.155,2666.059,2665.445,2670.607,2660.2830000000004,5.161999999999807,stop,-5.161999999999807,US PPI,-1.0774893452150358,-1.1549786904300716,Y1
2025-01-15,long,03:14,11:14,2683.125,2669.315,2683.285,2676.2200000000003,2690.3499999999995,7.0649999999996,target,7.0649999999996,US CPI,0.9433828733191758,0.8867657466383517,Y1
2025-01-16,long,04:29,12:29,2702.008,2689.725,2704.958,2695.8665,2714.0495,9.091499999999996,target,9.091499999999996,,0.956002859814112,0.9120057196282241,Y1
2025-01-17,short,04:29,12:29,2717.375,2709.725,2706.005,2713.55,2698.46,7.545000000000073,stop,-7.545000000000073,,-1.0530152418820407,-1.1060304837640813,Y1
2025-01-22,long,04:29,12:29,2758.475,2742.455,2761.705,2750.465,2772.9449999999997,11.239999999999782,stop,-11.239999999999782,,-1.0355871886121004,-1.0711743772242008,Y1
2025-01-23,short,04:29,12:29,2756.088,2749.385,2743.655,2752.7365,2734.5735000000004,9.081499999999778,stop,-9.081499999999778,,-1.0440455871827352,-1.0880911743654704,Y1
2025-01-24,long,07:29,15:29,2778.115,2754.075,2778.335,2766.095,2790.5750000000003,12.240000000000236,time,-7.429999999999836,,-0.6397058823529155,-0.6723856209150064,Y1
2025-01-27,short,02:29,10:29,2772.415,2750.565,2748.545,2761.49,2735.6000000000004,12.944999999999709,stop,-12.944999999999709,,-1.030899961375049,-1.061799922750098,Y1
2025-01-28,short,03:29,11:29,2745.065,2737.675,2736.485,2741.37,2731.6000000000004,4.8849999999997635,stop,-4.8849999999997635,,-1.0818833162743131,-1.163766632548626,Y1
2025-01-29,short,02:29,10:29,2765.985,2759.025,2758.175,2762.505,2753.8450000000003,4.329999999999927,stop,-4.329999999999927,FOMC,-1.0923787528868376,-1.1847575057736752,Y1
2025-01-30,long,02:14,10:14,2766.248,2758.475,2766.295,2762.3615,2770.2285,3.9335000000000946,target,3.9335000000000946,,0.8983093936697623,0.7966187873395244,Y1
2025-01-31,long,02:29,10:29,2799.375,2791.905,2799.485,2795.6400000000003,2803.33,3.8449999999998,stop,-3.8449999999998,,-1.1040312093628144,-1.2080624187256284,Y1
2025-02-03,long,03:29,11:29,2795.598,2771.885,2797.588,2783.7415,2811.4345000000003,13.846500000000106,target,13.846500000000106,,0.9711118333152784,0.9422236666305569,Y1
2025-02-04,short,02:29,10:29,2824.445,2810.648,2807.345,2817.5465000000004,2797.143499999999,10.201500000000578,stop,-10.201500000000578,,-1.0392099201097855,-1.0784198402195713,Y1
2025-02-05,long,02:59,10:59,2861.685,2839.335,2863.985,2850.51,2877.46,13.474999999999909,target,13.474999999999909,,0.9703153988868273,0.9406307977736544,Y1
2025-02-06,short,02:44,10:44,2873.085,2858.358,2858.145,2865.7215,2850.5685,7.576500000000124,target,7.576500000000124,,0.9472051738929593,0.8944103477859188,Y1
2025-02-07,long,09:29,17:29,2870.395,2857.415,2873.258,2863.9049999999997,2882.611,9.353000000000065,target,9.353000000000065,NFP,0.9572329733775262,0.9144659467550523,Y1
2025-02-10,long,02:29,10:29,2892.125,2865.558,2892.135,2878.8415,2905.4285000000004,13.293500000000222,target,13.293500000000222,,0.9699101064429989,0.9398202128859978,Y1
2025-02-11,short,04:44,12:44,2942.665,2905.015,2904.125,2923.84,2884.41,19.715000000000146,target,19.715000000000146,,0.9797108800405785,0.9594217600811568,Y1
2025-02-12,short,05:44,13:44,2898.765,2883.345,2880.845,2891.055,2870.6349999999998,10.210000000000036,target,10.210000000000036,US CPI,0.9608227228207641,0.9216454456415282,Y1
2025-02-14,long,04:14,12:14,2936.635,2922.915,2937.515,2929.775,2945.2549999999997,7.739999999999782,stop,-7.739999999999782,,-1.051679586563309,-1.103359173126618,Y1
2025-02-19,long,04:29,12:29,2939.465,2924.0,2945.725,2931.7325,2959.7174999999997,13.992499999999836,stop,-13.992499999999836,,-1.0285867428979814,-1.057173485795963,Y1
2025-02-20,long,02:29,10:29,2948.845,2933.615,2948.935,2941.2299999999996,2956.6400000000003,7.705000000000382,stop,-7.705000000000382,,-1.0519143413367917,-1.1038286826735835,Y1
2025-02-21,short,03:14,11:14,2949.545,2923.955,2923.775,2936.75,2910.8,12.974999999999909,stop,-12.974999999999909,,-1.0308285163776496,-1.0616570327552992,Y1
2025-02-24,long,03:59,11:59,2944.575,2921.055,2946.185,2932.8149999999996,2959.5550000000003,13.370000000000346,stop,-13.370000000000346,,-1.029917726252804,-1.0598354525056082,Y1
2025-02-25,short,02:59,10:59,2952.405,2933.305,2931.555,2942.855,2920.2549999999997,11.300000000000182,stop,-11.300000000000182,,-1.035398230088495,-1.0707964601769902,Y1
2025-02-26,short,08:59,16:59,2929.995,2906.445,2905.755,2918.2200000000003,2893.29,12.465000000000146,target,12.465000000000146,,0.9679101484155639,0.9358202968311279,Y1
2025-02-27,short,03:14,11:14,2918.975,2888.295,2885.155,2903.635,2866.675,18.480000000000018,time,11.390000000000327,,0.5946969696969868,0.5730519480519651,Y1
2025-02-28,short,03:29,11:29,2884.925,2856.785,2855.175,2870.855,2839.4950000000003,15.679999999999836,target,15.679999999999836,,0.974489795918367,0.9489795918367341,Y1
2025-03-03,long,06:14,14:14,2871.848,2859.055,2874.475,2865.4515,2883.4984999999997,9.023499999999785,target,9.023499999999785,,0.9556713027095906,0.9113426054191811,Y1
2025-03-04,long,02:29,10:29,2894.225,2881.648,2899.245,2887.9365,2910.5535,11.308500000000095,target,11.308500000000095,,0.9646283768846445,0.9292567537692891,Y1
2025-03-05,short,08:44,16:44,2921.505,2901.758,2899.725,2911.6315,2887.8185,11.906500000000051,stop,-11.906500000000051,,-1.033595095116113,-1.0671901902322258,Y1
2025-03-06,short,02:59,10:59,2926.425,2914.385,2909.995,2920.405,2899.5849999999996,10.41000000000031,target,10.41000000000031,,0.9615754082612883,0.9231508165225767,Y1
2025-03-07,long,02:44,10:44,2914.685,2895.698,2914.975,2905.1915,2924.7585,9.783500000000004,target,9.783500000000004,NFP,0.9591148362038125,0.918229672407625,Y1
2025-03-10,short,04:14,11:14,2918.125,2906.689,2906.615,2912.407,2900.8229999999994,5.792000000000371,target,5.792000000000371,,0.9309392265193414,0.8618784530386829,Y1
2025-03-11,long,04:14,11:14,2902.605,2879.938,2904.065,2891.2715,2916.8585000000003,12.793500000000222,target,12.793500000000222,,0.9687341227967332,0.9374682455934664,Y1
2025-03-12,long,04:59,11:59,2921.035,2910.558,2922.055,2915.7965,2928.3134999999997,6.258499999999913,stop,-6.258499999999913,US CPI,-1.0639130782136303,-1.1278261564272607,Y1
2025-03-13,short,03:29,10:29,2946.975,2935.255,2935.218,2941.115,2929.321,5.8969999999999345,stop,-5.8969999999999345,US PPI,-1.0678311005596073,-1.1356622011192146,Y1
2025-03-14,long,05:14,12:14,2993.835,2981.0,2995.085,2987.4175,3002.7525,7.667500000000018,target,7.667500000000018,,0.9478317574176721,0.8956635148353442,Y1
2025-03-17,long,05:44,12:44,2992.895,2981.975,2995.215,2987.435,3002.9950000000003,7.7800000000002,stop,-7.7800000000002,,-1.0514138817480707,-1.1028277634961414,Y1
2025-03-18,long,03:14,10:14,3017.439,2999.258,3018.065,3008.3485,3027.7815,9.716499999999996,target,9.716499999999996,,0.9588329130859877,0.9176658261719755,Y1
2025-03-19,short,04:59,11:59,3045.155,3027.175,3024.848,3036.165,3013.531,11.317000000000007,stop,-11.317000000000007,FOMC,-1.0353450561102766,-1.0706901122205532,Y1
2025-03-20,short,03:59,10:59,3057.245,3044.668,3042.105,3050.9565000000002,3033.2535,8.851500000000215,target,8.851500000000215,,0.9548099192227316,0.9096198384454633,Y1
2025-03-21,short,09:44,16:44,3047.265,3021.305,3014.638,3034.285,2994.991,19.646999999999935,time,-5.186999999999898,,-0.28436911487758526,-0.304728457270826,Y1
2025-03-24,long,04:44,11:44,3025.545,3013.475,3026.915,3019.51,3034.3199999999997,7.404999999999745,stop,-7.404999999999745,,-1.0540175557056062,-1.1080351114112124,Y1
2025-03-25,long,04:59,11:59,3020.895,3007.315,3021.175,3014.105,3028.2450000000003,7.070000000000164,stop,-7.070000000000164,,-1.0565770862800554,-1.1131541725601104,Y1
2025-03-26,long,03:44,10:44,3026.955,3013.048,3028.685,3020.0015,3037.3685,8.683500000000095,stop,-8.683500000000095,,-1.0460643749640117,-1.0921287499280234,Y1
2025-03-27,long,05:59,12:59,3038.495,3021.355,3039.815,3029.925,3049.705,9.889999999999873,target,9.889999999999873,,0.9595551061678458,0.9191102123356915,Y1
2025-03-31,long,02:14,09:14,3119.705,3076.485,3124.495,3098.0950000000003,3150.8949999999995,26.399999999999636,time,-0.21000000000003638,,-0.023106060606062302,-0.03825757575757766,Y1
2025-04-01,short,11:59,18:59,3148.835,3119.828,3113.505,3134.3315000000002,3092.6785,20.826500000000124,time,-5.192999999999756,,-0.2685520850838942,-0.28775838475018467,Y1
2025-04-03,short,02:29,09:29,3167.548,3123.785,3122.155,3145.6665,3098.6435000000006,23.511499999999614,target,23.511499999999614,,0.982987048890968,0.9659740977819359,Y1
2025-04-04,short,04:29,11:29,3116.165,3086.838,3084.548,3101.5015000000003,3067.5944999999992,16.95350000000053,stop,-16.95350000000053,NFP,-1.0235939481522982,-1.0471878963045964,Y1
2025-04-08,long,02:29,09:29,3008.045,2978.385,3011.515,2993.215,3029.8149999999996,18.299999999999727,stop,-18.299999999999727,,-1.021857923497268,-1.0437158469945362,Y1
2025-04-09,long,02:29,09:29,3020.365,2969.605,3028.985,2994.9849999999997,3062.9850000000006,34.000000000000455,target,34.000000000000455,,0.9882352941176472,0.9764705882352945,Y1
2025-04-10,long,09:29,16:29,3132.245,3078.105,3132.655,3105.175,3160.135,27.480000000000018,target,27.480000000000018,US CPI,0.9854439592430859,0.9708879184861717,Y1
2025-04-11,long,05:44,12:44,3219.935,3182.515,3222.015,3201.225,3242.805,20.789999999999964,target,20.789999999999964,US PPI,0.9807599807599808,0.9615199615199614,Y1
2025-04-14,short,06:29,13:29,3245.515,3215.265,3209.235,3230.39,3188.0800000000004,21.154999999999745,time,-3.3399999999996908,,-0.1767903568896117,-0.19569841644999955,Y1
2025-04-16,long,03:14,10:14,3291.585,3237.845,3296.825,3264.715,3328.9349999999995,32.10999999999967,target,32.10999999999967,,0.9875428215509187,0.9750856431018372,Y1
2025-04-17,short,03:29,10:29,3356.065,3320.515,3316.685,3338.29,3295.08,21.605000000000018,stop,-21.605000000000018,,-1.0185142328164776,-1.0370284656329554,Y1
2025-04-21,long,02:14,09:14,3385.695,3342.825,3387.825,3364.26,3411.3899999999994,23.5649999999996,target,23.5649999999996,,0.9830256736685761,0.9660513473371519,Y1
2025-04-22,long,02:14,09:14,3495.355,3411.075,3497.165,3453.215,3541.115,43.94999999999982,stop,-43.94999999999982,,-1.0091012514220705,-1.018202502844141,Y1
2025-04-23,short,02:44,09:44,3386.375,3315.565,3312.555,3350.9700000000003,3274.1399999999994,38.41500000000042,target,38.41500000000042,,0.9895874007549136,0.9791748015098272,Y1
2025-04-25,short,09:14,16:14,3367.725,3286.545,3284.115,3327.135,3241.0949999999993,43.02000000000044,time,-20.390000000000327,,-0.4832635983263625,-0.49256159925616255,Y1
2025-04-28,long,10:44,17:44,3317.755,3267.765,3329.705,3292.76,3366.6499999999996,36.94499999999971,time,22.230000000000018,,0.590878332656657,0.5800514277980833,Y1
2025-04-30,short,04:14,11:14,3327.865,3301.025,3284.865,3314.4449999999997,3255.285,29.579999999999927,stop,-29.579999999999927,,-1.013522650439486,-1.0270453008789724,Y1
2025-05-01,short,05:59,12:59,3284.845,3220.605,3218.305,3252.725,3183.8849999999998,34.42000000000007,time,-9.700000000000273,,-0.29343404997095446,-0.30505520046485335,Y1
2025-05-02,long,03:59,10:59,3258.455,3227.115,3258.785,3242.785,3274.785,16.0,stop,-16.0,NFP,-1.025,-1.05,Y1
2025-05-05,long,04:44,11:44,3272.205,3238.435,3276.915,3255.3199999999997,3298.51,21.595000000000255,target,21.595000000000255,,0.9814771937948602,0.9629543875897203,Y1
2025-05-06,long,08:44,15:44,3386.745,3321.108,3389.485,3353.9265,3425.0435,35.558500000000095,time,33.29999999999973,,0.9252358789037682,0.9139868104672482,Y1
2025-05-08,short,02:14,09:14,3414.705,3354.585,3344.885,3384.645,3305.1250000000005,39.75999999999976,target,39.75999999999976,,0.9899396378269617,0.9798792756539235,Y1
2025-05-09,long,07:14,14:14,3329.915,3274.295,3330.875,3302.105,3359.645,28.769999999999982,time,-2.2600000000002183,,-0.09245742092458185,-0.106360792492187,Y1
2025-05-12,short,03:14,10:14,3289.675,3258.535,3246.055,3274.105,3218.0049999999997,28.050000000000182,target,28.050000000000182,,0.9857397504456329,0.9714795008912658,Y1
2025-05-13,long,02:59,09:59,3260.545,3215.535,3261.855,3238.04,3285.67,23.815000000000055,stop,-23.815000000000055,US CPI,-1.0167961368885154,-1.0335922737770313,Y1
2025-05-14,short,07:59,14:59,3256.685,3222.0,3219.995,3239.3424999999997,3200.6475,19.347499999999854,target,19.347499999999854,,0.979325494249903,0.9586509884998058,Y1
2025-05-15,long,09:14,16:14,3192.555,3122.935,3194.655,3157.745,3231.5650000000005,36.91000000000031,target,36.91000000000031,US PPI,0.9891628285017612,0.9783256570035224,Y1
2025-05-16,short,04:14,11:14,3250.895,3206.255,3197.035,3228.575,3165.495,31.539999999999964,target,31.539999999999964,,0.9873176918199112,0.9746353836398224,Y1
2025-05-20,long,04:59,11:59,3232.445,3204.205,3235.615,3218.325,3252.9049999999997,17.289999999999964,target,17.289999999999964,,0.9768652400231348,0.9537304800462694,Y1
2025-05-21,long,02:59,09:59,3319.325,3285.105,3319.915,3302.215,3337.615,17.699999999999818,stop,-17.699999999999818,,-1.0225988700564974,-1.0451977401129948,Y1
2025-05-22,short,04:44,11:44,3345.198,3317.008,3314.715,3331.103,3298.327,16.38799999999992,target,16.38799999999992,,0.9755918965096411,0.9511837930192821,Y1
2025-05-23,long,02:14,09:14,3325.398,3286.765,3328.155,3306.0815000000002,3350.2285,22.073499999999967,target,22.073499999999967,,0.9818787233560605,0.9637574467121208,Y1
2025-05-28,long,03:44,10:44,3315.525,3291.398,3317.248,3303.4615000000003,3331.0344999999998,13.786499999999705,stop,-13.786499999999705,,-1.0290138904000297,-1.0580277808000593,Y1
2025-05-29,long,06:14,13:14,3287.398,3245.198,3288.525,3266.298,3310.7520000000004,22.227000000000317,target,22.227000000000317,,0.9820038691681292,0.9640077383362582,Y1
2025-05-30,short,09:44,16:44,3322.448,3289.898,3289.345,3306.173,3272.517,16.827999999999975,target,16.827999999999975,,0.9762300927026385,0.9524601854052768,Y1
2025-06-02,long,02:14,09:14,3325.548,3301.195,3328.0,3313.3715,3342.6285,14.628499999999804,target,14.628499999999804,,0.9726561164849434,0.9453122329698868,Y1
2025-06-03,short,02:44,09:44,3391.935,3356.038,3355.205,3373.9865,3336.4235,18.78150000000005,target,18.78150000000005,,0.978702446556452,0.9574048931129038,Y1
2025-06-04,long,10:44,17:44,3372.445,3346.195,3382.498,3359.32,3405.676,23.177999999999884,time,-9.150000000000091,,-0.4120286478557313,-0.4292863922685366,Y1
2025-06-05,long,05:29,12:29,3383.975,3360.925,3387.755,3372.45,3403.0600000000004,15.305000000000291,target,15.305000000000291,,0.9738647500816732,0.9477295001633462,Y1
2025-06-06,short,05:29,12:29,3375.348,3355.848,3355.385,3365.598,3345.1720000000005,10.212999999999738,target,10.212999999999738,NFP,0.9608342308822079,0.9216684617644159,Y1
2025-06-09,long,02:29,09:29,3318.448,3293.198,3318.535,3305.823,3331.247,12.711999999999989,target,12.711999999999989,,0.9685336689741976,0.9370673379483951,Y1
2025-06-10,long,02:44,09:44,3327.725,3301.698,3329.095,3314.7115,3343.4784999999997,14.383499999999913,target,14.383499999999913,,0.9721903570062917,0.9443807140125835,Y1
2025-06-11,long,03:59,10:59,3342.895,3315.245,3345.415,3329.0699999999997,3361.76,16.345000000000255,stop,-16.345000000000255,US CPI,-1.024472315692872,-1.0489446313857442,Y1
2025-06-12,short,03:44,10:44,3377.548,3357.385,3342.005,3367.4665,3316.5435,25.461499999999887,stop,-25.461499999999887,US PPI,-1.0157099935196277,-1.0314199870392555,Y1
2025-06-16,short,02:29,09:29,3451.085,3417.555,3415.748,3434.3199999999997,3397.1760000000004,18.57199999999966,target,18.57199999999966,,0.9784622011630408,0.9569244023260814,Y1
2025-06-23,long,07:59,14:59,3380.248,3346.675,3380.555,3363.4615000000003,3397.6484999999993,17.093499999999494,stop,-17.093499999999494,,-1.0234007078714138,-1.0468014157428276,Y1
2025-06-24,short,02:14,09:14,3357.615,3326.375,3324.445,3341.995,3306.8950000000004,17.549999999999727,target,17.549999999999727,,0.9772079772079769,0.9544159544159536,Y1
2025-06-25,short,08:44,15:44,3335.048,3321.255,3319.498,3328.1515,3310.8445,8.653499999999894,stop,-8.653499999999894,,-1.0462240711850703,-1.0924481423701404,Y1
2025-06-26,long,03:29,10:29,3342.985,3328.998,3345.225,3335.9915,3354.4584999999997,9.233499999999822,stop,-9.233499999999822,,-1.0433205176801872,-1.0866410353603744,Y1
2025-06-27,short,02:44,09:44,3323.348,3288.998,3288.048,3306.173,3269.923,18.125,target,18.125,,0.9779310344827588,0.9558620689655172,Y1
2025-06-30,long,02:44,09:44,3291.215,3259.195,3295.155,3275.205,3315.1050000000005,19.950000000000273,stop,-19.950000000000273,,-1.0200501253132828,-1.040100250626566,Y1
2025-07-01,long,03:14,10:14,3332.175,3308.365,3336.095,3320.27,3351.9199999999996,15.824999999999818,target,15.824999999999818,,0.9747235387045811,0.9494470774091621,Y1
2025-07-02,long,08:29,15:29,3344.765,3328.208,3346.395,3336.4865,3356.3035,9.908500000000004,stop,-9.908500000000004,,-1.0403693798254026,-1.080738759650805,Y1
2025-07-03,short,08:44,15:44,3361.948,3341.648,3311.848,3351.798,3271.898,39.94999999999982,time,-16.686999999999898,NFP,-0.42770963704630727,-0.43772215269086306,Y1
2025-07-08,short,04:44,11:44,3339.848,3327.115,3326.298,3333.4815,3319.1144999999997,7.183500000000095,target,7.183500000000095,,0.9443168371963534,0.888633674392707,Y1
2025-07-09,long,10:44,17:44,3307.725,3284.638,3310.455,3296.1814999999997,3324.7285,14.27350000000024,time,5.010000000000218,,0.32297614460364593,0.29495218411743074,Y1
2025-07-10,long,03:14,10:14,3326.085,3314.655,3326.425,3320.37,3332.4800000000005,6.055000000000291,stop,-6.055000000000291,,-1.0660611065235313,-1.132122213047062,Y1
2025-07-11,long,02:29,09:29,3341.508,3322.305,3342.948,3331.9065,3353.9894999999997,11.041499999999814,stop,-11.041499999999814,,-1.0362269619164068,-1.072453923832814,Y1
2025-07-14,long,03:29,10:29,3373.705,3353.435,3374.385,3363.5699999999997,3385.2000000000007,10.81500000000051,stop,-10.81500000000051,,-1.0369856680536276,-1.073971336107255,Y1
2025-07-15,short,09:29,16:29,3364.955,3343.625,3340.715,3354.29,3327.1400000000003,13.574999999999818,target,13.574999999999818,US CPI,0.9705340699815834,0.9410681399631667,Y1
2025-07-16,long,02:14,09:14,3339.695,3324.865,3340.435,3332.2799999999997,3348.59,8.1550000000002,stop,-8.1550000000002,US PPI,-1.0490496627835673,-1.0980993255671343,Y1
2025-07-17,short,02:14,09:14,3349.938,3335.695,3332.885,3342.8165,3322.9535000000005,9.931499999999687,target,9.931499999999687,,0.9597241101545574,0.9194482203091149,Y1
2025-07-18,long,03:29,10:29,3344.048,3333.165,3345.218,3338.6065,3351.8295,6.611499999999978,target,6.611499999999978,,0.9394993571806698,0.8789987143613397,Y1
2025-07-21,long,02:29,09:29,3369.395,3345.245,3369.665,3357.3199999999997,3382.01,12.345000000000255,target,12.345000000000255,,0.9675982179019853,0.9351964358039705,Y1
2025-07-22,short,02:44,09:44,3402.475,3384.498,3384.395,3393.4865,3375.3035,9.091499999999996,stop,-9.091499999999996,,-1.043997140185888,-1.087994280371776,Y1
2025-07-23,short,09:14,16:14,3438.655,3416.165,3415.765,3427.41,3404.12,11.644999999999982,target,11.644999999999982,,0.9656504937741519,0.9313009875483038,Y1
2025-07-24,short,02:29,09:29,3393.165,3374.215,3371.615,3383.69,3359.5399999999995,12.075000000000273,target,12.075000000000273,,0.9668737060041415,0.933747412008283,Y1
2025-07-25,short,03:44,10:44,3373.295,3355.085,3353.395,3364.19,3342.6,10.795000000000073,target,10.795000000000073,,0.9629458082445579,0.9258916164891158,Y1
2025-07-28,short,09:44,16:44,3343.898,3327.465,3321.898,3335.6815,3308.1145,13.783500000000004,target,13.783500000000004,,0.9709797946820473,0.9419595893640947,Y1
2025-07-29,long,02:29,09:29,3320.648,3307.815,3320.905,3314.2315,3327.5785000000005,6.673500000000331,stop,-6.673500000000331,,-1.0599385629729499,-1.1198771259458995,Y1
2025-07-30,short,08:59,15:59,3333.505,3321.655,3313.125,3327.58,3298.67,14.454999999999927,target,14.454999999999927,FOMC,0.9723279142165339,0.9446558284330678,Y1
2025-07-31,long,02:14,09:14,3301.385,3277.498,3302.248,3289.4415,3315.0545,12.806500000000142,time,-11.503000000000156,,-0.9294498887283821,-0.9606840276422146,Y1
2025-08-01,long,07:14,14:14,3300.148,3281.435,3300.548,3290.7915000000003,3310.3044999999993,9.756499999999505,target,9.756499999999505,NFP,0.9590016911802367,0.9180033823604734,Y1
2025-08-04,long,02:59,09:59,3362.125,3344.748,3362.445,3353.4365,3371.4535000000005,9.008500000000367,stop,-9.008500000000367,,-1.0444025087417421,-1.0888050174834842,Y1
2025-08-05,short,02:44,09:44,3382.198,3367.498,3366.255,3374.848,3357.6620000000003,8.592999999999847,stop,-8.592999999999847,,-1.0465495170487615,-1.093099034097523,Y1
2025-08-06,short,03:29,10:29,3385.098,3370.505,3370.065,3377.8015,3362.3285,7.736499999999978,target,7.736499999999978,,0.9482970335422993,0.8965940670845987,Y1
2025-08-07,long,02:44,09:44,3384.005,3364.895,3385.158,3374.45,3395.866,10.708000000000084,target,10.708000000000084,,0.9626447515875983,0.9252895031751966,Y1
2025-08-11,short,02:29,09:29,3396.835,3367.205,3366.279,3382.02,3350.538,15.740999999999985,target,15.740999999999985,,0.9745886538339368,0.9491773076678736,Y1
2025-08-12,short,02:29,09:29,3357.235,3345.905,3344.648,3351.57,3337.726,6.9220000000000255,stop,-6.9220000000000255,US CPI,-1.0577867668303957,-1.1155735336607913,Y1
2025-08-13,long,02:29,09:29,3354.199,3342.439,3354.905,3348.319,3361.4910000000004,6.58600000000024,target,6.58600000000024,,0.9392651078044358,0.8785302156088718,Y1
2025-08-14,short,03:44,10:44,3374.555,3355.265,3352.148,3364.91,3339.3860000000004,12.761999999999716,target,12.761999999999716,US PPI,0.9686569503212655,0.9373139006425311,Y1
2025-08-19,long,06:14,13:14,3341.395,3325.885,3342.655,3333.6400000000003,3351.67,9.014999999999873,stop,-9.014999999999873,,-1.0443704936217422,-1.0887409872434843,Y1
2025-08-20,long,02:14,09:14,3323.695,3311.255,3325.225,3317.4750000000004,3332.9749999999995,7.749999999999545,target,7.749999999999545,,0.9483870967741904,0.8967741935483811,Y1
2025-08-21,short,02:29,09:29,3349.315,3336.875,3334.298,3343.0950000000003,3325.5009999999993,8.79700000000048,target,8.79700000000048,,0.9545299533932047,0.9090599067864095,Y1
2025-08-22,short,02:44,09:44,3340.075,3327.015,3325.935,3333.545,3318.325,7.610000000000127,stop,-7.610000000000127,,-1.0525624178712212,-1.1051248357424426,Y1
2025-08-25,long,10:14,17:14,3370.855,3359.495,3373.665,3365.175,3382.1549999999997,8.489999999999782,stop,-8.489999999999782,,-1.0471142520612498,-1.0942285041224995,Y1
2025-08-28,long,04:59,11:59,3399.175,3384.445,3400.545,3391.8100000000004,3409.2799999999997,8.734999999999673,target,8.734999999999673,,0.9542072123640509,0.908414424728102,Y1
2025-08-29,short,06:14,13:14,3417.645,3406.805,3406.505,3412.225,3400.7850000000003,5.7199999999998,stop,-5.7199999999998,,-1.0699300699300724,-1.1398601398601447,Y1
2025-09-03,long,07:44,14:44,3546.398,3525.848,3548.548,3536.123,3560.9729999999995,12.424999999999727,target,12.424999999999727,,0.9678068410462769,0.9356136820925539,Y1
2025-09-05,long,08:44,15:44,3560.965,3540.395,3583.448,3550.6800000000003,3616.2159999999994,32.767999999999574,time,11.050000000000182,NFP,0.32501220703125977,0.3128051757812596,Y1
2025-09-08,long,02:44,09:44,3596.815,3579.365,3597.425,3588.09,3606.76,9.335000000000036,target,9.335000000000036,,0.9571505088377077,0.9143010176754154,Y1
2025-09-09,long,09:29,16:29,3659.125,3628.035,3660.215,3643.58,3676.8500000000004,16.63500000000022,stop,-16.63500000000022,,-1.024045686804929,-1.048091373609858,Y1
2025-09-10,long,02:14,09:14,3645.055,3619.965,3646.105,3632.51,3659.7,13.5949999999998,time,-4.320000000000164,US PPI,-0.34718646561237465,-0.37660904744393076,Y1
2025-09-11,short,05:14,12:14,3648.895,3623.225,3618.595,3636.06,3601.1299999999997,17.465000000000146,stop,-17.465000000000146,US CPI,-1.022902948754652,-1.045805897509304,Y1
2025-09-15,long,08:59,15:59,3646.715,3626.148,3650.195,3636.4315,3663.9585,13.763500000000022,target,13.763500000000022,,0.9709376248773931,0.9418752497547862,Y1
2025-09-16,long,02:44,09:44,3689.169,3674.455,3689.765,3681.812,3697.718,7.9529999999999745,target,7.9529999999999745,,0.9497045140198666,0.8994090280397331,Y1
2025-09-17,short,02:44,09:44,3695.185,3674.208,3671.215,3684.6965,3657.7335000000003,13.481499999999869,stop,-13.481499999999869,FOMC,-1.0296702889144387,-1.0593405778288771,Y1
2025-09-18,short,02:14,09:14,3671.735,3649.088,3636.915,3660.4115,3613.4184999999998,23.496500000000196,stop,-23.496500000000196,,-1.0170238120571147,-1.0340476241142296,Y1
2025-09-19,long,09:59,16:59,3661.025,3631.938,3662.995,3646.4815,3679.5085,16.513500000000022,target,16.513500000000022,,0.9757773942531869,0.9515547885063735,Y1
2025-09-22,long,02:14,09:14,3700.045,3685.235,3700.455,3692.6400000000003,3708.2699999999995,7.8149999999996,target,7.8149999999996,,0.9488163787587945,0.8976327575175892,Y1
2025-09-23,long,04:29,11:29,3759.035,3736.455,3759.205,3747.745,3770.665,11.460000000000036,target,11.460000000000036,,0.9650959860383945,0.9301919720767889,Y1
2025-09-24,long,03:44,10:44,3776.795,3750.329,3777.338,3763.562,3791.1140000000005,13.776000000000295,stop,-13.776000000000295,,-1.02903600464576,-1.0580720092915203,Y1
2025-09-25,long,03:59,10:59,3751.348,3729.365,3752.095,3740.3565,3763.8334999999997,11.73849999999993,stop,-11.73849999999993,,-1.0340759040763303,-1.0681518081526604,Y1
2025-09-26,long,04:44,11:44,3753.035,3734.275,3753.205,3743.6549999999997,3762.755,9.550000000000182,stop,-9.550000000000182,,-1.0418848167539259,-1.083769633507852,Y1
2025-09-29,long,02:14,09:14,3814.305,3763.665,3816.615,3788.9849999999997,3844.245,27.63000000000011,time,12.0,,0.41983351429605337,0.40535649656170664,Y1
2025-09-30,short,04:29,11:29,3870.165,3827.855,3823.565,3849.01,3798.12,25.445000000000164,target,25.445000000000164,,0.9842798192179212,0.9685596384358421,Y1
2025-10-01,long,03:59,10:59,3875.295,3855.385,3878.995,3865.34,3892.6499999999996,13.654999999999745,target,13.654999999999745,,0.9707067008421818,0.9414134016843636,Y2
2025-10-02,long,02:14,09:14,3870.905,3852.635,3871.595,3861.7700000000004,3881.419999999999,9.824999999999363,stop,-9.824999999999363,,-1.0407124681933868,-1.0814249363867738,Y2
2025-10-03,long,03:44,10:44,3863.455,3837.785,3864.275,3850.62,3877.9300000000003,13.6550000000002,target,13.6550000000002,,0.9707067008421828,0.9414134016843655,Y2
2025-10-06,long,04:14,11:14,3944.955,3897.535,3946.955,3921.245,3972.665,25.710000000000036,time,12.289999999999964,,0.46246596654997846,0.44690781796965956,Y2
2025-10-07,short,02:59,09:59,3977.125,3955.585,3954.785,3966.355,3943.2149999999997,11.570000000000164,target,11.570000000000164,,0.9654278305963704,0.9308556611927408,Y2
2025-10-08,long,04:29,11:29,4036.785,3984.045,4037.865,4010.415,4065.3149999999996,27.449999999999818,time,6.690000000000055,,0.2291438979963605,0.2145719489981819,Y2
2025-10-09,long,06:59,13:59,4043.405,4001.025,4043.975,4022.215,4065.7349999999997,21.759999999999764,stop,-21.759999999999764,,-1.0183823529411766,-1.0367647058823535,Y2
2025-10-10,long,05:14,12:14,3994.175,3946.675,4000.205,3970.425,4029.9849999999997,29.779999999999745,time,10.809999999999945,,0.34956346541303,0.33613163196776463,Y2
2025-10-13,long,06:59,13:59,4077.748,4024.295,4080.785,4051.0215,4110.5485,29.763500000000022,target,29.763500000000022,,0.9865607203453896,0.973121440690779,Y2
2025-10-14,short,02:44,09:44,4179.355,4110.448,4098.348,4144.9015,4051.7945,46.553499999999985,stop,-46.553499999999985,,-1.0085922648136014,-1.017184529627203,Y2
2025-10-15,long,02:44,09:44,4193.318,4153.465,4193.755,4173.3915,4214.1185000000005,20.363500000000386,target,20.363500000000386,,0.9803570113192727,0.9607140226385452,Y2
2025-10-16,long,06:59,13:59,4241.955,4203.175,4242.555,4222.5650000000005,4262.545,19.98999999999978,target,19.98999999999978,,0.9799899949974986,0.959979989994997,Y2
2025-10-17,short,09:59,16:59,4378.905,4278.295,4273.485,4328.6,4218.369999999999,55.11500000000069,target,55.11500000000069,,0.9927424476095438,0.9854848952190876,Y2
2025-10-20,long,07:59,14:59,4270.995,4218.505,4278.905,4244.75,4313.0599999999995,34.154999999999745,target,34.154999999999745,,0.9882886839408578,0.9765773678817156,Y2
2025-10-21,short,03:44,10:44,4372.108,4316.965,4300.475,4344.5365,4256.413500000001,44.061499999999796,target,44.061499999999796,,0.9909217797850731,0.9818435595701462,Y2
2025-10-22,long,02:44,09:44,4146.745,4003.298,4159.095,4075.0215,4243.168500000001,84.07350000000042,stop,-84.07350000000042,,-1.0047577417378841,-1.0095154834757682,Y2
2025-10-23,long,02:14,09:14,4110.215,4065.405,4129.618,4087.8100000000004,4171.426,41.80799999999999,time,-11.493000000000393,,-0.2844670876387389,-0.2940346345197186,Y2
2025-10-24,short,02:14,09:14,4144.145,4102.305,4083.148,4123.225,4043.071,40.077000000000226,stop,-40.077000000000226,US CPI,-1.0099807869850537,-1.0199615739701073,Y2
2025-10-27,short,04:59,11:59,4097.545,4053.505,4043.045,4075.525,4010.565,32.48000000000002,target,32.48000000000002,,0.9876847290640395,0.9753694581280788,Y2
2025-10-28,short,03:29,10:29,4019.405,3938.015,3930.808,3978.71,3882.906,47.902000000000044,time,-29.4670000000001,,-0.6235021502233742,-0.631852532253352,Y2
2025-10-29,long,03:14,10:14,3984.595,3943.605,3994.735,3964.1,4025.3700000000003,30.63500000000022,target,30.63500000000022,FOMC,0.9869430390076711,0.9738860780153421,Y2
2025-10-30,long,05:14,12:14,3982.295,3915.065,4004.865,3948.6800000000003,4061.0499999999993,56.18499999999949,time,18.340000000000146,,0.31930230488565114,0.3121829669840759,Y2
2025-11-03,long,02:29,10:29,4018.335,3962.325,4018.795,3990.33,4047.26,28.465000000000146,time,-8.690000000000055,,-0.319339539785702,-0.33339188477077136,Y2
2025-11-04,long,03:29,11:29,3999.155,3966.395,3999.635,3982.775,4016.4950000000003,16.860000000000127,stop,-16.860000000000127,,-1.0237247924080661,-1.0474495848161325,Y2
2025-11-05,long,03:14,11:14,3978.345,3929.648,3981.905,3953.9965,4009.8135,27.908500000000004,time,2.3599999999996726,,0.07022949997311473,0.05589694895819096,Y2
2025-11-06,long,02:14,10:14,3992.598,3964.355,3998.205,3978.4764999999998,4017.9335,19.728500000000167,target,19.728500000000167,,0.9797247636667767,0.9594495273335533,Y2
2025-11-07,long,03:14,11:14,4008.335,3984.295,4009.495,3996.315,4022.6749999999997,13.179999999999836,stop,-13.179999999999836,,-1.0303490136570566,-1.0606980273141131,Y2
2025-11-10,long,02:14,10:14,4078.315,4010.915,4078.355,4044.615,4112.095,33.74000000000024,target,33.74000000000024,,0.9881446354475402,0.9762892708950802,Y2
2025-11-11,short,10:29,18:29,4148.755,4116.055,4101.305,4132.405000000001,4070.205,31.100000000000364,time,-27.9399999999996,,-0.9112540192925809,-0.924115755626986,Y2
2025-11-12,long,10:14,18:14,4145.255,4098.665,4161.698,4121.96,4201.436000000001,39.738000000000284,target,39.738000000000284,,0.9899340681463588,0.9798681362927175,Y2
2025-11-13,long,02:59,10:59,4219.125,4179.625,4219.965,4199.375,4240.555,20.590000000000146,target,20.590000000000146,,0.9805730937348229,0.9611461874696458,Y2
2025-11-14,short,02:29,10:29,4211.015,4169.395,4163.065,4190.205,4135.924999999999,27.140000000000327,target,27.140000000000327,,0.9852616064848934,0.9705232129697866,Y2
2025-11-18,short,02:29,10:29,4044.935,4004.419,4002.175,4024.6769999999997,3979.6730000000007,22.501999999999498,stop,-22.501999999999498,,-1.0177761976713184,-1.035552395342637,Y2
2025-11-19,long,04:59,12:59,4098.415,4055.248,4113.125,4076.8315000000002,4149.4185,36.29349999999977,stop,-36.29349999999977,,-1.0110212572499209,-1.0220425144998417,Y2
2025-11-21,long,11:59,19:59,4081.015,4028.965,4099.675,4054.99,4144.360000000001,44.6850000000004,stop,-44.6850000000004,,-1.008951549737048,-1.0179030994740963,Y2
2025-11-24,long,07:44,15:44,4075.855,4039.945,4078.755,4057.9,4099.610000000001,20.855000000000018,target,20.855000000000473,,0.9808199472548769,0.9616398945097318,Y2
2025-11-25,short,03:59,11:59,4155.585,4122.265,4115.709,4138.925,4092.4929999999995,23.21600000000035,stop,-23.21600000000035,US PPI,-1.0172294968986901,-1.0344589937973807,Y2
2025-11-26,long,06:44,14:44,4169.255,4132.445,4170.875,4150.85,4190.9,20.024999999999636,stop,-20.024999999999636,,-1.0199750312109865,-1.0399500624219733,Y2
2025-12-02,short,04:29,12:29,4229.475,4197.895,4194.375,4213.685,4175.065,19.3100000000004,stop,-19.3100000000004,,-1.0207146556188498,-1.0414293112376998,Y2
2025-12-03,short,02:29,10:29,4228.765,4203.155,4202.375,4215.96,4188.79,13.585000000000036,stop,-13.585000000000036,,-1.0294442399705557,-1.0588884799411113,Y2
2025-12-09,long,04:14,12:14,4198.568,4169.845,4203.205,4184.2065,4222.2035,18.998499999999694,time,8.720000000000255,,0.4379293102087211,0.41687501644868713,Y2
2025-12-10,short,03:44,11:44,4218.615,4201.525,4199.615,4210.07,4189.16,10.454999999999927,target,10.454999999999927,FOMC,0.9617407938785267,0.9234815877570535,Y2
2025-12-11,long,10:44,18:44,4247.465,4203.905,4254.525,4225.6849999999995,4283.365,28.840000000000146,target,28.840000000000146,,0.9861303744798892,0.9722607489597782,Y2
2025-12-12,long,02:14,10:14,4283.015,4264.148,4285.715,4273.5815,4297.8485,12.133499999999913,target,12.133499999999913,,0.9670334198706059,0.9340668397412119,Y2
2025-12-15,long,04:14,12:14,4347.185,4299.945,4348.755,4323.5650000000005,4373.945,25.1899999999996,stop,-25.1899999999996,,-1.015879317189361,-1.0317586343787222,Y2
2025-12-16,long,09:14,17:14,4317.695,4271.125,4319.088,4294.41,4343.766,24.677999999999884,stop,-24.677999999999884,NFP,-1.0162087689439987,-1.0324175378879976,Y2
2025-12-17,long,10:14,18:14,4342.255,4307.275,4342.755,4324.764999999999,4360.745000000001,17.99000000000069,stop,-17.99000000000069,,-1.0222345747637567,-1.0444691495275136,Y2
2025-12-18,short,04:44,12:44,4342.735,4324.205,4324.175,4333.469999999999,4314.880000000001,9.294999999999163,target,9.294999999999163,US CPI,0.9569661108122608,0.9139322216245215,Y2
2025-12-19,long,10:14,18:14,4335.495,4308.715,4341.505,4322.105,4360.905000000001,19.400000000000546,time,-2.100000000000364,,-0.1288659793814584,-0.14948453608248877,Y2
2025-12-22,long,08:14,16:14,4419.695,4354.885,4425.125,4387.29,4462.96,37.835000000000036,time,13.329999999999927,,0.34174705960089635,0.3311748381128562,Y2
2025-12-23,short,09:44,17:44,4497.345,4457.705,4452.535,4477.525,4427.545,24.98999999999978,stop,-24.98999999999978,,-1.0160064025610245,-1.0320128051220492,Y2
2025-12-29,short,03:44,11:44,4527.545,4470.815,4469.808,4499.18,4440.436,29.3720000000003,target,29.3720000000003,,0.9863815879068503,0.9727631758137004,Y2
2025-12-30,long,05:29,13:29,4379.765,4324.195,4381.965,4351.98,4411.950000000001,29.985000000000582,stop,-29.985000000000582,,-1.0133400033350006,-1.0266800066700013,Y2
2026-01-02,long,02:59,10:59,4381.495,4341.075,4382.525,4361.285,4403.764999999999,21.23999999999978,stop,-21.23999999999978,,-1.0188323917137478,-1.0376647834274957,Y2
2026-01-05,long,03:29,11:29,4426.095,4370.025,4426.298,4398.0599999999995,4454.536,28.238000000000284,stop,-28.238000000000284,,-1.0141653091578722,-1.0283306183157446,Y2
2026-01-06,long,09:44,17:44,4473.915,4427.725,4479.045,4450.82,4507.27,28.225000000000364,time,14.403000000000247,,0.4961204605845905,0.48194862710363406,Y2
2026-01-07,short,08:14,16:14,4495.595,4441.248,4432.848,4468.4215,4397.2744999999995,35.57350000000042,time,-18.957000000000335,,-0.5441410038371288,-0.5553853289667899,Y2
2026-01-08,short,07:14,15:14,4466.075,4415.215,4412.115,4440.645,4383.584999999999,28.530000000000655,stop,-28.530000000000655,,-1.0140203294777423,-1.028040658955485,Y2
2026-01-09,long,08:44,16:44,4477.125,4452.585,4486.548,4464.855,4508.241,21.69300000000021,target,21.69300000000021,NFP,0.9815608721707466,0.963121744341493,Y2
2026-01-12,long,08:14,16:14,4601.048,4536.055,4606.375,4568.5515,4644.1985,37.82350000000042,time,-12.819999999999709,,-0.34951815670150993,-0.3600935926077586,Y2
2026-01-13,long,08:14,16:14,4601.945,4573.325,4602.309,4587.635,4616.983,14.673999999999978,target,14.673999999999978,US CPI,0.9727409022761346,0.9454818045522692,Y2
2026-01-15,long,05:59,13:59,4617.915,4580.815,4619.615,4599.365,4639.865,20.25,stop,-20.25,,-1.019753086419753,-1.0395061728395063,Y2
2026-01-16,short,08:29,16:29,4615.735,4590.975,4586.595,4603.355,4569.835000000001,16.75999999999931,stop,-16.75999999999931,,-1.0238663484486883,-1.0477326968973768,Y2
2026-01-22,long,02:14,10:14,4829.195,4772.185,4833.245,4800.6900000000005,4865.799999999999,32.55499999999938,target,32.55499999999938,,0.9877131009061586,0.9754262018123171,Y2
2026-01-23,short,03:29,11:29,4967.235,4935.995,4913.215,4951.615,4874.8150000000005,38.399999999999636,stop,-38.399999999999636,,-1.0104166666666667,-1.0208333333333335,Y2
2026-01-27,long,04:59,12:59,5093.825,5013.595,5098.595,5053.71,5143.4800000000005,44.88500000000022,stop,-44.88500000000022,,-1.0089116631391333,-1.0178233262782665,Y2
2026-01-28,long,02:14,10:14,5271.195,5157.115,5273.635,5214.155,5333.115000000001,59.48000000000047,target,59.48000000000047,FOMC,0.9932750504371218,0.9865501008742436,Y2
2026-01-29,short,10:14,18:14,5595.275,5444.348,5383.415,5519.8115,5247.0185,136.39649999999983,target,136.39649999999983,,0.9970673734296701,0.9941347468593401,Y2
2026-01-30,short,03:44,11:44,5450.745,5111.398,5095.715,5281.0715,4910.3585,185.35649999999987,target,185.35649999999987,US PPI,0.9978419963691588,0.9956839927383178,Y2
2026-02-03,long,02:29,10:29,4893.535,4744.808,4899.895,4819.1715,4980.6185000000005,80.72350000000006,target,80.72350000000006,,0.995044813468197,0.990089626936394,Y2
2026-02-04,short,10:44,18:44,5090.145,4945.725,4943.785,5017.935,4869.634999999999,74.15000000000055,target,74.15000000000055,,0.9946055293324342,0.9892110586648686,Y2
2026-02-06,long,08:14,16:14,4902.975,4654.355,4909.405,4778.665,5040.1449999999995,130.73999999999978,time,43.69300000000021,,0.3311381367599838,0.32807862934067833,Y2
2026-02-09,long,10:44,18:44,5045.615,4967.835,5055.645,5006.725,5104.5650000000005,48.92000000000007,time,23.73999999999978,,0.4771054783319654,0.4689288634505263,Y2
2026-02-10,long,09:29,17:29,5055.935,5008.155,5070.025,5032.045,5108.004999999999,37.97999999999956,stop,-37.97999999999956,,-1.0105318588730912,-1.0210637177461823,Y2
2026-02-11,long,04:44,12:44,5064.295,5027.755,5064.305,5046.025,5082.585000000001,18.280000000000655,target,18.280000000000655,NFP,0.9781181619256026,0.956236323851205,Y2
2026-02-12,short,09:59,17:59,5077.995,5044.368,5044.055,5061.181500000001,5026.9285,17.126500000000306,stop,-17.126500000000306,,-1.0233556184859716,-1.0467112369719433,Y2
2026-02-13,long,09:14,17:14,4996.955,4913.505,4998.395,4955.23,5041.560000000001,43.16500000000087,target,43.16500000000087,US CPI,0.9907332329433571,0.9814664658867143,Y2
2026-02-18,long,07:59,15:59,4939.845,4857.848,4942.735,4898.8465,4986.6235,43.88850000000002,target,43.88850000000002,,0.9908859951923625,0.981771990384725,Y2
2026-02-20,long,04:14,12:14,5029.675,4981.315,5038.965,5005.495,5072.435,33.470000000000255,stop,-33.470000000000255,,-1.0119510008963248,-1.02390200179265,Y2
2026-02-23,short,03:29,11:29,5176.385,5129.035,5124.885,5152.71,5097.06,27.824999999999818,stop,-27.824999999999818,,-1.014375561545373,-1.028751123090746,Y2
2026-02-24,short,08:59,16:59,5237.825,5144.698,5114.635,5191.2615000000005,5038.0085,76.6265000000003,time,-49.01999999999953,,-0.6449465915838428,-0.6501667177803936,Y2
2026-02-25,long,11:59,19:59,5210.335,5136.535,5212.005,5173.4349999999995,5250.575000000001,38.57000000000062,stop,-38.57000000000062,,-1.0103707544723877,-1.0207415089447753,Y2
2026-02-26,short,10:29,18:29,5205.215,5154.835,5141.375,5180.025,5102.725,38.649999999999636,stop,-38.649999999999636,,-1.0103492884864167,-1.0206985769728332,Y2
2026-02-27,long,08:14,16:14,5200.075,5166.535,5212.618,5183.305,5241.9310000000005,29.313000000000102,target,29.313000000000102,US PPI,0.9863541773274658,0.9727083546549313,Y2
2026-03-02,long,02:14,10:14,5389.505,5302.695,5405.745,5346.1,5465.389999999999,59.64499999999953,stop,-59.64499999999953,,-1.0067063458797887,-1.0134126917595776,Y2
2026-03-03,short,04:29,12:29,5379.755,5278.598,5241.765,5329.1765,5154.353500000001,87.41149999999925,target,87.41149999999925,,0.9954239430738517,0.9908478861477036,Y2
2026-03-04,long,05:14,13:14,5190.675,5105.348,5197.658,5148.0115000000005,5247.3045,49.64649999999983,stop,-49.64649999999983,,-1.0080569627264762,-1.0161139254529523,Y2
2026-03-05,short,08:59,16:59,5194.615,5119.995,5117.755,5157.305,5078.205,39.55000000000018,target,39.55000000000018,,0.9898862199747156,0.9797724399494313,Y2
2026-03-06,long,10:14,18:14,5143.665,5066.215,5148.845,5104.9400000000005,5192.75,43.904999999999745,time,4.349999999999454,NFP,0.0899669741487183,0.08085639448808735,Y2
2026-03-10,long,04:44,11:44,5186.578,5124.465,5189.575,5155.521500000001,5223.628499999999,34.053499999999076,target,34.053499999999076,,0.9882537771447866,0.9765075542895733,Y2
2026-03-11,short,04:29,11:29,5223.015,5186.495,5184.705,5204.755,5164.655,20.050000000000182,target,20.050000000000182,US CPI,0.9800498753117209,0.9600997506234418,Y2
2026-03-12,long,03:44,10:44,5174.945,5125.185,5178.675,5150.0650000000005,5207.285,28.609999999999673,stop,-28.609999999999673,,-1.0139811254806013,-1.0279622509612028,Y2
2026-03-13,short,03:29,10:29,5128.225,5085.455,5084.645,5106.84,5062.450000000001,22.19499999999971,target,22.19499999999971,,0.9819779229556205,0.9639558459112407,Y2
2026-03-16,short,05:44,12:44,5035.885,4982.165,4981.295,5009.025,4953.5650000000005,27.729999999999563,stop,-27.729999999999563,,-1.01442481067436,-1.0288496213487204,Y2
2026-03-17,short,11:44,18:44,5044.355,4994.605,4984.225,5019.48,4948.970000000001,35.2549999999992,time,-15.829999999999927,,-0.4603602325911302,-0.4717061409729203,Y2
2026-03-18,short,06:44,13:44,5016.065,4981.425,4977.795,4998.745,4956.845,20.949999999999818,target,20.949999999999818,FOMC,0.9809069212410501,0.9618138424820999,Y2
2026-03-19,short,03:44,10:44,4866.995,4747.505,4739.375,4807.25,4671.5,67.875,target,67.875,,0.9941068139963167,0.9882136279926336,Y2
2026-03-20,short,09:59,16:59,4735.835,4639.215,4616.085,4687.525,4544.645,71.4399999999996,target,71.4399999999996,,0.9944008958566628,0.9888017917133258,Y2
2026-03-23,short,03:14,10:14,4472.975,4162.445,4129.598,4317.71,3941.486,188.11200000000008,stop,-188.11200000000008,,-1.0021263927872757,-1.0042527855745513,Y2
2026-03-27,long,10:59,17:59,4474.915,4375.235,4509.495,4425.075,4593.915,84.42000000000007,time,4.619999999999891,,0.049988154465765065,0.0452499407723275,Y2
2026-03-30,long,02:14,09:14,4528.215,4417.665,4530.205,4472.9400000000005,4587.469999999999,57.26499999999942,time,-17.109999999999673,,-0.30577141360342003,-0.31275648301754744,Y2
2026-03-31,long,11:14,18:14,4619.195,4482.115,4622.825,4550.655,4694.995,72.17000000000007,time,59.64000000000033,,0.820839684079261,0.8152972149092458,Y2
2026-04-01,long,02:59,09:59,4724.005,4666.605,4730.115,4695.305,4764.924999999999,34.80999999999949,target,34.80999999999949,,0.9885090491238149,0.9770180982476298,Y2
2026-04-02,short,02:14,09:14,4800.185,4585.405,4580.495,4692.795,4468.195,112.30000000000018,stop,-112.30000000000018,,-1.0035618878005343,-1.0071237756010685,Y2
2026-04-06,long,03:59,10:59,4678.445,4600.385,4684.485,4639.415,4729.554999999999,45.06999999999971,time,-29.386999999999716,,-0.6609052584867963,-0.6697803416907014,Y2
2026-04-07,long,04:29,11:29,4664.265,4616.025,4677.968,4640.145,4715.790999999999,37.82299999999941,stop,-37.82299999999941,,-1.0105755757079027,-1.0211511514158054,Y2
2026-04-08,short,05:44,12:44,4856.998,4787.965,4782.185,4822.4815,4741.888500000001,40.29649999999947,target,40.29649999999947,,0.9900735795912795,0.9801471591825591,Y2
2026-04-09,long,06:29,13:29,4732.595,4698.085,4737.885,4715.34,4760.43,22.545000000000073,target,22.545000000000073,,0.9822577068086051,0.9645154136172102,Y2
2026-04-10,long,10:14,17:14,4777.035,4737.715,4779.965,4757.375,4802.555,22.590000000000146,stop,-22.590000000000146,US CPI,-1.0177069499778661,-1.0354138999557325,Y2
2026-04-13,long,02:29,09:29,4730.605,4644.015,4731.375,4687.3099999999995,4775.4400000000005,44.06500000000051,time,9.592999999999847,,0.20862362419152936,0.199546125042545,Y2
2026-04-14,long,02:59,09:59,4777.075,4751.285,4782.005,4764.18,4799.83,17.824999999999818,stop,-17.824999999999818,US PPI,-1.0224403927068726,-1.0448807854137452,Y2
2026-04-15,short,02:59,09:59,4871.165,4812.445,4811.345,4841.805,4780.885,30.460000000000036,time,15.740000000000691,,0.5036112934996938,0.49047931713725124,Y2
2026-04-16,short,06:14,13:14,4838.335,4806.948,4806.765,4822.6415,4790.888500000001,15.876499999999396,stop,-15.876499999999396,,-1.0251944698138766,-1.0503889396277537,Y2
2026-04-17,long,08:29,15:29,4805.935,4768.0,4816.688,4786.967500000001,4846.4085,29.720499999999447,target,29.720499999999447,,0.9865412762234819,0.9730825524469637,Y2
2026-04-20,long,09:14,16:14,4814.035,4736.635,4815.315,4775.335,4855.294999999999,39.97999999999956,time,-1.1799999999993815,,-0.03951975987992493,-0.04952476238117567,Y2
2026-04-21,short,02:29,09:29,4831.338,4782.785,4778.555,4807.0615,4750.048500000001,28.506499999999505,target,28.506499999999505,,0.9859681125357372,0.9719362250714744,Y2
2026-04-23,short,06:14,13:14,4753.585,4692.078,4688.925,4722.8315,4655.0185,33.90650000000005,stop,-33.90650000000005,,-1.0117971480394614,-1.0235942960789228,Y2
2026-04-24,long,07:29,14:29,4710.935,4657.485,4715.205,4684.21,4746.2,30.99499999999989,time,1.0600000000004002,,0.02129375705760292,0.00838844974997261,Y2
2026-04-27,short,11:59,18:59,4729.875,4672.025,4669.805,4700.95,4638.660000000001,31.144999999999527,time,-10.889999999999418,,-0.3624979932573315,-0.37534114625139176,Y2
2026-04-28,short,04:14,11:14,4701.015,4623.618,4620.095,4662.316500000001,4577.8735,42.22150000000056,target,42.22150000000056,,0.9905261537368404,0.9810523074736808,Y2
2026-04-29,short,03:29,10:29,4610.195,4575.825,4575.055,4593.01,4557.1,17.954999999999927,target,17.954999999999927,FOMC,0.9777220829852409,0.9554441659704815,Y2
2026-04-30,long,02:59,09:59,4582.178,4540.545,4589.345,4561.3615,4617.3285000000005,27.983500000000276,target,27.983500000000276,,0.9857058623831902,0.9714117247663805,Y2
2026-05-01,short,02:14,09:14,4635.695,4602.675,4601.275,4619.1849999999995,4583.365,17.909999999999854,target,17.909999999999854,,0.9776661083193745,0.9553322166387489,Y2
2026-05-04,short,02:44,09:44,4620.458,4590.795,4585.235,4605.6265,4564.843499999999,20.391500000000633,target,20.391500000000633,,0.9803839835225469,0.9607679670450935,Y2
2026-05-05,long,03:14,10:14,4551.355,4513.265,4553.885,4532.3099999999995,4575.460000000001,21.575000000000728,target,21.575000000000728,,0.9814600231749717,0.9629200463499433,Y2
2026-05-06,long,02:29,09:29,4663.605,4568.908,4665.925,4616.2564999999995,4715.593500000001,49.66850000000068,target,49.66850000000068,,0.9919466059977653,0.9838932119955306,Y2
2026-05-07,long,02:44,09:44,4721.225,4684.965,4745.685,4703.095,4788.275000000001,42.590000000000146,stop,-42.590000000000146,,-1.0093918760272365,-1.0187837520544727,Y2
2026-05-08,long,02:29,09:29,4732.615,4683.978,4733.385,4708.2965,4758.4735,25.08849999999984,stop,-25.08849999999984,NFP,-1.015943559798314,-1.0318871195966282,Y2
2026-05-11,long,09:14,16:14,4705.245,4647.825,4720.805,4676.535,4765.075000000001,44.27000000000044,time,12.509999999999309,,0.27354867856334286,0.2645132143663698,Y2
2026-05-12,short,02:14,09:14,4773.335,4708.475,4705.025,4740.905000000001,4669.144999999999,35.88000000000102,target,35.88000000000102,US CPI,0.9888517279821631,0.9777034559643263,Y2
2026-05-13,short,08:29,15:29,4726.618,4687.198,4684.058,4706.908,4661.208,22.850000000000364,stop,-22.850000000000364,US PPI,-1.0175054704595183,-1.0350109409190367,Y2
2026-05-15,short,04:29,11:29,4665.145,4558.425,4558.175,4611.785,4504.5650000000005,53.60999999999967,time,12.590000000000146,,0.22738295094199254,0.21992165640739073,Y2
2026-05-18,long,07:44,14:44,4551.705,4480.065,4561.865,4515.885,4607.844999999999,45.97999999999956,time,-3.5599999999994907,,-0.08612440191386533,-0.09482383645062052,Y2
2026-05-19,short,06:44,13:44,4589.295,4530.745,4529.085,4560.02,4498.15,30.9350000000004,target,30.9350000000004,,0.9870696621949251,0.97413932438985,Y2
2026-05-20,long,10:44,17:44,4508.745,4453.145,4520.345,4480.945,4559.745000000001,39.400000000000546,time,25.1899999999996,,0.6291878172588644,0.6190355329949051,Y2
2026-05-21,short,03:29,10:29,4570.725,4518.185,4512.605,4544.455,4480.754999999999,31.850000000000364,stop,-31.850000000000364,,-1.0125588697017267,-1.0251177394034534,Y2
2026-05-22,short,10:14,17:14,4544.595,4506.978,4497.485,4525.7865,4469.183499999999,28.301500000000487,stop,-28.301500000000487,,-1.0141335264915283,-1.0282670529830569,Y2
2026-05-27,short,02:29,09:29,4527.555,4491.355,4486.065,4509.455,4462.674999999999,23.390000000000327,target,23.390000000000327,,0.9828986746472854,0.9657973492945707,Y2
2026-05-28,long,10:14,17:14,4458.355,4366.048,4463.738,4412.201499999999,4515.274500000001,51.53650000000107,target,51.53650000000107,,0.9922385105701786,0.9844770211403572,Y2
2026-05-29,long,02:59,09:59,4520.445,4488.685,4523.515,4504.5650000000005,4542.465,18.949999999999818,target,18.949999999999818,,0.9788918205804749,0.9577836411609494,Y2
2026-06-01,short,02:44,09:44,4545.695,4508.395,4504.385,4527.045,4481.725,22.659999999999854,target,22.659999999999854,,0.9823477493380406,0.964695498676081,Y2
2026-06-02,long,02:29,09:29,4527.975,4462.658,4532.815,4495.316500000001,4570.313499999998,37.498499999998785,stop,-37.498499999998785,,-1.010667093350401,-1.021334186700802,Y2
2026-06-03,short,03:29,10:29,4496.515,4456.298,4456.005,4476.4065,4435.6035,20.401499999999942,target,20.401499999999942,,0.9803935985099135,0.9607871970198268,Y2
2026-06-04,long,07:29,14:29,4483.845,4442.945,4489.445,4463.395,4515.494999999999,26.049999999999272,stop,-26.049999999999272,,-1.0153550863723613,-1.0307101727447225,Y2
2026-06-05,short,08:59,15:59,4473.915,4434.975,4406.075,4454.445,4357.705,48.36999999999989,target,48.36999999999989,NFP,0.9917304114120322,0.9834608228240646,Y2
2026-06-09,short,10:44,17:44,4351.075,4312.595,4284.708,4331.835,4237.580999999999,47.12700000000041,target,47.12700000000041,,0.9915122965603583,0.9830245931207165,Y2
2026-06-10,short,04:14,11:14,4246.858,4172.135,4166.405,4209.4965,4123.313499999999,43.09150000000045,target,43.09150000000045,US CPI,0.9907174268707287,0.9814348537414574,Y2
2026-06-15,long,04:44,11:44,4335.425,4280.885,4340.745,4308.155000000001,4373.334999999999,32.589999999999236,time,-20.220000000000255,,-0.632709420067528,-0.6449831236575866,Y2
2026-06-16,long,03:59,10:59,4332.845,4306.665,4334.945,4319.755,4350.134999999999,15.1899999999996,target,15.1899999999996,,0.9736668861092818,0.9473337722185634,Y2
2026-06-17,long,10:29,17:29,4349.415,4317.415,4360.078,4333.415,4386.741000000001,26.663000000000466,stop,-26.663000000000466,FOMC,-1.0150020627836325,-1.030004125567265,Y2
2026-06-18,short,06:59,13:59,4329.865,4263.648,4255.325,4296.7564999999995,4213.8935,41.43149999999969,target,41.43149999999969,,0.9903455100587717,0.9806910201175434,Y2
2026-06-23,short,02:44,09:44,4198.435,4114.495,4113.285,4156.465,4070.1049999999996,43.18000000000029,time,1.8499999999994543,,0.03358036127835675,0.02431681333949623,Y2
2026-06-24,short,07:14,14:14,4111.965,4050.185,4045.625,4081.075,4010.175,35.44999999999982,target,35.44999999999982,,0.9887165021156559,0.9774330042313116,Y2
2026-06-25,long,09:14,16:14,4018.385,3961.755,4030.775,3990.07,4071.48,40.70499999999993,time,-4.25,,-0.11423658027269398,-0.12406338287679668,Y2
2026-06-26,long,02:59,09:59,4030.175,3982.635,4031.855,4006.405,4057.305,25.449999999999818,target,25.449999999999818,,0.9842829076620825,0.9685658153241647,Y2
2026-06-29,short,05:59,12:59,4075.515,4039.015,4031.465,4057.265,4005.6650000000004,25.799999999999727,target,25.799999999999727,,0.9844961240310076,0.9689922480620151,Y2
2026-06-30,long,02:44,09:44,4022.128,3941.528,4024.535,3981.828,4067.2419999999997,42.70699999999988,time,-8.929999999999836,,-0.2184653569672387,-0.2278315030322866,Y2
