tday,year,A,o,p180,p480,p510,p540,p570,p600,p660,p720,p780,p900,p960,prev_ret,pdh_taken,pdl_taken,close_above_pdh,close_below_pdl,asia_h_taken,asia_l_taken,first,back_mid,opp_side,close_beyond,break_hour
2024-10-16,Y1,29.342499999999973,2662.098,2677.155,2678.345,2680.415,2681.585,2680.645,2674.958,2672.055,2669.878,2674.095,2674.898,2674.698,15.4399999999996,True,False,True,False,True,False,1,False,False,True,2.0
2024-10-17,Y1,29.105909090909048,2673.015,2681.045,2681.165,2679.265,2680.535,2682.794,2688.725,2695.525,2693.145,2692.115,2689.415,2691.975,11.336999999999989,True,False,True,False,True,True,1,True,True,True,2.0
2024-10-18,Y1,28.65466666666661,2691.998,2707.315,2709.705,2714.035,2709.414,2706.515,2713.535,2717.264,2714.705,2717.508,2720.195,2719.548,19.66000000000031,True,False,True,False,True,False,1,False,False,True,8.0
2024-10-21,Y1,28.815076923076887,2720.098,2730.185,2734.335,2738.445,2738.485,2736.125,2738.908,2725.155,2720.018,2723.405,2716.155,2719.764,29.10699999999997,True,False,False,False,True,True,1,True,True,False,4.0
2024-10-22,Y1,28.632071428571408,2720.054,2734.925,2731.905,2736.005,2736.105,2739.175,2735.665,2741.755,2737.435,2745.225,2744.498,2748.245,-0.9740000000001601,True,False,True,False,True,False,1,False,False,True,2.0
2024-10-23,Y1,29.184714285714303,2748.155,2750.395,2749.785,2743.615,2743.225,2739.285,2737.245,2717.635,2721.635,2719.225,2713.955,2716.095,28.471000000000004,True,True,False,True,True,True,1,True,True,False,2.0
2024-10-24,Y1,30.840642857142875,2715.044,2735.025,2738.455,2738.908,2738.948,2742.505,2733.485,2732.304,2730.965,2733.538,2735.488,2736.898,-33.141000000000076,False,False,False,False,True,False,1,True,False,True,2.0
2024-10-25,Y1,30.155928571428603,2735.318,2732.095,2724.065,2725.735,2731.415,2728.295,2727.505,2738.375,2736.965,2739.095,2742.028,2742.428,20.83100000000013,True,False,True,False,True,True,-1,True,True,False,4.0
2024-10-28,Y1,30.79685714285717,2735.698,2740.435,2732.135,2733.098,2734.175,2739.085,2740.785,2744.125,2740.658,2742.555,2741.838,2742.388,11.306999999999789,False,False,False,False,True,False,1,False,False,False,10.0
2024-10-29,Y1,28.863499999999995,2741.678,2755.705,2751.738,2751.494,2748.654,2755.025,2760.438,2769.428,2764.165,2769.275,2772.865,2772.098,6.356999999999971,True,False,True,False,True,False,1,False,False,True,9.0
2024-10-30,Y1,30.00564285714287,2773.898,2787.015,2778.455,2777.795,2782.395,2779.515,2777.074,2780.215,2784.565,2785.318,2787.698,2787.195,32.7470000000003,True,False,True,False,False,True,-1,True,True,False,8.0
2024-10-31,Y1,29.250571428571448,2788.014,2779.715,2779.365,2776.938,2773.555,2767.155,2755.325,2734.585,2740.505,2740.585,2746.765,2746.348,13.306999999999789,True,True,False,True,False,True,-1,False,False,True,3.0
2024-11-01,Y1,31.059642857142894,2743.945,2751.855,2752.815,2749.208,2753.635,2753.565,2755.778,2747.215,2744.625,2743.005,2736.115,2734.035,-44.24900000000025,False,False,False,False,True,True,-1,True,True,True,6.0
2024-11-04,Y1,31.438642857142895,2733.298,2735.685,2743.265,2740.515,2746.625,2742.675,2743.055,2738.385,2734.095,2738.275,2738.154,2737.288,-8.050000000000182,False,True,False,False,True,True,1,True,True,False,2.0
2024-11-05,Y1,30.52185714285718,2735.698,2736.335,2737.785,2741.748,2744.605,2747.648,2746.205,2741.925,2738.895,2741.905,2740.345,2742.885,2.9270000000001346,True,True,False,False,True,False,1,False,False,True,2.0
2024-11-06,Y1,30.41042857142861,2742.898,2725.505,2694.995,2676.225,2664.045,2659.405,2659.765,2675.675,2666.075,2663.205,2666.934,2660.615,7.996000000000095,False,True,False,True,False,True,-1,False,False,True,6.0
2024-11-07,Y1,35.66892857142862,2658.695,2663.204,2673.515,2681.215,2684.475,2689.965,2691.655,2698.695,2695.645,2699.235,2694.195,2704.284,-84.00300000000016,False,True,False,False,True,False,1,False,False,True,2.0
2024-11-08,Y1,38.26678571428575,2705.788,2687.315,2691.775,2695.015,2697.445,2696.565,2691.235,2687.355,2683.155,2687.778,2686.884,2684.955,47.29999999999973,False,False,False,False,False,True,-1,True,False,True,2.0
2024-11-11,Y1,38.535857142857175,2683.898,2669.465,2657.125,2651.225,2635.375,2627.985,2622.328,2614.395,2615.015,2612.415,2619.165,2621.955,-21.753000000000156,False,True,False,True,False,True,-1,False,False,True,4.0
2024-11-12,Y1,41.78821428571431,2618.618,2598.125,2605.145,2614.305,2611.535,2613.165,2610.198,2598.385,2600.645,2597.345,2598.025,2599.588,-64.52300000000014,False,True,False,True,False,True,-1,True,False,True,2.0
2024-11-13,Y1,40.917071428571454,2597.628,2606.108,2609.525,2608.415,2612.235,2613.105,2601.925,2605.325,2585.735,2583.185,2580.795,2573.665,-20.722999999999956,False,True,False,True,True,True,1,True,True,False,8.0
2024-11-14,Y1,42.20935714285718,2572.245,2556.804,2552.075,2555.028,2556.945,2563.024,2559.505,2570.155,2573.885,2572.888,2575.915,2567.115,-25.432999999999993,False,True,False,True,True,True,-1,True,True,False,2.0
2024-11-15,Y1,43.19392857142858,2563.898,2563.625,2568.978,2569.574,2565.114,2573.015,2572.655,2570.685,2562.035,2562.905,2563.725,2562.095,-8.099999999999909,False,False,False,False,True,False,1,True,False,False,6.0
2024-11-18,Y1,43.21750000000001,2564.258,2582.625,2594.965,2598.948,2603.815,2604.285,2608.005,2612.885,2611.435,2610.278,2609.695,2610.198,-1.1829999999999927,True,False,True,False,True,False,1,False,False,True,4.0
2024-11-19,Y1,44.361071428571414,2611.498,2618.915,2639.135,2629.965,2635.125,2628.175,2623.285,2624.405,2626.275,2627.985,2630.595,2633.598,47.34700000000021,True,False,True,False,True,False,1,False,False,True,3.0
2024-11-20,Y1,45.07464285714283,2631.975,2621.425,2631.645,2637.405,2635.924,2639.065,2643.015,2648.684,2650.505,2651.745,2650.725,2648.855,20.60699999999997,True,False,True,False,True,True,-1,True,True,False,2.0
2024-11-21,Y1,43.50178571428569,2649.515,2662.985,2663.145,2664.845,2665.345,2667.255,2664.654,2667.544,2664.555,2671.675,2669.555,2671.375,18.170000000000073,True,False,True,False,True,False,1,False,False,True,2.0
2024-11-22,Y1,43.19228571428572,2668.698,2696.375,2702.835,2691.495,2692.764,2687.515,2694.474,2703.545,2705.015,2706.725,2708.075,2705.695,20.019999999999982,True,False,True,False,True,False,1,False,False,True,2.0
2024-11-25,Y1,45.35192857142858,2713.375,2667.705,2680.805,2685.355,2678.175,2645.255,2641.195,2628.205,2631.905,2627.705,2625.634,2625.995,47.10699999999997,True,True,False,True,False,True,-1,False,False,True,9.0
2024-11-26,Y1,51.10550000000002,2624.218,2613.905,2630.865,2632.765,2629.625,2628.975,2622.218,2629.485,2628.485,2624.784,2628.004,2631.525,-88.73000000000002,False,True,False,False,True,False,1,True,False,True,5.0
2024-11-27,Y1,46.775428571428584,2631.858,2646.435,2651.135,2648.278,2656.155,2651.564,2651.008,2642.504,2638.794,2637.104,2634.615,2636.895,8.567000000000007,True,False,False,False,True,False,1,True,False,False,2.0
2024-12-03,Y1,42.24891666666664,2638.698,2644.525,2639.745,2646.225,2652.758,2652.925,2646.368,2640.305,2648.245,2646.905,2640.875,2642.015,-14.519999999999982,True,False,False,False,True,False,1,True,False,False,8.0
2024-12-04,Y1,40.17058333333326,2642.618,2641.335,2636.885,2645.075,2648.345,2652.425,2649.068,2654.865,2649.565,2651.265,2651.525,2649.935,4.527000000000044,True,True,False,False,True,True,-1,True,True,False,3.0
2024-12-05,Y1,38.516333333333286,2649.118,2648.595,2653.185,2647.025,2648.825,2645.465,2640.285,2640.125,2635.105,2627.915,2629.725,2631.175,6.70699999999988,False,True,False,True,False,True,-1,True,False,True,3.0
2024-12-06,Y1,39.39024999999996,2631.498,2639.615,2638.405,2634.618,2635.605,2629.655,2635.405,2637.475,2640.355,2634.765,2634.715,2631.758,-17.452999999999975,False,True,False,False,True,False,1,True,False,False,3.0
2024-12-09,Y1,37.87608333333329,2646.52,2650.465,2656.095,2656.335,2665.415,2668.075,2674.025,2668.165,2667.535,2664.425,2660.075,2657.745,1.1660000000001673,True,False,True,False,True,False,1,False,False,True,2.0
2024-12-10,Y1,39.51608333333331,2660.498,2664.465,2677.675,2674.564,2680.265,2684.945,2688.524,2687.184,2692.215,2694.194,2691.798,2691.655,12.833999999999833,True,False,True,False,True,False,1,False,False,True,5.0
2024-12-11,Y1,39.59966666666666,2693.698,2689.534,2695.554,2693.455,2700.955,2700.398,2706.144,2713.034,2715.114,2717.895,2717.935,2717.065,33.016000000000076,True,False,True,False,True,False,1,False,False,True,9.0
2024-12-12,Y1,41.43633333333332,2717.135,2715.914,2706.465,2707.318,2697.328,2685.205,2686.294,2679.535,2683.355,2686.074,2682.764,2679.595,23.697000000000116,True,False,False,False,False,True,-1,False,False,True,8.0
2024-12-13,Y1,41.63383333333335,2679.778,2682.945,2672.335,2665.454,2661.784,2661.644,2660.004,2659.674,2661.898,2656.095,2652.765,2647.745,-36.54000000000042,False,True,False,True,False,True,-1,False,False,True,3.0
2024-12-16,Y1,36.71049999999999,2649.098,2653.635,2659.844,2661.204,2661.705,2657.994,2654.645,2654.255,2651.915,2651.874,2653.125,2652.585,-32.392999999999574,False,True,False,False,True,False,1,True,False,False,2.0
2024-12-17,Y1,35.392583333333356,2651.898,2653.565,2642.675,2641.828,2636.845,2640.898,2636.498,2639.995,2638.714,2645.764,2645.248,2643.364,3.4969999999998436,False,True,False,False,False,True,-1,False,False,True,3.0
2024-12-18,Y1,34.93483333333336,2645.355,2644.495,2643.785,2645.635,2643.785,2638.495,2637.865,2638.085,2634.615,2635.898,2604.465,2592.355,-6.32300000000032,False,True,False,True,False,True,-1,True,False,True,3.0
2024-12-19,Y1,37.480384615384644,2583.745,2616.355,2606.098,2602.294,2596.175,2596.265,2591.995,2588.244,2591.675,2592.615,2596.635,2596.705,-60.78099999999995,False,True,False,False,True,True,1,True,True,False,2.0
2024-12-20,Y1,37.950428571428574,2593.498,2606.155,2603.365,2600.515,2609.425,2614.945,2616.145,2630.185,2624.968,2625.405,2627.745,2622.575,9.840000000000146,True,False,False,False,True,False,1,False,False,True,2.0
2024-12-23,Y1,38.74385714285716,2623.698,2630.055,2614.884,2615.315,2617.134,2617.815,2615.175,2609.625,2615.648,2611.085,2610.824,2610.755,28.936999999999898,True,False,False,False,True,True,1,True,True,False,2.0
2024-12-27,Y1,39.53192307692314,2632.448,2633.384,2625.998,2620.425,2618.625,2614.664,2615.475,2617.944,2617.825,2615.494,2620.604,2615.315,13.5,False,True,False,False,True,True,1,True,True,False,2.0
2024-12-30,Y1,39.060384615384706,2620.154,2616.535,2621.335,2621.605,2606.518,2612.245,2611.144,2601.335,2599.645,2605.025,2607.085,2607.585,-11.099999999999909,False,True,False,True,False,True,-1,False,False,True,2.0
2024-12-31,Y1,37.77423076923084,2605.455,2613.615,2610.905,2613.675,2613.098,2611.898,2613.675,2625.614,2625.164,2624.135,2623.605,2623.064,-14.44900000000007,False,False,False,False,True,False,1,True,False,True,2.0
2025-01-02,Y1,36.79853846153852,2625.098,2635.704,2643.155,2640.445,2642.754,2646.165,2647.304,2653.904,2659.144,2656.375,2654.564,2659.598,18.700000000000273,True,False,True,False,True,False,1,False,False,True,3.0
2025-01-03,Y1,36.20161538461543,2657.248,2654.045,2655.095,2649.355,2649.685,2649.085,2646.184,2643.635,2639.805,2641.674,2639.248,2638.115,32.09700000000021,True,False,False,False,False,True,-1,False,False,True,2.0
2025-01-06,Y1,34.504692307692316,2639.298,2626.705,2645.065,2642.205,2624.048,2625.535,2631.304,2634.275,2640.665,2636.625,2634.165,2634.485,-17.34999999999991,False,True,False,True,True,True,-1,True,True,False,2.0
2025-01-07,Y1,33.603923076923124,2635.618,2640.348,2651.375,2660.234,2662.298,2660.198,2658.395,2647.545,2651.594,2652.345,2649.054,2650.198,-3.3029999999998836,True,False,False,False,True,False,1,False,False,True,6.0
2025-01-08,Y1,34.40769230769232,2647.965,2652.448,2651.748,2654.684,2660.025,2662.365,2661.084,2665.698,2669.498,2655.424,2658.145,2663.348,12.567000000000007,True,False,False,False,True,False,1,True,False,True,2.0
2025-01-09,Y1,34.33684615384618,2660.865,2662.164,2673.824,2674.814,2672.414,2669.254,2672.214,2668.058,2667.445,2665.744,2669.994,2669.605,13.139999999999873,True,False,False,False,True,False,1,False,False,True,5.0
2025-01-10,Y1,30.88015384615388,2670.255,2676.025,2678.085,2676.525,2682.095,2689.205,2685.164,2692.404,2696.004,2695.839,2685.635,2690.455,8.66000000000031,True,False,True,False,True,True,1,True,True,True,2.0
2025-01-13,Y1,30.145000000000053,2690.155,2684.929,2670.899,2669.005,2669.085,2668.225,2671.579,2661.439,2661.049,2660.765,2658.785,2662.245,19.5,False,True,False,True,False,True,-1,False,False,True,5.0
2025-01-14,Y1,29.714769230769296,2662.633,2669.175,2668.165,2665.928,2662.649,2660.829,2665.015,2671.499,2671.375,2668.885,2674.009,2676.348,-27.68000000000029,False,False,False,False,False,True,-1,True,True,False,4.0
2025-01-15,Y1,29.196307692307737,2677.475,2681.175,2684.445,2682.935,2693.565,2689.325,2681.825,2678.255,2689.245,2692.595,2693.899,2696.245,14.24200000000019,True,False,True,False,True,False,1,False,False,True,2.0
2025-01-16,Y1,29.112285714285754,2697.348,2698.178,2703.565,2709.238,2715.195,2715.999,2718.329,2716.738,2720.165,2721.648,2715.105,2715.685,18.244000000000142,True,False,True,False,True,False,1,False,False,True,3.0
2025-01-17,Y1,29.834642857142917,2714.065,2710.465,2710.785,2707.389,2704.849,2705.575,2711.615,2714.275,2715.935,2712.465,2703.015,2700.705,16.396999999999935,False,False,False,False,False,True,-1,True,False,True,2.0
2025-01-22,Y1,30.456076923076964,2743.808,2748.265,2758.278,2753.575,2757.555,2755.415,2753.699,2759.265,2758.175,2756.395,2755.135,2756.565,37.95000000000027,True,False,True,False,True,False,1,True,False,False,4.0
2025-01-23,Y1,29.11761538461542,2755.495,2752.705,2744.645,2739.945,2741.545,2744.725,2745.925,2746.218,2753.598,2757.585,2753.975,2753.768,11.947000000000116,False,True,False,False,True,True,-1,True,True,False,4.0
2025-01-24,Y1,28.689153846153904,2753.945,2772.465,2778.398,2781.718,2782.115,2774.218,2777.708,2775.708,2771.725,2773.118,2774.555,2770.905,-1.349999999999909,True,False,True,False,True,False,1,False,False,False,6.0
2025-01-27,Y1,28.51223076923081,2770.305,2749.235,2761.155,2757.815,2757.098,2750.508,2751.015,2741.875,2734.285,2733.565,2739.205,2741.338,15.859999999999673,False,True,False,True,False,True,-1,True,False,True,2.0
2025-01-28,Y1,29.32476923076928,2739.765,2738.865,2745.415,2745.775,2748.648,2753.848,2753.288,2755.148,2758.425,2759.585,2764.635,2763.998,-30.549999999999727,False,False,False,False,True,True,-1,True,True,False,3.0
2025-01-29,Y1,29.739230769230815,2762.448,2759.015,2756.395,2754.765,2758.525,2757.395,2759.295,2754.025,2751.445,2752.775,2754.905,2754.808,23.240000000000236,True,False,False,False,False,True,-1,True,False,True,2.0
2025-01-30,Y1,29.577307692307734,2758.595,2768.955,2779.985,2780.468,2785.525,2786.635,2786.708,2795.355,2790.535,2795.378,2793.265,2795.465,-3.8330000000000837,True,False,True,False,True,False,1,False,False,True,2.0
2025-01-31,Y1,30.073692307692347,2793.148,2798.055,2805.125,2803.508,2806.148,2807.485,2812.235,2809.085,2807.315,2808.468,2795.955,2800.698,34.870000000000346,True,False,True,False,True,True,1,True,True,False,2.0
2025-02-03,Y1,29.259076923076954,2793.987,2789.155,2810.188,2810.195,2810.975,2814.215,2829.265,2817.215,2813.955,2816.955,2818.095,2816.485,5.257000000000062,True,True,False,False,True,False,1,False,False,True,3.0
2025-02-04,Y1,32.342153846153835,2812.248,2812.595,2821.635,2834.775,2831.555,2837.015,2837.995,2835.685,2840.325,2843.785,2842.915,2844.135,19.947999999999865,True,False,True,False,True,True,-1,True,True,False,2.0
2025-02-05,Y1,33.141384615384595,2840.755,2863.945,2870.135,2865.325,2861.525,2864.525,2869.895,2879.958,2874.775,2872.805,2863.375,2862.485,28.98700000000008,True,False,True,False,True,False,1,False,False,True,2.0
2025-02-06,Y1,33.759846153846134,2865.995,2855.465,2864.235,2860.165,2856.555,2857.228,2841.665,2850.475,2848.705,2852.195,2853.725,2856.348,25.480000000000018,False,True,False,False,False,True,-1,True,False,True,2.0
2025-02-07,Y1,35.31369230769231,2855.298,2864.075,2863.525,2862.205,2862.418,2873.258,2875.465,2880.235,2860.585,2859.895,2859.925,2860.485,-10.049999999999727,True,False,False,False,True,True,1,True,True,False,4.0
2025-02-10,Y1,35.257,2858.065,2895.395,2902.675,2903.295,2900.655,2904.145,2908.565,2908.905,2900.875,2902.905,2904.165,2907.148,4.837000000000444,True,False,True,False,True,False,1,False,False,True,2.0
2025-02-11,Y1,36.26442857142859,2906.968,2913.245,2889.035,2889.775,2896.255,2900.485,2896.025,2904.605,2902.195,2905.365,2900.125,2897.345,49.29999999999973,True,False,False,False,False,True,-1,False,False,True,4.0
2025-02-12,Y1,39.088,2896.578,2892.715,2884.889,2876.905,2884.545,2895.325,2894.185,2894.505,2902.295,2902.635,2897.695,2900.815,-9.643000000000029,False,True,False,False,True,True,-1,True,True,False,5.0
2025-02-13,Y1,40.68514285714283,2903.485,2914.315,2917.455,2911.185,2908.375,2909.125,2914.895,2920.095,2913.655,2918.785,2926.715,2928.275,7.3969999999999345,True,False,True,False,False,False,0,,,,
2025-02-14,Y1,40.4372857142857,2926.735,2931.665,2930.585,2926.588,2920.445,2926.655,2920.945,2901.675,2895.645,2886.895,2880.435,2885.248,23.81999999999971,True,True,False,True,True,True,1,True,True,False,3.0
2025-02-19,Y1,44.71492307692303,2934.248,2933.995,2933.315,2939.128,2936.155,2933.565,2937.855,2925.555,2927.838,2923.555,2931.695,2935.658,36.01999999999998,True,False,False,False,True,True,1,True,True,False,3.0
2025-02-20,Y1,43.75669230769227,2932.538,2948.825,2945.385,2943.675,2933.808,2929.195,2934.948,2938.435,2942.845,2940.255,2937.755,2937.775,-1.26299999999992,True,False,False,False,True,True,1,True,True,False,2.0
2025-02-21,Y1,44.12361538461535,2938.165,2929.885,2929.935,2932.125,2930.755,2935.368,2933.175,2928.485,2936.575,2939.685,2933.185,2934.525,6.45699999999988,False,True,False,False,False,True,-1,True,False,False,3.0
2025-02-24,Y1,42.16284615384617,2934.815,2943.795,2946.355,2949.475,2954.315,2942.445,2938.515,2936.355,2943.225,2943.065,2948.995,2950.395,-3.2100000000000364,True,False,True,False,True,False,1,True,False,True,2.0
2025-02-25,Y1,41.89900000000003,2952.315,2931.585,2928.405,2928.655,2937.025,2942.459,2931.848,2905.725,2896.235,2907.435,2911.895,2912.555,17.909999999999854,False,True,False,True,False,True,-1,True,False,True,2.0
2025-02-26,Y1,43.62076923076924,2913.965,2915.275,2913.655,2913.235,2905.765,2894.748,2900.778,2913.095,2912.935,2913.625,2913.795,2916.125,-37.9670000000001,False,False,False,False,False,True,-1,True,False,False,2.0
2025-02-27,Y1,43.64207692307691,2915.878,2891.725,2884.825,2887.878,2888.425,2889.025,2871.898,2871.928,2877.248,2882.935,2879.035,2873.765,2.0599999999999454,False,True,False,True,False,True,-1,False,False,True,2.0
2025-02-28,Y1,45.0674615384615,2876.298,2858.515,2856.145,2857.258,2848.388,2846.545,2833.665,2850.015,2848.475,2844.875,2849.415,2854.475,-39.39300000000003,False,True,False,True,False,True,-1,False,False,False,3.0
2025-03-03,Y1,44.70307692307688,2855.205,2863.205,2875.445,2870.855,2872.485,2873.628,2876.415,2887.785,2891.235,2890.695,2881.355,2890.325,-18.892999999999574,True,False,True,False,True,True,-1,True,True,False,3.0
2025-03-04,Y1,43.07846153846154,2891.785,2899.839,2924.695,2921.528,2922.505,2916.148,2903.318,2905.775,2914.848,2911.395,2915.939,2917.205,36.94300000000021,True,False,True,False,True,False,1,False,False,True,2.0
2025-03-05,Y1,43.13361538461539,2917.155,2917.855,2915.919,2912.938,2899.735,2904.915,2911.428,2916.969,2923.605,2915.848,2920.355,2921.855,24.840000000000146,True,False,False,False,True,True,1,True,True,False,3.0
2025-03-06,Y1,43.62846153846154,2918.258,2909.955,2903.025,2904.328,2904.095,2908.635,2915.115,2914.268,2916.955,2915.275,2913.605,2908.555,1.5799999999999272,False,True,False,False,False,True,-1,True,False,True,2.0
2025-03-07,Y1,41.51153846153847,2910.898,2916.965,2918.445,2911.428,2913.468,2916.785,2926.265,2915.545,2913.775,2907.945,2904.985,2909.525,-7.4529999999999745,True,False,False,False,True,False,1,True,False,False,2.0
2025-03-10,Y1,41.00978571428573,2910.905,2914.255,2903.895,2906.268,2906.525,2901.355,2903.575,2908.055,2904.318,2895.795,2885.275,2885.395,-1.54300000000012,False,True,False,True,False,True,-1,True,False,True,3.0
2025-03-11,Y1,40.51978571428575,2888.098,2902.245,2913.335,2912.755,2912.935,2911.445,2917.465,2913.719,2916.608,2916.965,2918.015,2918.195,-22.580000000000382,True,False,False,False,True,False,1,False,False,True,3.0
2025-03-12,Y1,41.49192857142858,2914.998,2911.585,2915.105,2913.125,2917.295,2910.725,2915.465,2921.678,2928.505,2936.139,2934.948,2931.115,27.527000000000044,True,False,True,False,True,True,-1,True,True,False,3.0
2025-03-13,Y1,41.76214285714286,2933.698,2936.705,2946.129,2942.538,2942.245,2944.825,2950.165,2969.778,2977.665,2979.945,2983.048,2982.745,17.927000000000135,True,False,True,False,True,True,-1,True,True,False,3.0
2025-03-14,Y1,43.43835714285712,2988.698,2985.535,2993.305,2996.025,2993.655,2995.235,2984.268,2985.145,2984.259,2989.655,2983.229,2983.775,54.37699999999995,True,False,False,False,True,True,1,True,True,False,5.0
2025-03-17,Y1,42.84264285714283,2984.285,2989.675,2997.345,2992.578,2986.975,2987.135,2988.125,2998.485,2996.945,2994.295,2999.135,3000.099,-4.902999999999793,False,False,False,False,True,False,1,True,False,True,5.0
2025-03-18,Y1,39.59385714285713,3000.098,3015.525,3026.649,3028.218,3034.025,3035.318,3033.048,3027.825,3031.545,3035.955,3035.545,3035.375,16.140000000000327,True,False,True,False,True,False,1,False,False,True,3.0
2025-03-19,Y1,39.55050000000002,3033.335,3041.995,3038.648,3036.995,3036.948,3033.825,3032.975,3027.405,3031.295,3032.935,3046.705,3047.695,33.97699999999986,True,False,True,False,False,True,-1,True,True,False,4.0
2025-03-20,Y1,37.86428571428574,3047.648,3048.795,3034.325,3036.585,3040.845,3030.748,3032.165,3040.025,3040.455,3038.135,3043.039,3044.448,12.61999999999989,True,False,False,False,False,True,-1,False,False,False,3.0
2025-03-21,Y1,36.389071428571434,3043.925,3029.625,3034.105,3034.995,3033.798,3029.665,3006.315,3015.475,3010.845,3015.035,3017.215,3019.825,-2.923000000000229,False,True,False,True,False,True,-1,False,False,False,9.0
2025-03-24,Y1,36.96671428571426,3020.155,3024.875,3024.448,3026.538,3023.965,3024.315,3022.278,3011.835,3013.845,3009.545,3006.685,3005.975,-21.220000000000255,False,False,False,False,True,True,1,True,True,False,3.0
2025-03-25,Y1,35.88978571428571,3011.415,3017.525,3020.395,3016.385,3020.995,3023.075,3027.985,3024.875,3021.395,3023.065,3018.349,3019.548,-8.720000000000255,True,False,False,False,True,False,1,True,False,False,4.0
2025-03-26,Y1,35.38885714285714,3018.745,3026.035,3027.335,3025.525,3026.935,3024.548,3016.448,3017.335,3015.775,3015.489,3018.165,3017.105,8.260000000000218,False,False,False,False,True,True,1,True,True,False,3.0
2025-03-27,Y1,34.261,3018.668,3029.815,3054.465,3049.968,3049.845,3042.185,3040.395,3057.468,3051.868,3048.225,3055.705,3057.355,-0.05999999999994543,True,False,True,False,True,False,1,False,False,True,5.0
2025-03-28,Y1,34.81335714285716,3055.498,3084.545,3076.185,3075.528,3077.245,3076.565,3083.045,3069.775,3083.545,3083.725,3079.565,3080.625,36.84699999999975,True,False,True,False,True,False,1,True,False,False,3.0
2025-03-31,Y1,34.43192857142857,3086.498,3119.035,3119.335,3124.898,3124.375,3118.095,3113.298,3123.095,3113.645,3117.395,3121.325,3124.285,28.40000000000009,True,False,True,False,True,False,1,False,False,True,2.0
2025-04-01,Y1,35.09121428571429,3122.298,3133.545,3130.165,3133.405,3133.215,3129.315,3133.475,3128.515,3113.499,3106.469,3113.965,3118.698,36.40700000000015,True,False,False,False,False,True,-1,False,False,True,11.0
2025-04-02,Y1,36.06100000000002,3112.898,3116.305,3121.195,3125.715,3122.198,3125.535,3121.998,3124.685,3125.655,3131.229,3121.548,3123.915,-9.272999999999683,False,False,False,False,False,False,0,,,,
2025-04-03,Y1,34.68321428571429,3142.048,3127.648,3092.935,3073.898,3076.175,3065.235,3089.108,3128.648,3110.365,3107.248,3111.435,3107.405,17.84999999999991,True,True,False,False,False,True,-1,False,False,True,2.0
2025-04-04,Y1,40.89557142857143,3113.998,3100.805,3110.145,3095.568,3070.85,3075.448,3061.568,3038.065,3021.775,3030.715,3025.395,3036.375,-27.462999999999738,False,True,False,True,True,True,-1,True,True,True,4.0
2025-04-07,Y1,48.132714285714265,3006.765,3029.745,3030.915,3026.388,3030.859,3024.405,3015.098,2999.145,2987.293,2970.395,2965.555,2976.365,-76.0,False,True,False,True,False,False,0,,,,
2025-04-08,Y1,52.436642857142814,2980.955,3013.225,3017.265,3009.565,3002.355,3013.285,3009.985,3005.995,3001.255,2985.905,2983.409,2984.575,-23.789999999999964,False,False,False,False,True,False,1,True,True,False,2.0
2025-04-09,Y1,53.75642857142855,2982.455,3038.685,3066.445,3053.575,3047.255,3060.275,3074.965,3070.265,3086.215,3092.185,3066.785,3093.165,1.5100000000002183,True,True,True,False,True,False,1,False,False,True,2.0
2025-04-10,Y1,60.75949999999999,3080.795,3121.785,3124.575,3125.135,3122.675,3132.655,3116.725,3154.435,3157.915,3158.375,3173.075,3170.695,99.78999999999996,True,False,True,False,True,False,1,False,False,True,8.0
2025-04-11,Y1,64.85400000000001,3174.495,3197.205,3213.485,3224.085,3233.485,3230.24,3223.465,3229.705,3240.235,3222.965,3235.335,3230.785,94.23000000000002,True,False,True,False,True,False,1,False,False,True,4.0
2025-04-14,Y1,67.68114285714286,3229.155,3230.745,3223.135,3211.595,3206.575,3204.625,3204.415,3210.825,3197.875,3207.375,3207.885,3212.575,61.88000000000011,True,False,False,False,False,True,-1,False,False,True,6.0
2025-04-15,Y1,69.36757142857141,3210.555,3224.945,3219.925,3219.085,3221.365,3220.655,3212.835,3222.425,3221.145,3221.275,3228.925,3229.785,-18.90000000000009,False,False,False,False,False,False,0,,,,
2025-04-16,Y1,69.64757142857141,3230.875,3291.375,3306.455,3306.489,3307.105,3304.725,3311.525,3308.255,3325.175,3327.225,3338.165,3336.515,19.300000000000182,True,False,True,False,True,False,1,False,False,True,2.0
2025-04-17,Y1,74.73542857142853,3342.515,3328.655,3327.205,3324.445,3328.265,3322.725,3314.905,3291.055,3296.125,3316.005,3316.085,3320.605,111.76999999999998,True,False,False,False,False,True,-1,True,False,False,3.0
2025-04-21,Y1,77.68257142857139,3331.835,3391.755,3404.315,3398.145,3414.655,3416.265,3420.145,3416.405,3422.685,3414.415,3426.179,3423.275,-15.58999999999969,True,False,True,False,True,False,1,False,False,True,2.0
2025-04-22,Y1,81.32757142857142,3423.815,3479.505,3456.525,3454.285,3431.245,3443.325,3418.365,3429.835,3417.375,3392.885,3381.305,3374.505,91.05999999999995,True,False,False,False,True,True,1,True,True,False,2.0
2025-04-23,Y1,87.41471428571425,3349.515,3300.905,3324.355,3329.175,3310.525,3299.575,3275.785,3287.135,3280.395,3294.745,3282.505,3293.635,-43.74000000000024,False,True,False,True,False,True,-1,False,False,True,2.0
2025-04-24,Y1,93.82771428571426,3288.865,3324.245,3336.635,3335.915,3335.665,3330.285,3314.555,3327.185,3329.275,3331.325,3334.465,3342.005,-61.710000000000036,False,False,False,False,False,True,-1,True,False,False,10.0
2025-04-25,Y1,91.35392857142857,3350.885,3304.125,3293.225,3297.885,3292.385,3273.245,3280.375,3277.775,3282.755,3285.065,3288.115,3304.505,59.49000000000024,True,True,False,False,False,True,-1,False,False,False,9.0
2025-04-28,Y1,90.22392857142859,3324.265,3283.095,3293.935,3301.765,3295.905,3299.855,3293.089,3328.295,3324.725,3336.335,3348.595,3351.935,-32.26000000000022,False,False,False,False,True,False,1,False,False,True,10.0
2025-04-29,Y1,89.22500000000004,3343.735,3318.479,3309.145,3311.155,3312.535,3317.019,3306.005,3314.365,3312.205,3328.495,3319.835,3320.305,19.240000000000236,False,False,False,False,False,True,-1,True,False,False,8.0
2025-04-30,Y1,89.28928571428575,3316.175,3305.535,3272.175,3289.365,3298.275,3304.265,3307.985,3309.315,3307.835,3310.395,3301.385,3295.655,-27.140000000000327,False,True,False,True,False,True,-1,True,False,True,4.0
2025-05-01,Y1,84.37000000000002,3287.425,3235.415,3205.115,3218.455,3226.385,3226.955,3221.465,3218.665,3216.265,3219.295,3223.625,3228.005,-27.920000000000073,False,True,False,True,False,True,-1,False,False,False,5.0
2025-05-02,Y1,83.13928571428573,3238.385,3252.615,3262.235,3257.595,3250.065,3257.065,3249.955,3262.385,3231.445,3224.755,3226.105,3233.405,-49.05000000000018,False,False,False,False,True,False,1,True,True,False,2.0
2025-05-05,Y1,81.41357142857143,3239.195,3261.885,3312.405,3318.285,3319.215,3318.615,3314.085,3312.275,3311.675,3309.365,3322.885,3328.615,1.0299999999997453,True,False,True,False,True,False,1,False,False,True,4.0
2025-05-06,Y1,84.87428571428573,3335.895,3364.725,3378.925,3375.875,3390.805,3396.809,3391.565,3386.015,3394.805,3408.415,3415.355,3422.785,93.41999999999962,True,False,True,False,True,False,1,False,False,True,8.0
2025-05-07,Y1,91.2905,3437.655,3392.255,3386.695,3385.975,3390.625,3385.965,3394.175,3385.645,3384.935,3386.535,3384.425,3371.535,95.21000000000004,True,False,False,False,False,False,0,,,,
2025-05-08,Y1,88.75264285714287,3365.545,3329.595,3344.195,3352.895,3355.745,3360.665,3355.715,3356.505,3330.025,3309.905,3308.105,3306.085,-73.68000000000029,False,True,False,True,False,True,-1,False,False,True,2.0
2025-05-09,Y1,92.47764285714285,3304.035,3325.175,3332.865,3333.525,3333.375,3339.695,3330.535,3336.975,3344.785,3336.585,3338.465,3328.615,-60.0300000000002,False,True,False,False,True,False,1,False,False,False,3.0
2025-05-12,Y1,90.3847857142857,3271.805,3277.229,3224.489,3227.925,3233.615,3237.935,3240.355,3237.185,3238.965,3224.315,3229.355,3235.315,19.309999999999945,False,True,False,True,False,True,-1,True,False,True,3.0
2025-05-13,Y1,86.9412142857143,3236.195,3262.045,3248.945,3239.565,3241.385,3244.325,3227.255,3242.745,3252.905,3250.825,3248.685,3249.115,-36.58999999999969,False,False,False,False,True,False,1,True,False,False,2.0
2025-05-14,Y1,81.43978571428576,3249.275,3228.585,3219.905,3212.585,3185.045,3186.345,3191.165,3181.569,3182.765,3188.175,3171.475,3180.455,14.11999999999989,False,True,False,True,False,True,-1,False,False,True,7.0
2025-05-15,Y1,82.16550000000004,3178.135,3149.695,3178.815,3181.885,3188.399,3191.835,3191.835,3205.185,3219.415,3222.265,3222.935,3231.905,-72.36000000000013,False,True,False,False,True,True,-1,True,True,False,2.0
2025-05-16,Y1,83.22407142857143,3239.855,3214.725,3162.825,3173.645,3177.315,3174.205,3180.285,3172.929,3183.195,3189.185,3187.205,3192.425,61.48999999999978,True,False,False,False,False,True,-1,False,False,True,3.0
2025-05-19,Y1,84.17121428571429,3218.455,3223.929,3243.595,3241.035,3229.245,3231.765,3229.745,3233.735,3231.375,3231.515,3233.325,3232.855,-37.38999999999987,False,False,False,False,False,False,0,,,,
2025-05-20,Y1,83.80692857142857,3229.345,3209.425,3240.905,3241.175,3242.185,3236.755,3261.015,3282.305,3277.005,3278.575,3287.595,3294.005,10.75,True,True,True,False,True,False,1,False,False,True,4.0
2025-05-21,Y1,85.96907142857147,3290.145,3319.855,3310.995,3295.655,3302.505,3304.195,3303.435,3304.135,3311.745,3302.845,3314.105,3318.095,60.440000000000055,True,False,True,False,True,False,1,True,False,False,2.0
2025-05-22,Y1,82.50857142857146,3319.348,3326.145,3314.055,3310.238,3304.105,3310.898,3287.175,3296.885,3294.515,3301.375,3293.605,3290.075,24.5300000000002,True,True,False,False,False,True,-1,False,False,True,4.0
2025-05-23,Y1,83.93707142857144,3294.298,3330.809,3347.705,3347.475,3356.725,3350.748,3339.645,3359.098,3361.525,3358.725,3361.815,3360.548,-24.922999999999774,True,False,True,False,True,False,1,False,False,True,2.0
2025-05-28,Y1,79.04646153846153,3300.298,3308.048,3310.895,3310.685,3311.865,3305.205,3304.798,3302.395,3295.925,3293.248,3301.825,3296.765,-42.04300000000012,False,True,False,False,True,False,1,True,True,False,3.0
2025-05-29,Y1,73.12207692307696,3288.148,3271.575,3299.545,3308.935,3316.209,3318.785,3312.145,3310.035,3321.498,3321.998,3321.098,3316.485,-13.582999999999629,True,True,False,False,True,False,1,False,False,True,4.0
2025-05-30,Y1,74.08415384615392,3317.185,3301.625,3293.798,3301.448,3303.748,3294.425,3276.355,3282.498,3288.398,3293.015,3293.548,3294.745,29.626999999999953,False,False,False,False,False,True,-1,True,False,True,3.0
2025-06-02,Y1,71.48207692307697,3298.375,3344.255,3356.015,3360.345,3355.465,3355.498,3370.368,3375.825,3374.085,3371.448,3378.978,3381.415,-27.829999999999927,True,False,True,False,True,False,1,False,False,True,2.0
2025-06-03,Y1,74.37569230769235,3382.898,3358.615,3359.098,3354.398,3359.035,3359.248,3345.405,3346.198,3350.198,3348.275,3353.365,3352.375,82.84000000000015,True,False,False,False,False,True,-1,False,False,True,2.0
2025-06-04,Y1,72.08492307692313,3353.515,3355.448,3346.415,3349.435,3358.715,3358.048,3352.395,3377.148,3371.498,3374.848,3375.898,3373.348,-30.01299999999992,False,False,False,False,True,True,-1,True,True,False,7.0
2025-06-05,Y1,66.00392307692314,3374.245,3365.798,3392.345,3395.555,3382.848,3378.495,3378.275,3367.405,3344.448,3354.115,3353.235,3356.505,18.93000000000029,True,True,False,False,True,True,1,True,True,False,5.0
2025-06-06,Y1,63.373153846153926,3353.745,3360.535,3358.265,3357.208,3353.075,3353.609,3342.935,3326.025,3331.875,3322.625,3317.285,3312.118,-21.960000000000036,False,True,False,True,False,True,-1,True,False,True,2.0
2025-06-09,Y1,65.27415384615391,3311.395,3324.199,3317.275,3318.048,3319.885,3313.655,3319.135,3320.675,3328.378,3337.519,3333.029,3327.055,-44.11999999999989,False,True,False,False,True,False,1,False,False,True,2.0
2025-06-10,Y1,61.70546153846159,3325.125,3325.255,3333.595,3337.105,3337.075,3345.565,3343.355,3328.335,3326.455,3321.065,3321.425,3328.485,13.820000000000164,True,False,False,False,True,False,1,False,False,False,2.0
2025-06-11,Y1,62.28653846153853,3322.298,3337.085,3332.935,3338.765,3336.475,3337.495,3329.598,3337.398,3332.998,3330.085,3343.698,3346.538,-1.8299999999999272,True,False,True,False,True,False,1,True,False,True,3.0
2025-06-12,Y1,60.652000000000115,3356.915,3374.695,3378.955,3382.568,3387.915,3382.685,3391.848,3383.675,3385.498,3383.445,3385.748,3388.048,32.707000000000335,True,False,True,False,True,True,-1,True,True,False,3.0
2025-06-13,Y1,59.21561538461548,3385.505,3416.135,3422.045,3427.375,3436.348,3443.295,3436.905,3427.735,3426.035,3429.915,3436.535,3432.165,28.710000000000036,True,False,True,False,True,False,1,False,False,False,9.0
2025-06-16,Y1,59.79092857142866,3451.065,3418.085,3414.825,3414.329,3415.395,3416.055,3387.798,3396.855,3404.375,3399.125,3385.335,3383.885,46.34999999999991,True,False,False,False,False,True,-1,False,False,True,2.0
2025-06-17,Y1,60.00314285714295,3386.825,3385.275,3388.348,3387.408,3386.605,3393.305,3390.325,3384.775,3379.198,3382.735,3382.835,3385.525,-67.57999999999993,False,True,False,False,False,True,-1,True,False,False,10.0
2025-06-18,Y1,59.14742857142863,3389.698,3382.075,3381.885,3386.375,3386.505,3395.035,3391.998,3386.645,3392.485,3390.745,3378.869,3366.598,0.5600000000004002,False,True,False,False,False,False,0,,,,
2025-06-23,Y1,51.94053846153845,3390.698,3357.355,3380.585,3362.348,3360.148,3368.385,3380.145,3386.265,3386.965,3389.605,3378.465,3376.248,-0.40000000000009095,True,False,False,False,True,False,1,True,False,False,7.0
2025-06-24,Y1,51.21846153846151,3367.298,3322.545,3320.898,3313.315,3314.185,3310.175,3301.598,3304.348,3313.065,3318.265,3316.935,3323.365,-22.742999999999938,False,True,False,True,False,True,-1,False,False,True,2.0
2025-06-25,Y1,53.78769230769229,3323.725,3331.525,3322.348,3327.985,3320.525,3313.975,3314.218,3323.235,3325.425,3334.605,3331.398,3333.465,-44.672999999999774,False,False,False,False,True,True,1,True,True,False,3.0
2025-06-26,Y1,50.78869230769229,3334.245,3339.648,3332.655,3342.205,3321.875,3319.075,3319.478,3318.145,3324.685,3330.995,3333.815,3331.048,8.36999999999989,True,True,False,False,True,True,1,True,True,False,3.0
2025-06-27,Y1,48.62692307692305,3327.358,3294.748,3281.155,3279.465,3269.975,3256.825,3273.805,3272.315,3274.435,3277.465,3275.665,3270.425,-6.539999999999964,False,True,False,True,False,True,-1,False,False,True,2.0
2025-06-30,Y1,50.730461538461476,3272.145,3291.848,3277.945,3284.129,3281.895,3282.675,3284.558,3287.465,3289.475,3297.098,3298.435,3308.498,-54.02300000000014,False,True,False,False,True,False,1,True,False,True,2.0
2025-07-01,Y1,52.055538461538376,3302.898,3331.205,3348.845,3352.115,3354.405,3349.515,3351.315,3345.665,3340.085,3341.505,3337.795,3337.905,30.01000000000022,True,False,True,False,True,False,1,False,False,True,2.0
2025-07-02,Y1,52.88223076923063,3338.698,3333.198,3342.055,3346.435,3346.408,3344.735,3337.255,3342.675,3340.785,3348.475,3354.905,3358.045,34.636999999999716,True,False,False,False,True,True,-1,True,True,False,3.0
2025-07-03,Y1,50.74223076923066,3356.698,3361.648,3345.785,3349.018,3324.395,3332.085,3331.718,3324.465,3327.895,3333.705,3328.865,3328.535,18.507000000000062,True,True,False,True,True,True,1,True,True,False,2.0
2025-07-08,Y1,48.91241666666652,3338.498,3335.555,3324.905,3327.198,3327.915,3325.479,3314.925,3296.275,3298.035,3300.095,3305.155,3302.718,2.5300000000002,True,True,False,False,False,True,-1,False,False,True,4.0
2025-07-09,Y1,50.675166666666506,3301.098,3292.075,3284.698,3290.535,3296.225,3295.405,3300.155,3312.175,3309.405,3311.695,3311.165,3315.465,-37.802999999999884,False,True,False,False,True,True,-1,True,True,False,4.0
2025-07-10,Y1,49.40576923076906,3312.948,3325.115,3320.285,3319.945,3323.475,3324.035,3312.455,3314.805,3319.495,3314.865,3321.385,3324.725,12.347000000000207,True,False,True,False,True,True,1,True,True,False,2.0
2025-07-11,Y1,48.335769230769074,3322.935,3332.145,3347.175,3346.648,3354.919,3353.015,3351.599,3360.829,3358.549,3353.578,3355.905,3356.275,10.557000000000244,True,False,True,False,True,False,1,True,False,True,2.0
2025-07-14,Y1,48.10507692307678,3362.948,3368.575,3363.888,3357.868,3349.865,3355.325,3354.968,3343.035,3344.965,3347.615,3348.725,3343.955,31.789999999999964,True,False,False,False,True,True,1,True,True,False,3.0
2025-07-15,Y1,44.997615384615216,3342.805,3358.055,3354.675,3353.888,3348.679,3340.685,3346.555,3347.719,3328.745,3329.099,3328.689,3330.325,-20.16300000000001,False,True,False,True,True,True,1,True,True,False,3.0
2025-07-16,Y1,46.609153846153696,3324.095,3338.959,3339.085,3333.035,3334.365,3334.469,3326.559,3337.819,3343.245,3348.835,3350.048,3346.855,-19.669999999999618,True,True,False,False,True,True,1,True,True,True,2.0
2025-07-17,Y1,47.944230769230636,3347.298,3335.245,3324.005,3325.865,3312.935,3317.375,3318.898,3333.965,3336.605,3338.589,3338.398,3339.535,21.950000000000273,False,True,False,False,False,True,-1,False,False,False,2.0
2025-07-18,Y1,45.65476923076914,3340.725,3341.925,3354.085,3357.445,3359.725,3357.955,3355.185,3354.555,3353.505,3353.505,3351.175,3348.155,-8.942999999999756,True,False,False,False,True,True,-1,True,True,False,2.0
2025-07-21,Y1,42.95992307692299,3349.898,3368.055,3375.195,3381.519,3387.165,3386.825,3388.355,3400.169,3397.825,3395.415,3395.259,3398.648,8.930000000000291,True,False,True,False,True,False,1,False,False,True,2.0
2025-07-22,Y1,43.00869230769226,3396.895,3384.458,3391.125,3400.195,3407.369,3415.348,3412.148,3426.085,3426.315,3432.035,3429.479,3431.248,46.636999999999716,True,False,True,False,True,True,-1,True,True,False,2.0
2025-07-23,Y1,44.36438461538459,3431.605,3424.875,3428.045,3425.615,3419.748,3409.265,3412.958,3413.345,3398.009,3387.205,3393.395,3390.035,33.960000000000036,True,True,False,False,False,True,-1,False,False,True,9.0
2025-07-24,Y1,44.610538461538454,3387.698,3375.548,3362.015,3361.598,3353.175,3358.885,3366.275,3373.469,3372.375,3366.785,3371.769,3370.265,-44.99000000000024,False,True,False,True,False,True,-1,False,False,True,2.0
2025-07-25,Y1,44.42385714285712,3367.695,3359.055,3340.805,3340.905,3340.545,3341.945,3343.748,3331.598,3327.515,3329.635,3338.548,3337.385,-19.792999999999665,False,True,False,True,False,True,-1,False,False,True,2.0
2025-07-28,Y1,44.59078571428573,3316.938,3339.885,3336.375,3330.355,3328.215,3328.395,3302.075,3307.735,3314.495,3312.085,3313.515,3317.015,-32.120000000000346,False,True,False,True,True,True,1,True,True,False,2.0
2025-07-29,Y1,43.522000000000034,3314.255,3316.815,3315.015,3321.469,3323.015,3321.025,3316.688,3328.745,3320.485,3322.955,3325.648,3324.848,-4.863000000000284,False,False,False,False,True,False,1,True,False,True,2.0
2025-07-30,Y1,42.94485714285718,3326.498,3326.925,3330.675,3327.725,3313.098,3305.148,3302.745,3301.889,3290.245,3297.925,3280.015,3269.195,11.319999999999709,False,True,False,True,True,True,1,True,True,False,5.0
2025-07-31,Y1,46.207714285714346,3275.298,3298.925,3305.865,3306.395,3307.395,3308.179,3301.098,3295.948,3295.275,3294.849,3295.539,3290.745,-51.722999999999956,False,False,False,False,True,False,1,True,False,False,2.0
2025-08-01,Y1,45.79528571428575,3289.665,3292.225,3300.235,3300.908,3341.075,3351.565,3341.805,3345.705,3348.339,3347.038,3347.369,3356.955,13.977000000000317,True,False,True,False,True,False,1,False,False,True,6.0
2025-08-04,Y1,49.2195714285715,3364.698,3362.415,3370.175,3363.675,3367.615,3375.375,3382.688,3373.675,3374.049,3370.729,3375.635,3375.848,72.76000000000022,True,False,True,False,True,False,1,True,False,True,2.0
2025-08-05,Y1,48.81700000000004,3374.098,3366.005,3351.069,3360.595,3365.998,3370.098,3373.215,3385.148,3389.398,3381.869,3379.845,3378.838,7.8969999999999345,True,False,False,False,True,True,-1,True,True,False,2.0
2025-08-06,Y1,47.60014285714289,3380.345,3374.948,3365.005,3364.325,3367.348,3369.005,3371.448,3379.175,3377.215,3375.925,3371.535,3371.495,5.907000000000153,False,False,False,False,False,True,-1,True,False,True,3.0
2025-08-07,Y1,46.50250000000002,3368.495,3387.585,3378.035,3380.415,3380.535,3386.245,3384.725,3387.585,3389.945,3388.655,3387.959,3399.585,-11.919999999999618,True,False,True,False,True,False,1,True,False,True,2.0
2025-08-08,Y1,47.03914285714287,3404.165,3393.099,3385.809,3393.969,3391.395,3392.225,3399.695,3390.365,3395.205,3397.275,3394.978,3398.148,28.220000000000255,True,False,False,False,True,True,1,True,True,False,3.0
2025-08-11,Y1,45.528142857142875,3397.298,3365.555,3355.075,3349.035,3356.695,3350.545,3358.298,3346.355,3349.235,3343.939,3356.015,3351.405,-5.585999999999785,False,True,False,True,False,True,-1,False,False,True,2.0
2025-08-12,Y1,46.515714285714274,3342.298,3345.295,3347.365,3338.728,3349.648,3347.525,3345.455,3337.235,3349.655,3349.315,3348.809,3347.475,-56.15299999999979,False,True,False,False,True,True,-1,True,True,False,2.0
2025-08-13,Y1,44.43428571428568,3347.498,3356.995,3362.215,3358.465,3357.875,3357.148,3364.865,3362.965,3357.569,3357.695,3353.539,3357.665,5.4770000000003165,True,False,False,False,True,False,1,False,False,True,2.0
2025-08-14,Y1,43.43921428571428,3355.898,3361.825,3355.295,3352.198,3350.358,3345.098,3343.895,3340.448,3341.545,3334.145,3337.998,3337.815,7.657000000000153,True,True,False,True,False,True,-1,False,False,True,3.0
2025-08-15,Y1,43.18349999999997,3335.498,3340.225,3342.105,3336.378,3342.505,3338.175,3334.685,3341.555,3342.148,3337.998,3335.815,3338.948,-20.992999999999938,False,False,False,False,False,False,0,,,,
2025-08-18,Y1,41.252785714285665,3336.015,3349.485,3345.415,3346.215,3344.635,3342.865,3336.545,3334.148,3335.448,3334.115,3331.815,3333.395,-0.8530000000000655,True,True,False,True,False,False,0,,,,
2025-08-19,Y1,41.88042857142854,3333.098,3335.865,3339.505,3337.675,3334.569,3331.539,3333.809,3325.305,3322.498,3317.315,3318.415,3315.735,-4.199999999999818,False,True,False,True,True,True,1,True,True,False,3.0
2025-08-20,Y1,39.3468571428571,3315.465,3322.885,3332.275,3337.835,3342.665,3340.595,3344.898,3346.725,3340.555,3344.945,3345.598,3348.648,-17.063000000000102,True,True,True,False,True,False,1,False,False,True,2.0
2025-08-21,Y1,39.1856428571428,3349.098,3336.445,3333.525,3336.978,3341.695,3345.185,3338.885,3344.085,3343.455,3339.548,3339.165,3338.615,31.86999999999989,True,False,False,False,False,True,-1,True,False,False,2.0
2025-08-22,Y1,35.25685714285708,3338.405,3329.385,3329.215,3325.895,3323.285,3328.625,3334.83,3373.655,3367.648,3370.395,3372.565,3373.098,-10.163000000000011,True,True,True,False,True,True,-1,True,True,False,2.0
2025-08-25,Y1,36.47707142857137,3370.835,3368.775,3370.385,3368.755,3364.315,3363.915,3370.435,3374.205,3373.865,3373.725,3370.415,3365.225,32.82999999999993,False,False,False,False,True,False,1,True,False,False,7.0
2025-08-26,Y1,34.76207142857139,3365.135,3376.145,3377.405,3376.465,3371.648,3373.645,3375.335,3379.225,3386.348,3382.748,3385.448,3389.548,-5.230000000000018,True,True,True,False,True,False,1,False,False,True,11.0
2025-08-27,Y1,35.8504285714285,3392.648,3377.295,3376.595,3381.515,3381.045,3381.835,3377.748,3386.335,3387.795,3395.205,3394.348,3395.945,28.329999999999927,True,False,True,False,False,True,-1,True,True,False,3.0
2025-08-28,Y1,34.993357142857086,3397.835,3395.275,3403.895,3405.738,3396.915,3404.545,3406.978,3411.909,3410.798,3415.329,3419.825,3421.935,3.8469999999997526,True,False,True,False,True,False,1,False,False,True,4.0
2025-08-29,Y1,35.224571428571345,3416.965,3409.989,3410.605,3407.408,3416.365,3417.315,3428.425,3440.715,3445.235,3448.975,3442.665,3452.498,17.960000000000036,True,False,True,False,True,True,-1,True,True,False,3.0
2025-09-03,Y1,37.8624615384615,3532.698,3535.105,3547.405,3547.075,3550.405,3560.219,3553.015,3558.215,3563.698,3572.235,3570.115,3563.415,55.90000000000009,True,False,True,False,True,False,1,False,False,True,7.0
2025-09-04,Y1,38.43299999999999,3560.448,3535.975,3545.195,3544.498,3548.105,3552.328,3545.858,3545.865,3552.698,3552.365,3546.135,3549.505,25.777000000000044,False,True,False,False,False,False,0,,,,
2025-09-05,Y1,41.27323076923078,3545.935,3552.515,3553.175,3552.828,3580.195,3579.065,3594.205,3589.985,3591.785,3594.995,3595.128,3594.498,-15.802999999999884,True,False,True,False,True,False,1,False,False,True,8.0
2025-09-08,Y1,43.22015384615385,3582.104,3597.935,3619.635,3617.785,3624.235,3623.748,3633.185,3640.475,3639.155,3640.425,3635.935,3636.385,39.26000000000022,True,False,True,False,True,False,1,False,False,True,2.0
2025-09-09,Y1,46.1453076923077,3635.615,3647.435,3647.845,3649.058,3647.285,3660.345,3665.418,3644.755,3645.355,3644.788,3640.165,3629.185,51.79100000000017,True,False,False,False,True,True,1,True,True,False,9.0
2025-09-10,Y1,46.96892307692311,3619.635,3643.565,3648.858,3647.428,3643.835,3646.748,3651.085,3647.465,3644.365,3642.615,3645.365,3641.785,-11.61999999999989,False,True,False,False,True,False,1,False,False,False,2.0
2025-09-11,Y1,47.87246153846154,3641.098,3632.985,3616.595,3622.535,3628.825,3621.129,3630.075,3629.325,3632.935,3635.945,3632.225,3636.685,20.169999999999618,False,True,False,False,False,True,-1,True,False,False,2.0
2025-09-12,Y1,46.32553846153846,3632.955,3650.385,3646.875,3642.485,3645.405,3648.595,3650.085,3647.898,3644.275,3649.035,3648.355,3644.055,-8.612999999999829,True,False,False,False,False,False,0,,,,
2025-09-15,Y1,47.056307692307655,3643.605,3636.348,3642.415,3637.918,3650.215,3653.635,3656.945,3663.425,3680.225,3679.045,3676.755,3680.735,9.680000000000291,True,True,True,False,True,False,1,False,False,True,8.0
2025-09-16,Y1,48.35453846153842,3679.698,3693.255,3697.085,3690.675,3688.825,3694.235,3695.455,3686.075,3686.065,3689.585,3690.405,3689.425,33.61000000000013,True,False,True,False,True,False,1,True,False,True,2.0
2025-09-17,Y1,48.62138461538458,3689.098,3674.855,3665.835,3670.185,3678.595,3676.498,3678.615,3684.095,3684.035,3684.545,3649.945,3661.498,9.666999999999916,True,True,False,True,False,True,-1,True,True,True,2.0
2025-09-18,Y1,50.384384615384604,3659.285,3637.355,3666.965,3670.478,3663.148,3653.795,3641.925,3638.205,3641.095,3646.135,3641.098,3646.365,-30.092999999999847,False,True,False,True,True,True,-1,True,True,True,2.0
2025-09-19,Y1,50.07207692307688,3643.675,3646.775,3648.295,3647.305,3649.085,3656.045,3663.045,3666.875,3670.655,3668.065,3683.415,3684.239,-15.86999999999989,True,False,True,False,True,False,1,False,False,True,9.0
2025-09-22,Y1,50.29199999999995,3686.698,3714.125,3724.525,3715.155,3721.415,3723.005,3722.125,3725.775,3736.005,3736.948,3747.398,3747.505,40.81399999999985,True,False,True,False,True,False,1,False,False,True,2.0
2025-09-23,Y1,49.94385714285708,3745.698,3753.598,3783.395,3780.865,3784.135,3783.278,3783.498,3773.885,3779.335,3779.165,3756.425,3764.155,59.146999999999935,True,False,True,False,True,False,1,False,False,True,4.0
2025-09-24,Y1,50.09264285714276,3764.698,3770.985,3768.855,3767.345,3767.855,3767.128,3760.775,3752.845,3740.965,3735.605,3724.075,3729.858,17.287000000000262,False,True,False,True,True,True,1,True,True,False,3.0
2025-09-25,Y1,50.66957142857135,3735.895,3740.755,3752.885,3753.565,3738.585,3742.135,3733.305,3731.335,3735.755,3733.475,3755.005,3746.405,-28.89300000000003,False,False,False,False,True,True,1,True,True,False,3.0
2025-09-26,Y1,49.1924285714285,3749.498,3743.345,3748.515,3749.105,3751.785,3757.695,3761.358,3778.655,3780.235,3774.115,3778.348,3766.525,12.510000000000218,True,False,False,False,True,False,1,True,False,True,2.0
2025-09-29,Y1,47.82835714285706,3756.045,3817.185,3828.755,3817.175,3813.535,3821.655,3820.685,3828.065,3830.235,3830.175,3824.255,3828.615,9.507000000000062,True,False,True,False,True,False,1,False,False,True,2.0
2025-09-30,Y1,49.86099999999991,3833.025,3855.498,3815.045,3813.745,3819.035,3815.185,3822.568,3853.785,3838.615,3845.785,3847.609,3858.798,76.88999999999987,True,False,True,False,True,True,1,True,True,False,2.0
2025-10-01,Y2,52.71078571428565,3858.898,3859.285,3883.485,3877.925,3870.305,3869.845,3872.295,3872.715,3868.305,3870.655,3862.005,3867.498,24.33999999999969,True,False,False,False,True,True,-1,True,True,False,2.0
2025-10-02,Y2,53.043642857142814,3865.745,3863.815,3886.048,3882.498,3884.205,3893.715,3874.795,3839.645,3827.978,3844.535,3850.615,3855.345,6.516999999999825,True,True,False,False,True,True,1,True,True,False,2.0
2025-10-03,Y2,56.73814285714285,3855.625,3858.955,3861.915,3863.008,3873.678,3880.838,3882.575,3879.505,3889.285,3883.405,3885.835,3885.555,-10.199999999999818,False,False,False,False,True,False,1,False,False,True,3.0
2025-10-06,Y2,56.34478571428573,3887.955,3934.155,3937.985,3931.175,3934.075,3933.605,3944.505,3954.735,3962.285,3954.015,3958.175,3959.245,31.199999999999818,True,False,True,False,True,False,1,False,False,True,4.0
2025-10-07,Y2,60.50935714285716,3958.705,3954.765,3966.865,3965.385,3979.295,3982.645,3979.045,3985.495,3965.898,3976.505,3980.745,3979.915,71.05999999999995,True,False,True,False,True,True,-1,True,True,False,2.0
2025-10-08,Y2,59.696285714285715,3984.298,4031.375,4037.795,4040.045,4039.855,4038.215,4037.748,4047.935,4045.495,4056.445,4049.805,4044.555,25.480000000000018,True,False,True,False,True,False,1,False,False,True,3.0
2025-10-09,Y2,61.9127142857143,4042.415,4025.655,4044.205,4040.785,4053.175,4055.298,4016.779,4023.699,4014.285,3968.595,3957.245,3972.895,56.447000000000116,False,True,False,True,True,False,1,True,True,False,6.0
2025-10-10,Y2,66.25742857142859,3974.925,3968.045,3986.835,3991.175,3985.415,3992.215,3979.865,3989.695,3997.605,3983.245,3998.805,4011.015,-66.13999999999987,False,False,False,False,True,False,1,False,False,True,4.0
2025-10-13,Y2,67.0362142857143,4000.535,4068.929,4073.785,4083.525,4079.475,4091.155,4093.935,4097.095,4104.735,4105.435,4101.575,4108.385,42.91999999999962,True,False,True,False,True,False,1,False,False,True,4.0
2025-10-14,Y2,71.46907142857147,4110.225,4111.298,4130.175,4118.325,4106.318,4109.958,4123.755,4129.015,4137.695,4140.145,4147.985,4141.355,108.5600000000004,True,False,True,False,False,True,-1,True,False,False,2.0
2025-10-15,Y2,73.46192857142857,4141.955,4199.125,4198.498,4180.919,4190.415,4194.005,4191.848,4199.825,4190.348,4198.745,4200.448,4210.015,30.699999999999818,True,False,True,False,True,False,1,True,False,True,2.0
2025-10-16,Y2,76.2062142857143,4208.395,4222.285,4240.265,4238.248,4235.825,4251.275,4245.335,4263.055,4273.375,4282.475,4290.529,4307.025,64.61999999999989,True,False,True,False,True,False,1,False,False,True,6.0
2025-10-17,Y2,82.0533571428572,4330.965,4359.915,4286.775,4293.039,4314.349,4315.835,4273.635,4248.635,4237.245,4204.545,4235.645,4225.395,118.79999999999927,True,True,False,False,False,True,-1,False,False,True,9.0
2025-10-20,Y2,90.31000000000004,4247.775,4235.948,4278.905,4293.685,4323.215,4319.865,4300.495,4331.969,4348.898,4347.598,4359.069,4377.848,-80.11000000000058,True,False,False,False,True,False,1,False,False,True,7.0
2025-10-21,Y2,96.32164285714286,4354.698,4343.015,4253.165,4228.148,4210.835,4200.498,4173.355,4138.419,4138.405,4113.099,4114.735,4108.685,107.91000000000076,False,True,False,True,False,True,-1,False,False,True,2.0
2025-10-22,Y2,114.52871428571426,4122.565,4155.475,4027.435,4044.939,4033.495,4052.139,4075.575,4014.625,4036.885,4058.879,4076.715,4102.145,-230.34300000000076,False,True,False,False,True,False,1,True,False,False,2.0
2025-10-23,Y2,120.24328571428568,4094.615,4113.345,4109.395,4108.975,4126.875,4147.095,4144.509,4148.125,4141.575,4132.549,4135.798,4118.125,-24.50999999999931,False,False,False,False,True,False,1,False,False,True,2.0
2025-10-24,Y2,122.7675714285714,4127.098,4091.708,4061.205,4060.825,4081.905,4113.695,4105.425,4117.255,4130.235,4129.165,4110.125,4103.865,30.57000000000062,False,True,False,False,False,True,-1,True,False,False,2.0
2025-10-27,Y2,123.75685714285714,4064.051,4078.015,4023.855,4034.189,4045.815,4033.515,4021.905,3987.755,3989.698,3999.095,3999.355,3989.965,-15.542999999999665,False,True,False,True,False,True,-1,False,False,True,4.0
2025-10-28,Y2,129.99757142857143,3983.915,3942.225,3923.375,3921.475,3912.448,3932.585,3938.365,3949.525,3964.595,3958.345,3956.298,3960.275,-82.95600000000013,False,True,False,True,False,True,-1,False,False,False,3.0
2025-10-29,Y2,134.0587142857143,3952.598,3978.035,4016.365,4025.945,4025.235,4018.765,4011.985,4008.015,3992.725,3992.398,3968.805,3945.475,-31.9699999999998,True,False,False,False,True,False,1,True,True,False,3.0
2025-10-30,Y2,134.16085714285717,3921.725,3976.605,3974.245,3970.569,3960.855,3969.345,3995.048,3996.225,4001.565,4001.275,4015.898,4023.205,-24.16300000000001,False,False,False,False,True,False,1,False,False,True,5.0
2025-10-31,Y2,136.7187142857143,4023.075,4012.865,4010.335,4018.945,4022.758,4026.756,4016.285,4020.575,4012.445,3980.595,3999.748,4001.075,102.57999999999993,True,False,False,False,False,False,0,,,,
2025-11-03,Y2,133.6822857142857,3983.498,4025.078,4013.235,4014.155,4015.765,4009.855,4023.726,4008.179,4008.115,4005.889,4004.395,4010.105,-20.92699999999968,False,True,False,False,True,False,1,False,False,False,2.0
2025-11-04,Y2,132.14728571428577,4000.898,3993.985,3984.475,3983.615,3975.485,3951.105,3956.728,3956.665,3968.945,3954.659,3937.195,3938.505,17.567000000000007,False,True,False,True,True,True,1,True,True,False,3.0
2025-11-05,Y2,132.0608571428572,3932.765,3972.285,3969.505,3975.765,3975.725,3983.655,3972.945,3978.175,3986.665,3981.845,3987.598,3984.265,-69.26299999999992,False,False,False,False,True,False,1,False,False,True,3.0
2025-11-06,Y2,127.01850000000003,3975.455,4005.398,4005.035,4013.045,4011.945,3991.605,3993.065,3979.975,3980.705,3985.945,3984.635,3980.388,46.99000000000024,True,False,False,False,True,False,1,True,False,False,2.0
2025-11-07,Y2,117.10564285714291,3976.195,4007.708,3995.825,3996.299,3997.465,4000.265,3993.025,3990.775,4007.625,4005.385,4006.429,4003.865,1.0700000000001637,True,False,False,False,True,True,1,True,True,False,2.0
2025-11-10,Y2,109.30400000000006,3997.898,4075.105,4097.435,4101.785,4091.405,4086.105,4083.255,4084.125,4094.845,4102.385,4113.045,4111.448,24.09400000000005,True,False,True,False,True,False,1,False,False,True,2.0
2025-11-11,Y2,96.64028571428584,4113.098,4129.305,4134.245,4141.345,4142.385,4129.889,4124.439,4106.465,4113.035,4114.185,4122.985,4129.245,117.71699999999964,True,False,True,False,False,True,-1,False,False,False,10.0
2025-11-12,Y2,89.07192857142867,4125.498,4116.955,4130.075,4127.259,4127.015,4131.735,4136.375,4181.095,4196.155,4199.299,4197.179,4195.715,12.396999999999935,True,False,True,False,True,False,1,False,False,True,10.0
2025-11-13,Y2,90.77192857142866,4194.275,4219.945,4242.465,4234.915,4231.765,4211.015,4195.038,4202.305,4206.425,4201.615,4163.675,4163.735,69.10699999999997,True,False,False,False,True,False,1,True,True,False,2.0
2025-11-14,Y2,90.73142857142862,4168.408,4180.895,4115.905,4055.245,4055.265,4053.155,4082.535,4093.515,4105.005,4099.695,4089.855,4086.989,-23.409999999999854,False,True,False,True,False,True,-1,False,False,True,2.0
2025-11-17,Y2,93.69785714285725,4084.898,4088.095,4076.975,4076.265,4065.175,4066.285,4076.095,4063.945,4069.835,4073.135,4010.985,4040.805,-86.38900000000058,False,True,False,False,False,False,0,,,,
2025-11-18,Y2,91.29457142857152,4042.498,4013.585,4032.055,4048.495,4065.115,4074.555,4064.895,4052.925,4066.625,4071.425,4080.995,4069.395,-40.39300000000003,False,True,False,False,True,True,-1,True,True,False,2.0
2025-11-19,Y2,89.0952857142858,4067.848,4086.735,4114.395,4109.165,4110.535,4106.665,4127.585,4096.455,4074.465,4078.725,4073.505,4076.145,24.10699999999997,True,False,False,False,True,False,1,True,False,False,4.0
2025-11-20,Y2,86.63414285714296,4077.265,4059.535,4081.565,4085.115,4079.915,4080.335,4092.675,4069.965,4048.765,4065.895,4084.375,4077.105,7.996999999999844,False,True,False,False,False,True,-1,True,False,False,3.0
2025-11-21,Y2,86.43700000000013,4074.498,4031.365,4065.645,4067.325,4079.365,4066.335,4070.698,4069.289,4099.619,4085.269,4087.365,4067.098,-0.75,False,True,False,False,True,True,-1,True,True,False,2.0
2025-11-24,Y2,87.20157142857154,4070.098,4059.825,4080.115,4080.315,4077.545,4075.565,4081.235,4091.475,4096.975,4092.705,4118.189,4132.315,-10.219000000000051,True,False,True,False,True,False,1,False,False,True,5.0
2025-11-25,Y2,88.84228571428581,4131.378,4132.185,4129.685,4141.148,4147.348,4134.058,4125.055,4123.078,4136.145,4145.945,4133.535,4132.005,64.6210000000001,True,False,False,False,False,True,-1,True,True,False,3.0
2025-11-26,Y2,88.05964285714296,4131.098,4157.225,4154.985,4165.015,4153.148,4141.765,4141.825,4165.235,4166.945,4167.085,4163.065,4163.795,-0.8729999999995925,True,False,True,False,True,False,1,True,False,False,6.0
2025-12-02,Y2,88.02875000000017,4231.198,4213.195,4208.715,4203.465,4212.245,4227.445,4218.635,4169.375,4184.745,4193.575,4196.165,4209.895,8.957000000000335,False,True,False,False,True,True,-1,True,True,False,4.0
2025-12-03,Y2,84.6593333333335,4206.998,4206.515,4213.365,4220.035,4237.025,4224.475,4209.815,4216.105,4200.615,4210.835,4207.635,4205.945,-25.50300000000061,True,False,False,False,True,True,-1,True,True,True,2.0
2025-12-04,Y2,80.2318333333335,4202.898,4193.585,4190.145,4195.155,4198.045,4208.085,4201.025,4207.235,4215.575,4216.355,4208.635,4209.685,-4.582999999999629,False,True,False,False,True,False,1,False,False,False,11.0
2025-12-09,Y2,62.41381818181836,4189.298,4182.185,4204.025,4201.825,4201.385,4193.385,4204.465,4212.278,4212.125,4202.805,4212.375,4211.925,-9.729999999999563,True,True,False,False,True,False,1,False,False,True,4.0
2025-12-10,Y2,60.05681818181835,4207.235,4203.115,4196.215,4197.685,4200.445,4196.445,4192.315,4193.575,4204.645,4199.615,4216.335,4229.348,17.777000000000044,True,False,True,False,False,True,-1,True,True,False,3.0
2025-12-11,Y2,58.75500000000015,4228.448,4215.865,4220.275,4212.645,4220.885,4230.935,4229.965,4255.825,4273.375,4278.465,4273.285,4275.948,20.410000000000764,True,False,True,False,True,False,1,False,False,True,10.0
2025-12-12,Y2,59.031000000000155,4278.898,4286.895,4325.873,4335.835,4340.835,4340.575,4346.589,4290.055,4281.785,4294.105,4296.365,4299.105,50.947000000000116,True,False,True,False,True,True,1,True,True,True,2.0
2025-12-15,Y2,58.739181818181926,4299.298,4338.975,4345.515,4339.195,4331.815,4324.829,4323.385,4318.005,4297.375,4304.245,4314.035,4304.335,19.80699999999979,False,False,False,False,True,True,1,True,True,False,3.0
2025-12-16,Y2,60.131000000000064,4304.898,4287.355,4294.325,4300.978,4312.825,4325.425,4324.305,4319.595,4300.385,4303.385,4310.299,4304.445,4.697000000000116,False,True,False,False,True,False,1,True,False,False,9.0
2025-12-17,Y2,61.971000000000046,4302.098,4317.625,4317.445,4327.865,4341.878,4328.895,4337.849,4330.355,4333.335,4342.365,4336.935,4341.265,-3.8530000000000655,True,False,True,False,True,True,-1,True,True,False,5.0
2025-12-18,Y2,60.792333333333396,4339.53,4331.185,4320.525,4320.505,4336.315,4332.495,4328.375,4337.745,4360.195,4333.135,4324.795,4334.675,35.23700000000008,True,False,False,False,True,True,-1,True,True,False,3.0
2025-12-19,Y2,61.20138461538472,4331.698,4322.335,4326.475,4334.765,4328.105,4327.485,4331.905,4347.595,4349.725,4353.345,4345.025,4339.405,-8.904999999999745,False,False,False,False,True,False,1,True,False,True,9.0
2025-12-22,Y2,60.248538461538516,4338.898,4414.019,4415.535,4418.495,4423.505,4426.235,4419.045,4431.548,4438.435,4438.325,4433.298,4438.455,6.970999999999549,True,False,True,False,True,False,1,False,False,True,2.0
2025-12-23,Y2,63.31876923076925,4446.098,4486.345,4486.025,4488.635,4478.915,4464.735,4445.455,4458.185,4474.045,4472.805,4490.618,4497.448,103.90700000000015,True,False,True,False,False,True,-1,True,True,False,9.0
2025-12-29,Y2,66.83215384615386,4538.698,4474.275,4464.098,4451.295,4421.105,4389.795,4359.885,4325.015,4341.785,4327.975,4336.685,4334.455,42.31999999999971,False,True,False,True,False,True,-1,False,False,True,2.0
2025-12-30,Y2,82.66623076923071,4332.498,4372.098,4401.065,4393.485,4388.075,4390.325,4365.909,4365.085,4377.395,4369.925,4348.345,4341.395,-207.22299999999996,False,False,False,False,True,False,1,True,False,False,2.0
2025-12-31,Y2,84.93799999999989,4340.098,4330.738,4313.485,4328.015,4345.465,4336.548,4345.548,4337.175,4322.618,4321.555,4311.125,4313.045,5.531000000000859,False,True,False,True,False,False,0,,,,
2026-01-02,Y2,88.18569230769215,4323.698,4382.545,4393.978,4374.125,4365.905,4368.175,4352.955,4335.055,4326.305,4322.785,4317.815,4331.325,-21.71900000000005,True,False,False,False,True,True,1,True,True,False,2.0
2026-01-05,Y2,88.99415384615364,4360.875,4421.465,4409.485,4399.315,4416.685,4420.905,4435.998,4448.255,4441.815,4443.295,4439.448,4444.555,7.876999999999498,True,False,True,False,True,False,1,True,False,True,3.0
2026-01-06,Y2,90.11107692307675,4446.615,4459.105,4463.345,4458.875,4467.735,4466.485,4487.255,4477.978,4487.945,4489.098,4481.155,4493.448,87.47000000000025,True,False,True,False,True,False,1,True,False,True,3.0
2026-01-07,Y2,90.44823076923058,4494.298,4460.785,4444.609,4441.915,4452.655,4444.239,4444.548,4445.845,4463.875,4451.685,4456.835,4451.805,46.57000000000062,True,True,False,False,False,True,-1,False,False,False,7.0
2026-01-08,Y2,91.47923076923053,4457.498,4430.725,4427.375,4434.095,4423.575,4427.298,4432.725,4454.035,4462.945,4463.175,4451.875,4475.925,-38.662999999999556,False,True,False,False,False,True,-1,True,True,False,7.0
2026-01-09,Y2,93.33199999999978,4478.698,4470.025,4465.765,4472.355,4482.178,4493.935,4494.075,4511.988,4506.315,4484.105,4498.865,4507.275,20.0570000000007,True,False,True,False,True,False,1,True,False,True,4.0
2026-01-12,Y2,93.19376923076896,4520.298,4587.455,4590.285,4604.495,4615.585,4586.125,4601.775,4620.765,4616.675,4616.195,4611.015,4593.555,30.317000000000007,True,False,True,False,True,False,1,False,False,False,8.0
2026-01-13,Y2,98.61123076923056,4599.498,4580.495,4592.995,4599.915,4611.165,4618.118,4629.075,4618.885,4612.985,4590.255,4597.325,4585.718,78.2470000000003,True,False,False,False,True,False,1,True,True,False,8.0
2026-01-14,Y2,94.97969230769209,4586.165,4632.125,4638.485,4631.165,4635.535,4634.888,4616.958,4617.735,4616.805,4614.075,4639.045,4632.445,-13.842999999999847,True,False,False,False,True,False,1,True,False,False,7.0
2026-01-15,Y2,93.96707692307672,4629.225,4601.585,4613.785,4605.095,4588.195,4602.495,4610.508,4615.165,4605.315,4616.065,4615.635,4605.555,39.899999999999636,False,True,False,False,True,False,1,True,False,False,5.0
2026-01-16,Y2,90.88585714285702,4613.498,4607.245,4601.628,4586.655,4601.605,4598.619,4607.475,4570.835,4590.965,4581.155,4590.285,4581.685,-14.405999999999949,False,True,False,False,True,True,1,True,True,False,6.0
2026-01-21,Y2,82.04169230769227,4761.375,4855.075,4865.313,4867.845,4879.195,4860.085,4851.515,4847.535,4833.295,4826.155,4780.858,4826.345,91.64699999999993,True,False,True,False,False,False,0,,,,
2026-01-22,Y2,84.62861538461536,4832.695,4832.465,4819.365,4826.988,4822.095,4829.295,4834.498,4871.645,4877.875,4904.355,4911.595,4916.875,70.3100000000004,True,False,True,False,True,False,1,False,False,True,2.0
2026-01-23,Y2,90.48399999999995,4935.698,4944.305,4939.175,4930.765,4938.865,4939.715,4943.005,4960.345,4980.165,4965.585,4983.875,4980.725,102.99000000000069,True,False,True,False,True,True,-1,True,True,False,3.0
2026-01-26,Y2,88.87861538461536,5003.285,5088.815,5078.665,5071.295,5068.515,5078.195,5095.898,5090.655,5089.375,5100.855,5028.265,5055.095,48.086999999999534,True,False,True,False,False,False,0,,,,
2026-01-27,Y2,92.85992307692308,5011.698,5085.725,5084.835,5080.755,5077.055,5059.275,5052.048,5090.575,5087.265,5081.035,5098.715,5176.548,6.25,True,False,True,False,True,False,1,True,False,True,2.0
2026-01-28,Y2,100.71407692307695,5178.725,5290.285,5278.965,5280.805,5266.575,5259.325,5285.459,5278.045,5299.585,5298.218,5324.889,5376.435,166.97699999999986,True,False,True,False,True,False,1,False,False,True,2.0
2026-01-29,Y2,115.32307692307691,5417.098,5548.725,5533.955,5519.355,5510.325,5543.205,5496.055,5181.825,5263.715,5334.475,5305.395,5393.565,235.84999999999945,True,True,False,False,False,True,-1,False,False,True,10.0
2026-01-30,Y2,148.68669230769228,5384.575,5180.805,5063.545,5022.788,5018.805,5071.535,5031.698,5050.035,4984.515,4848.798,4931.975,4846.808,-38.28300000000036,False,True,False,True,False,True,-1,False,False,True,3.0
2026-02-02,Y2,198.91307692307686,4817.598,4586.195,4793.505,4738.429,4705.769,4721.258,4705.108,4619.235,4665.528,4673.395,4684.708,4652.675,-493.3800000000001,False,True,False,True,False,False,0,,,,
2026-02-03,Y2,231.0753846153846,4670.098,4916.905,4913.395,4933.795,4932.685,4924.645,4916.315,4935.265,4955.358,4928.405,4926.925,4943.988,-160.35300000000007,True,False,True,False,True,False,1,False,False,True,2.0
2026-02-04,Y2,252.23999999999998,4940.908,5084.298,5040.955,5048.645,5053.775,5031.095,4984.379,4919.975,4904.175,4897.405,4941.515,4937.705,274.567,True,False,False,False,True,True,1,True,True,False,2.0
2026-02-05,Y2,267.3476923076923,4960.488,4914.805,4853.039,4850.698,4835.075,4834.985,4844.475,4817.265,4888.708,4868.655,4828.879,4811.135,23.216999999999643,False,True,False,True,False,False,0,,,,
2026-02-06,Y2,281.2020769230769,4791.698,4840.185,4900.145,4908.469,4928.625,4904.805,4947.038,4943.455,4951.525,4960.305,4957.065,4953.098,-184.683,False,True,False,False,True,False,1,False,False,True,7.0
2026-02-09,Y2,283.7264285714286,4980.098,5006.125,5013.135,5004.035,5006.745,5020.685,5037.605,5058.705,5073.105,5045.965,5074.275,5079.385,172.59999999999945,True,False,True,False,True,False,1,False,False,True,10.0
2026-02-10,Y2,284.92357142857145,5048.968,5033.519,5031.995,5037.285,5050.795,5070.045,5038.988,5019.035,5023.575,5025.639,5027.705,5029.898,78.21699999999964,False,False,False,False,True,True,1,True,True,False,4.0
2026-02-11,Y2,282.0669285714286,5022.498,5054.735,5083.025,5080.508,5065.495,5070.685,5059.008,5059.515,5074.748,5091.195,5081.695,5086.625,-24.590000000000146,True,False,True,False,True,True,1,True,True,True,2.0
2026-02-12,Y2,277.23764285714293,5084.198,5063.415,5052.475,5062.125,5075.098,5059.695,5044.045,5060.295,4954.295,4940.645,4945.425,4914.859,61.027000000000044,False,True,False,True,True,True,1,True,True,False,4.0
2026-02-13,Y2,286.69571428571436,4916.308,4974.705,4969.275,4966.485,4986.298,5002.355,4995.225,4976.375,5007.635,5020.745,5023.595,5032.315,-162.933,False,False,False,False,True,False,1,False,False,True,8.0
2026-02-18,Y2,290.13615384615395,4874.828,4929.945,4942.915,4955.815,4954.285,4960.715,4991.535,4997.765,5000.185,4998.855,4980.335,4984.595,-115.63299999999981,True,False,False,False,True,False,1,False,False,True,2.0
2026-02-19,Y2,263.9053846153847,4971.648,5010.005,4984.635,4982.895,4996.795,4978.025,5005.138,5013.398,4994.885,4984.635,4987.715,5001.505,100.88699999999972,True,False,False,False,True,False,1,True,False,False,2.0
2026-02-20,Y2,209.36284615384633,4992.808,5006.035,5024.955,5028.388,5043.265,5041.025,5053.915,5042.318,5065.968,5072.625,5079.165,5096.635,22.037000000000262,True,False,True,False,True,False,1,True,False,True,3.0
2026-02-23,Y2,181.91461538461562,5106.098,5136.245,5163.835,5149.465,5145.995,5165.015,5192.245,5195.588,5209.755,5207.748,5215.265,5236.205,113.36099999999988,True,False,True,False,True,True,-1,True,True,False,2.0
2026-02-24,Y2,167.2297692307695,5225.898,5178.869,5150.325,5156.035,5114.665,5114.915,5127.615,5150.098,5141.795,5163.348,5153.735,5163.655,120.53700000000026,True,True,False,False,False,True,-1,False,False,True,8.0
2026-02-25,Y2,160.2390000000002,5137.095,5184.415,5182.505,5187.685,5184.895,5177.495,5190.925,5194.625,5211.985,5206.615,5204.785,5151.765,-84.55299999999988,False,False,False,False,True,False,1,True,False,False,11.0
2026-02-26,Y2,146.877230769231,5157.898,5186.075,5183.495,5174.095,5165.735,5170.005,5164.365,5185.388,5179.475,5167.315,5186.548,5196.195,27.81999999999971,False,False,False,False,False,True,-1,True,False,False,9.0
2026-02-27,Y2,128.35238461538484,5180.488,5176.135,5187.205,5234.938,5222.575,5231.025,5223.315,5239.365,5228.785,5234.348,5249.705,5262.995,24.817000000000007,True,False,True,False,True,False,1,False,False,True,8.0
2026-03-02,Y2,127.63569230769245,5372.198,5408.075,5396.875,5401.425,5393.675,5333.475,5331.248,5314.925,5289.725,5306.705,5330.235,5331.995,98.22999999999956,True,False,True,False,True,True,1,True,True,False,2.0
2026-03-03,Y2,132.7159230769232,5321.098,5327.395,5224.045,5176.909,5156.405,5145.635,5038.195,5094.998,5106.788,5079.085,5113.485,5096.985,-50.353000000000065,False,True,False,True,False,True,-1,False,False,True,4.0
2026-03-04,Y2,154.5205384615386,5099.298,5168.148,5171.195,5192.025,5167.465,5166.155,5142.758,5150.995,5149.485,5140.765,5137.495,5134.505,-236.23300000000017,False,False,False,False,True,False,1,True,False,False,5.0
2026-03-05,Y2,146.56546153846165,5148.898,5161.805,5162.618,5120.915,5117.805,5120.005,5101.675,5102.255,5077.435,5062.595,5065.805,5076.405,41.027000000000044,False,True,False,True,False,True,-1,False,False,True,8.0
2026-03-06,Y2,145.3554615384616,5079.318,5119.455,5082.715,5082.138,5084.785,5104.325,5129.828,5141.585,5139.805,5140.375,5159.535,5153.195,-65.72299999999996,False,False,False,False,True,True,-1,True,True,False,6.0
2026-03-09,Y2,143.0388571428572,5178.935,5097.415,5087.935,5109.115,5094.615,5094.245,5073.935,5093.665,5099.015,5104.368,5122.945,5140.785,92.47999999999956,True,True,False,False,False,False,0,,,,
2026-03-10,Y2,144.5740714285715,5138.475,5175.035,5175.005,5179.895,5186.795,5221.305,5204.795,5206.445,5228.365,5227.355,5191.475,5198.648,-40.0,True,False,False,False,True,False,1,False,False,True,4.0
2026-03-11,Y2,142.0212142857144,5188.365,5197.325,5181.005,5190.045,5167.265,5181.315,5176.665,5182.945,5166.075,5175.475,5172.265,5182.965,52.3799999999992,False,False,False,False,False,True,-1,False,False,True,3.0
2026-03-12,Y2,142.87714285714296,5178.078,5165.905,5178.855,5171.795,5181.015,5170.955,5150.945,5142.565,5131.938,5122.905,5094.215,5084.595,-12.25,False,True,False,True,True,True,1,True,True,False,3.0
2026-03-13,Y2,143.6064285714286,5078.818,5088.015,5107.345,5113.495,5118.115,5108.455,5100.608,5041.335,5033.945,5045.725,5046.335,5016.078,-99.02300000000014,False,True,False,True,False,True,-1,True,False,True,3.0
2026-03-16,Y2,142.03235714285717,5003.001,5011.965,4996.965,5022.128,5019.735,5021.295,5029.575,4995.785,4986.875,4990.485,5012.575,5012.605,-60.720000000000255,False,True,False,True,True,True,-1,True,True,False,5.0
2026-03-17,Y2,135.90664285714294,5005.098,5009.825,5002.995,5019.855,5011.395,5012.625,5016.605,5007.265,4997.738,5001.695,5003.555,5000.055,1.5339999999996508,True,False,False,False,False,True,-1,True,False,False,6.0
2026-03-18,Y2,134.5154285714286,5004.865,5009.075,4930.085,4901.365,4881.245,4861.335,4877.875,4869.495,4862.165,4886.695,4852.775,4842.935,1.4070000000001528,False,True,False,True,False,True,-1,False,False,True,4.0
2026-03-19,Y2,144.06328571428568,4823.598,4763.475,4651.455,4606.225,4573.915,4576.475,4620.505,4601.295,4596.035,4584.615,4622.665,4643.765,-186.60999999999967,False,True,False,True,False,True,-1,False,False,True,3.0
2026-03-20,Y2,161.95928571428567,4650.498,4668.835,4671.535,4678.285,4677.935,4659.985,4616.115,4563.705,4553.085,4582.898,4499.625,4501.135,-174.22299999999996,False,True,False,True,False,True,-1,True,False,True,6.0
2026-03-23,Y2,169.09714285714284,4470.705,4220.075,4378.825,4389.295,4478.108,4409.365,4454.145,4461.238,4363.158,4375.285,4448.625,4398.025,-160.4429999999993,False,True,False,True,True,True,-1,True,True,False,3.0
2026-03-24,Y2,172.90142857142857,4411.898,4401.885,4407.375,4402.015,4378.885,4356.108,4381.175,4415.005,4411.158,4420.958,4389.275,4400.085,-64.80999999999949,False,False,False,False,False,False,0,,,,
2026-03-25,Y2,177.13378571428575,4471.098,4545.365,4578.605,4544.205,4543.735,4568.955,4544.595,4566.935,4558.775,4554.838,4537.925,4530.835,59.9369999999999,True,False,True,False,False,True,-1,True,False,True,5.0
2026-03-26,Y2,177.34021428571435,4508.498,4456.265,4422.775,4436.265,4429.205,4447.765,4452.205,4464.735,4437.945,4388.775,4394.285,4363.765,34.22699999999986,False,True,False,True,False,True,-1,False,False,True,4.0
2026-03-27,Y2,183.08000000000007,4389.735,4459.395,4419.495,4429.245,4437.605,4421.865,4430.465,4509.465,4523.905,4515.835,4516.298,4514.115,-129.1229999999996,True,False,False,False,True,False,1,False,False,True,10.0
2026-03-30,Y2,182.91478571428576,4491.518,4532.305,4559.355,4565.595,4569.345,4567.325,4522.975,4538.565,4547.915,4539.695,4498.865,4513.095,102.64000000000033,True,False,False,False,True,False,1,False,False,False,2.0
2026-03-31,Y2,185.87907142857148,4510.638,4557.005,4582.155,4579.195,4574.475,4572.998,4606.295,4598.855,4609.065,4638.005,4667.075,4682.465,19.36700000000019,True,False,True,False,True,False,1,False,False,True,10.0
2026-04-01,Y2,195.2269285714286,4669.735,4730.655,4752.165,4734.278,4724.535,4736.085,4737.058,4760.525,4786.225,4786.855,4752.985,4765.735,157.47699999999986,True,False,True,False,True,False,1,False,False,True,2.0
2026-04-02,Y2,194.8638571428572,4757.505,4598.485,4599.875,4625.365,4601.695,4597.265,4646.035,4681.045,4660.715,4658.715,4668.138,4671.695,87.82999999999993,True,True,False,False,False,True,-1,True,False,False,2.0
2026-04-06,Y2,204.02792857142862,4651.645,4665.745,4677.615,4665.825,4675.505,4668.945,4679.865,4682.418,4667.698,4660.295,4658.115,4655.098,-81.69999999999982,False,False,False,False,True,False,1,False,False,False,3.0
2026-04-07,Y2,206.5479285714286,4648.898,4652.975,4659.535,4665.475,4651.258,4657.615,4643.635,4632.735,4655.098,4656.725,4661.855,4700.415,-3.040000000000873,True,False,False,False,True,True,1,True,True,True,4.0
2026-04-08,Y2,209.4243571428572,4718.018,4819.675,4798.085,4783.955,4799.295,4789.918,4777.168,4735.905,4756.175,4760.098,4704.825,4730.465,55.886999999999716,True,False,False,False,False,True,-1,False,False,True,5.0
2026-04-09,Y2,205.73671428571438,4718.098,4712.245,4756.615,4737.415,4745.745,4752.258,4764.048,4768.575,4792.738,4788.645,4771.755,4768.665,-2.1829999999999927,False,True,False,False,True,False,1,False,False,True,4.0
2026-04-10,Y2,187.02550000000014,4766.498,4745.725,4768.115,4762.465,4771.615,4775.635,4775.015,4774.418,4761.875,4763.605,4764.935,4759.585,45.2470000000003,False,False,False,False,True,True,-1,True,True,False,4.0
2026-04-13,Y2,173.157642857143,4634.998,4725.405,4706.745,4710.455,4723.218,4733.355,4730.115,4718.715,4714.195,4732.795,4738.165,4740.968,-19.562999999999192,False,True,False,False,True,False,1,False,False,True,2.0
2026-04-14,Y2,150.09957142857164,4742.318,4781.945,4774.755,4768.225,4771.265,4782.585,4794.388,4803.645,4807.865,4809.965,4835.375,4844.735,104.64700000000084,True,False,True,False,True,False,1,True,False,True,2.0
2026-04-15,Y2,144.77100000000019,4836.618,4811.655,4812.495,4812.485,4811.305,4821.625,4828.555,4815.405,4801.435,4803.655,4799.435,4795.605,98.83699999999953,True,False,False,False,False,True,-1,False,False,True,2.0
2026-04-16,Y2,140.37192857142873,4787.135,4825.845,4822.015,4814.475,4815.955,4815.285,4794.358,4788.555,4806.955,4791.915,4789.435,4793.445,-47.25300000000061,False,True,False,False,False,True,-1,True,False,True,4.0
2026-04-17,Y2,131.24028571428587,4790.395,4784.975,4799.005,4817.216,4846.215,4851.065,4880.613,4872.885,4867.078,4866.685,4857.858,4854.098,0.8400000000001455,True,True,False,False,True,False,1,False,False,True,7.0
2026-04-20,Y2,127.06921428571442,4767.405,4795.635,4810.325,4805.345,4803.245,4824.148,4817.855,4804.858,4799.515,4805.445,4813.588,4814.135,38.719999999999345,False,True,False,False,True,False,1,False,False,True,8.0
2026-04-21,Y2,121.92014285714296,4821.098,4778.065,4794.595,4779.945,4778.955,4774.455,4778.795,4739.095,4741.385,4710.935,4709.605,4678.875,52.86000000000058,True,True,False,True,False,True,-1,False,False,True,2.0
2026-04-22,Y2,119.04514285714296,4720.145,4767.525,4750.155,4752.985,4744.065,4749.758,4752.685,4735.885,4727.395,4728.495,4741.545,4739.985,-101.05299999999988,False,False,False,False,True,False,1,True,False,False,3.0
2026-04-23,Y2,113.7308571428572,4739.945,4712.615,4720.585,4731.586,4740.005,4727.285,4724.115,4733.515,4720.345,4732.825,4700.665,4695.915,19.209999999999127,False,True,False,True,False,True,-1,True,False,False,6.0
2026-04-24,Y2,102.48178571428578,4698.245,4671.605,4706.705,4709.975,4700.765,4696.845,4711.475,4726.275,4726.935,4726.655,4722.625,4716.265,-47.590000000000146,False,True,False,False,True,False,1,False,False,False,7.0
2026-04-27,Y2,100.81321428571437,4697.248,4712.538,4704.825,4706.895,4699.045,4699.865,4695.945,4678.045,4669.805,4676.525,4680.445,4680.695,9.61999999999989,False,False,False,False,False,True,-1,False,False,False,11.0
2026-04-28,Y2,97.36250000000005,4681.698,4628.655,4562.535,4580.025,4593.465,4580.998,4580.225,4574.365,4586.215,4592.095,4594.015,4595.385,-16.682999999999993,False,True,False,True,False,True,-1,False,False,True,2.0
2026-04-29,Y2,96.5465714285715,4596.205,4584.325,4561.495,4559.145,4544.855,4537.595,4521.445,4539.105,4547.495,4545.245,4537.945,4546.745,-87.26299999999992,False,True,False,True,False,True,-1,False,False,True,3.0
2026-04-30,Y2,96.36014285714289,4543.185,4589.185,4630.105,4629.625,4639.435,4633.365,4610.515,4619.515,4615.075,4607.355,4622.295,4616.925,-52.779999999999745,True,False,True,False,True,False,1,False,False,True,2.0
2026-05-01,Y2,99.43657142857144,4624.875,4594.455,4578.465,4602.855,4591.045,4589.025,4624.875,4631.965,4642.985,4638.575,4624.275,4610.615,78.84999999999945,True,False,False,False,True,True,-1,True,True,False,2.0
2026-05-04,Y2,98.38607142857134,4632.938,4588.218,4560.165,4568.445,4568.165,4561.135,4563.785,4561.315,4521.375,4510.645,4516.195,4517.585,-11.317000000000007,False,True,False,True,False,True,-1,False,False,True,2.0
2026-05-05,Y2,100.73678571428562,4521.985,4547.975,4562.485,4573.555,4564.135,4576.685,4578.608,4582.175,4568.305,4561.055,4560.975,4554.485,-110.6230000000005,False,False,False,False,True,False,1,False,False,True,2.0
2026-05-06,Y2,99.87035714285705,4555.965,4669.215,4691.995,4683.175,4683.055,4684.905,4701.758,4702.845,4687.455,4682.975,4685.955,4692.245,32.89000000000033,True,False,True,False,True,False,1,False,False,True,2.0
2026-05-07,Y2,107.82842857142843,4691.535,4738.766,4742.785,4737.915,4749.915,4744.935,4746.115,4762.565,4729.165,4714.855,4709.555,4702.745,135.0,True,False,False,False,True,False,1,True,True,False,2.0
2026-05-08,Y2,104.87735714285704,4679.745,4725.268,4717.615,4709.815,4723.958,4727.085,4747.635,4715.765,4707.015,4712.255,4721.725,4723.765,-6.389999999999418,False,True,False,False,True,False,1,True,False,False,2.0
2026-05-11,Y2,103.65478571428561,4681.255,4678.265,4674.695,4690.425,4699.835,4728.115,4735.625,4725.445,4732.155,4716.305,4724.895,4733.315,32.909999999999854,False,True,False,False,True,False,1,False,False,True,9.0
2026-05-12,Y2,99.08978571428555,4734.698,4696.975,4706.495,4697.155,4705.515,4690.475,4679.155,4672.785,4665.995,4671.265,4695.875,4715.435,53.93000000000029,True,True,False,False,False,True,-1,False,False,False,2.0
2026-05-13,Y2,104.66121428571412,4713.905,4701.655,4696.995,4683.555,4683.385,4688.395,4679.155,4679.625,4695.365,4695.605,4684.805,4688.025,-20.69300000000021,False,False,False,False,False,True,-1,True,False,False,5.0
2026-05-14,Y2,102.35142857142844,4689.298,4699.715,4693.518,4702.715,4704.535,4687.875,4679.225,4679.205,4685.438,4678.325,4671.575,4653.818,-25.300000000000182,False,True,False,True,True,True,1,True,True,False,3.0
2026-05-15,Y2,101.78664285714272,4650.795,4569.785,4551.885,4554.985,4545.635,4548.765,4533.285,4562.625,4539.765,4544.335,4559.115,4545.585,-40.40299999999934,False,True,False,True,False,True,-1,False,False,True,2.0
2026-05-18,Y2,108.2944999999999,4531.698,4546.565,4550.665,4550.495,4571.065,4571.745,4575.505,4546.365,4543.405,4549.918,4535.515,4558.305,-111.89699999999993,False,True,False,False,True,False,1,False,False,True,3.0
2026-05-19,Y2,105.2666428571428,4566.825,4547.775,4530.405,4543.265,4536.955,4492.065,4503.088,4493.925,4508.275,4507.615,4493.375,4483.275,34.6269999999995,True,True,False,False,False,True,-1,False,False,True,6.0
2026-05-20,Y2,107.00664285714285,4481.998,4473.975,4498.925,4499.495,4495.965,4489.265,4482.865,4531.145,4528.978,4534.275,4542.025,4545.535,-85.0,False,True,False,False,True,False,1,False,False,True,10.0
2026-05-21,Y2,106.42164285714281,4542.695,4521.435,4513.905,4506.415,4503.925,4501.035,4513.075,4508.625,4511.735,4519.395,4531.935,4542.925,61.707000000000335,True,False,False,False,False,True,-1,True,False,False,3.0
2026-05-22,Y2,105.16235714285715,4544.058,4526.465,4520.335,4521.555,4528.711,4521.405,4513.285,4500.445,4519.785,4514.885,4515.015,4508.018,-0.5799999999999272,False,False,False,False,False,True,-1,True,False,False,10.0
2026-05-27,Y2,95.19946153846173,4535.898,4485.445,4428.455,4454.495,4438.735,4404.605,4427.325,4433.785,4436.335,4450.675,4454.168,4450.675,-63.83300000000054,False,True,False,True,False,True,-1,False,False,True,2.0
2026-05-28,Y2,99.53430769230789,4454.915,4383.325,4387.855,4384.895,4432.115,4428.445,4429.775,4469.525,4482.005,4510.765,4500.758,4497.788,-84.02300000000014,False,True,False,False,True,False,1,False,False,True,10.0
2026-05-29,Y2,105.43223076923103,4494.685,4523.465,4538.375,4522.055,4522.935,4528.025,4536.765,4563.845,4570.765,4566.845,4552.825,4544.095,40.6899999999996,True,False,True,False,True,False,1,False,False,True,2.0
2026-06-01,Y2,105.84146153846177,4519.755,4501.285,4505.635,4505.305,4502.365,4464.515,4447.905,4458.645,4473.925,4479.885,4486.405,4480.955,42.81299999999919,False,True,False,True,False,True,-1,False,False,True,2.0
2026-06-02,Y2,103.00069230769252,4487.098,4535.485,4527.735,4529.225,4514.405,4510.485,4502.285,4503.945,4502.075,4491.705,4487.195,4487.885,-35.23999999999978,False,False,False,False,True,False,1,True,False,False,2.0
2026-06-03,Y2,104.65638461538478,4489.978,4462.695,4462.265,4452.675,4460.035,4448.375,4445.715,4456.925,4441.925,4441.665,4441.825,4443.655,1.7669999999998254,False,True,False,True,False,True,-1,False,False,True,2.0
2026-06-04,Y2,104.3269230769233,4437.698,4467.925,4511.185,4498.105,4503.875,4504.585,4495.625,4465.795,4477.205,4482.565,4477.925,4480.715,-55.5029999999997,True,True,False,False,True,False,1,True,False,False,7.0
2026-06-05,Y2,99.52384615384632,4474.098,4452.635,4470.035,4464.265,4406.355,4404.165,4365.435,4369.535,4335.185,4344.775,4322.195,4318.505,36.61699999999928,False,True,False,True,True,True,-1,True,True,True,2.0
2026-06-08,Y2,104.59053846153857,4326.898,4299.825,4330.948,4329.995,4333.045,4331.215,4326.785,4330.875,4341.585,4340.515,4334.495,4326.475,-147.39300000000003,False,True,False,False,False,False,0,,,,
2026-06-09,Y2,101.53515384615395,4329.898,4330.375,4339.685,4335.665,4341.245,4330.995,4328.445,4300.285,4272.035,4251.815,4269.875,4258.378,-0.7229999999999563,True,True,False,True,True,True,1,True,True,False,9.0
2026-06-10,Y2,103.65207692307705,4252.015,4203.525,4147.535,4141.098,4147.225,4148.985,4179.475,4124.745,4128.675,4121.795,4101.475,4082.505,-69.26299999999992,False,True,False,True,False,True,-1,False,False,True,4.0
2026-06-11,Y2,111.94053846153855,4068.698,4094.525,4079.975,4068.155,4081.715,4075.205,4083.185,4073.235,4088.715,4080.085,4161.615,4208.458,-180.0600000000004,False,True,False,False,False,False,0,,,,
2026-06-12,Y2,122.87207692307699,4211.498,4183.845,4206.845,4200.875,4191.445,4202.645,4185.935,4203.885,4211.685,4215.665,4215.428,4210.425,143.30700000000024,True,False,False,False,False,True,-1,True,False,False,3.0
2026-06-15,Y2,119.55692857142864,4273.098,4308.245,4335.095,4337.255,4348.805,4353.215,4355.135,4356.495,4356.175,4339.015,4325.485,4320.525,6.267000000000735,True,False,True,False,True,False,1,True,False,False,4.0
2026-06-16,Y2,120.41692857142857,4308.898,4323.705,4340.705,4343.515,4354.405,4334.935,4331.435,4323.895,4335.035,4340.465,4338.345,4334.105,36.21699999999964,False,False,False,False,True,False,1,True,False,False,3.0
2026-06-17,Y2,114.18671428571422,4331.365,4331.595,4322.985,4324.135,4333.455,4335.295,4339.555,4344.158,4363.445,4359.278,4285.505,4235.585,22.096999999999753,True,True,False,True,True,True,-1,True,True,True,4.0
2026-06-18,Y2,115.11885714285702,4254.435,4306.285,4241.875,4254.925,4246.405,4262.845,4256.325,4252.155,4226.428,4219.661,4218.148,4216.505,-74.51000000000022,False,True,False,True,False,True,-1,False,False,True,5.0
2026-06-23,Y2,118.62692307692302,4191.458,4114.105,4123.015,4114.975,4112.885,4115.625,4135.048,4130.175,4138.515,4134.015,4117.655,4111.435,51.46699999999964,False,True,False,True,False,True,-1,False,False,True,2.0
2026-06-24,Y2,121.51692307692299,4111.898,4086.525,4046.515,4015.415,3987.535,3975.325,4037.945,4007.875,4002.405,4006.348,3981.571,3987.755,-80.42299999999977,False,True,False,True,False,True,-1,False,False,True,7.0
2026-06-25,Y2,126.48999999999992,4003.035,3977.385,3979.905,3983.125,4012.495,4021.855,4002.115,4011.845,4041.045,4028.485,4034.438,4026.525,-114.29300000000012,False,False,False,False,True,False,1,False,False,True,8.0
2026-06-26,Y2,119.74738461538453,4029.098,4031.835,4045.835,4046.055,4059.305,4056.655,4073.015,4080.145,4090.225,4084.845,4067.115,4071.415,21.059999999999945,True,False,True,False,True,False,1,False,False,True,2.0
2026-06-29,Y2,121.9166153846153,4086.298,4062.205,4039.285,4038.275,4043.485,4037.735,4032.325,4025.365,4026.895,4023.645,4013.175,4015.595,58.81700000000001,False,False,False,False,False,True,-1,False,False,True,5.0
2026-06-30,Y2,118.7950769230768,4015.898,4029.268,4033.775,4016.435,4009.565,4023.615,4029.345,4037.125,4028.965,4025.815,4028.005,4015.605,-70.37299999999959,False,True,False,False,True,False,1,False,False,False,2.0
