tday,side,risk,gross,why,price,per
2023-10-18,1,11.85349999999994,11.85349999999994,target,1945.015,A
2023-11-14,1,10.468499999999949,10.468499999999949,target,1956.435,A
2023-12-04,-1,29.81999999999971,29.81999999999971,target,2067.465,A
2023-12-11,-1,8.510000000000218,8.510000000000218,target,1992.725,A
2023-12-21,1,8.143500000000131,0.8600000000001273,time,2043.145,A
2024-01-02,1,8.764999999999873,-8.764999999999873,stop,2078.235,A
2024-01-08,-1,11.169999999999845,-11.169999999999845,stop,2025.555,A
2024-01-17,-1,13.13149999999996,6.059999999999945,time,2012.075,A
2024-02-02,-1,15.544999999999845,2.8200000000001637,time,2038.765,A
2024-02-05,-1,8.384999999999764,8.384999999999764,target,2024.855,A
2024-03-21,-1,10.534999999999854,10.534999999999854,target,2191.785,A
2024-03-22,-1,10.260000000000218,-10.260000000000218,stop,2167.615,A
2024-03-27,1,11.450000000000273,4.360000000000127,time,2188.895,A
2024-03-28,1,10.419999999999618,10.419999999999618,target,2204.305,A
2024-04-01,-1,17.894999999999982,-7.873000000000047,time,2236.775,A
2024-04-02,1,8.713500000000295,8.713500000000295,target,2261.905,A
2024-04-03,-1,9.629500000000462,-9.629500000000462,stop,2272.595,A
2024-04-05,1,12.968499999999949,12.968499999999949,target,2292.285,A
2024-04-09,1,12.097999999999956,-12.097999999999956,stop,2355.048,A
2024-04-10,-1,13.919999999999618,13.919999999999618,target,2338.445,A
2024-04-12,1,13.535499999999956,13.535499999999956,target,2397.995,A
2024-04-15,-1,10.91000000000031,-10.91000000000031,stop,2346.095,A
2024-04-16,-1,14.193499999999858,-14.193499999999858,stop,2369.998,A
2024-04-17,1,8.083000000000084,-8.083000000000084,stop,2388.438,A
2024-04-18,1,8.78500000000031,8.78500000000031,target,2379.065,A
2024-04-22,-1,14.945000000000164,14.945000000000164,target,2359.305,A
2024-04-23,-1,19.47149999999965,-19.47149999999965,stop,2295.385,A
2024-04-24,-1,10.114999999999782,-10.114999999999782,stop,2312.735,A
2024-04-25,1,9.193500000000313,9.193500000000313,target,2322.635,A
2024-04-29,1,8.938500000000204,-8.938500000000204,stop,2337.165,A
2024-04-30,-1,8.545000000000073,8.545000000000073,target,2320.305,A
2024-05-02,-1,9.716499999999542,9.716499999999542,target,2309.885,A
2024-05-06,1,13.004999999999654,13.004999999999654,target,2316.435,A
2024-05-08,-1,8.604999999999563,-8.604999999999563,stop,2305.505,A
2024-05-20,-1,23.375,-23.375,stop,2409.825,A
2024-05-22,-1,8.264999999999873,-8.264999999999873,stop,2410.514,A
2024-05-23,-1,14.940000000000055,14.940000000000055,target,2355.955,A
2024-05-30,1,9.436999999999898,9.436999999999898,target,2340.545,A
2024-05-31,1,10.26150000000007,-10.26150000000007,stop,2352.488,A
2024-06-05,1,8.375,8.375,target,2342.035,A
2024-06-06,1,12.501500000000306,-4.680000000000291,time,2377.108,A
2024-06-07,-1,27.361499999999978,27.361499999999978,target,2351.075,A
2024-06-11,1,9.659999999999854,0.8429999999998472,time,2314.375,A
2024-06-12,1,15.330500000000029,-8.069999999999709,time,2329.285,A
2024-06-13,-1,8.9050000000002,-8.9050000000002,stop,2306.495,A
2024-06-26,-1,8.871499999999742,-8.871499999999742,stop,2308.225,A
2024-07-17,-1,9.556499999999687,-9.556499999999687,stop,2463.545,A
2024-07-19,-1,16.309999999999945,16.309999999999945,target,2416.395,A
2024-07-25,-1,20.389999999999873,1.0070000000000618,time,2363.445,A
2024-07-26,1,14.228499999999713,4.480000000000018,time,2381.725,A
2024-07-31,1,10.849999999999909,10.849999999999909,target,2423.735,A
2024-08-01,-1,11.191499999999905,-11.191499999999905,stop,2436.565,A
2024-08-02,1,20.054999999999836,-20.054999999999836,stop,2470.855,A
2024-08-05,-1,27.86349999999993,27.86349999999993,target,2408.418,A
2024-08-06,-1,11.281500000000506,-11.281500000000506,stop,2396.845,A
2024-08-07,1,9.342000000000098,9.342000000000098,target,2396.795,A
2024-08-08,1,9.465000000000146,9.465000000000146,target,2398.915,A
2024-08-14,1,13.795000000000073,-13.795000000000073,stop,2477.615,A
2024-08-19,-1,9.619999999999436,-9.619999999999436,stop,2491.155,A
2024-08-22,-1,9.579499999999825,9.579499999999825,target,2497.295,A
2024-08-28,-1,12.166499999999814,-2.582999999999629,time,2504.945,A
2024-09-19,1,14.379999999999654,14.379999999999654,target,2577.095,A
2024-09-23,-1,8.556999999999789,-8.556999999999789,stop,2615.018,A
2024-09-24,1,8.402999999999793,8.402999999999793,target,2640.218,A
2024-09-25,-1,8.366499999999633,-8.366499999999633,stop,2653.985,A
2024-09-30,-1,11.716499999999996,11.716499999999996,target,2644.855,A
2024-10-02,-1,11.75,-11.75,stop,2641.475,Y1
2024-10-03,-1,8.49499999999989,8.49499999999989,target,2648.775,Y1
2024-10-04,-1,20.202499999999873,-20.202499999999873,stop,2640.724,Y1
2024-10-08,-1,8.555000000000291,-8.555000000000291,stop,2632.325,Y1
2024-10-11,1,10.418500000000222,10.418500000000222,target,2647.435,Y1
2024-10-14,1,13.61850000000004,-13.61850000000004,stop,2665.435,Y1
2024-10-15,1,9.11349999999993,9.11349999999993,target,2654.395,Y1
2024-10-16,1,8.49350000000004,8.49350000000004,target,2672.985,Y1
2024-10-18,1,11.116500000000087,5.4099999999998545,time,2714.138,Y1
2024-10-22,1,8.511999999999716,8.511999999999716,target,2736.515,Y1
2024-10-23,1,9.043500000000222,-9.043500000000222,stop,2754.435,Y1
2024-10-29,1,10.190000000000055,10.190000000000055,target,2760.555,Y1
2024-11-01,1,9.820000000000164,-9.820000000000164,stop,2760.935,Y1
2024-11-05,1,8.855000000000018,8.855000000000018,target,2740.555,Y1
2024-11-06,-1,26.220000000000255,26.220000000000255,target,2699.205,Y1
2024-11-07,1,10.983500000000276,10.983500000000276,target,2664.588,Y1
2024-11-08,-1,14.965000000000146,-14.965000000000146,stop,2683.075,Y1
2024-11-11,-1,10.8449999999998,10.8449999999998,target,2665.355,Y1
2024-11-12,-1,18.36999999999989,-18.36999999999989,stop,2596.785,Y1
2024-11-13,1,9.988500000000386,-9.988500000000386,stop,2615.505,Y1
2024-11-14,-1,12.335000000000036,12.335000000000036,target,2550.805,Y1
2024-11-15,1,8.884000000000015,-8.884000000000015,stop,2571.844,Y1
2024-11-18,1,15.480000000000018,15.480000000000018,target,2598.925,Y1
2024-11-19,1,11.695000000000164,3.1929999999997563,time,2630.405,Y1
2024-11-20,-1,8.900000000000091,-8.900000000000091,stop,2626.165,Y1
2024-11-22,1,12.99850000000015,12.99850000000015,target,2693.915,Y1
2024-11-25,-1,43.67450000000008,19.34999999999991,time,2645.345,Y1
2024-11-26,1,12.103499999999713,-12.103499999999713,stop,2632.395,Y1
2024-11-27,1,10.635000000000218,-10.635000000000218,stop,2648.035,Y1
2024-12-03,1,10.813499999999749,-10.813499999999749,stop,2652.758,Y1
2024-12-09,1,13.120000000000346,13.120000000000346,target,2652.105,Y1
2024-12-11,1,16.8725000000004,10.971000000000004,time,2706.094,Y1
2024-12-12,-1,14.43600000000015,14.43600000000015,target,2697.344,Y1
2024-12-13,-1,10.770000000000437,10.770000000000437,target,2674.865,Y1
2024-12-16,1,8.836999999999989,-8.836999999999989,stop,2658.248,Y1
2024-12-17,-1,8.294499999999971,8.294499999999971,target,2644.085,Y1
2024-12-19,1,16.577999999999975,-16.577999999999975,stop,2619.444,Y1
2024-12-20,1,8.458500000000186,8.458500000000186,target,2605.795,Y1
2024-12-23,-1,8.855000000000018,5.429999999999836,time,2616.185,Y1
2025-01-06,-1,13.095000000000255,-13.095000000000255,stop,2625.555,Y1
2025-01-07,1,8.610000000000127,8.610000000000127,target,2648.255,Y1
2025-01-13,-1,8.009999999999764,8.009999999999764,target,2678.185,Y1
2025-01-16,1,9.091499999999996,9.091499999999996,target,2704.958,Y1
2025-01-22,1,11.239999999999782,-11.239999999999782,stop,2761.705,Y1
2025-01-23,-1,9.081499999999778,-9.081499999999778,stop,2743.655,Y1
2025-01-24,1,12.240000000000236,-7.429999999999836,time,2778.335,Y1
2025-01-27,-1,12.944999999999709,-12.944999999999709,stop,2748.545,Y1
2025-02-03,1,13.846500000000106,13.846500000000106,target,2797.588,Y1
2025-02-04,-1,10.201500000000578,-10.201500000000578,stop,2807.345,Y1
2025-02-05,1,13.474999999999909,13.474999999999909,target,2863.985,Y1
2025-02-07,1,9.353000000000065,9.353000000000065,target,2873.258,Y1
2025-02-10,1,13.293500000000222,13.293500000000222,target,2892.135,Y1
2025-02-11,-1,19.715000000000146,19.715000000000146,target,2904.125,Y1
2025-02-12,-1,10.210000000000036,10.210000000000036,target,2880.845,Y1
2025-02-19,1,13.992499999999836,-13.992499999999836,stop,2945.725,Y1
2025-02-21,-1,12.974999999999909,-12.974999999999909,stop,2923.775,Y1
2025-02-24,1,13.370000000000346,-13.370000000000346,stop,2946.185,Y1
2025-02-25,-1,11.300000000000182,-11.300000000000182,stop,2931.555,Y1
2025-02-26,-1,12.465000000000146,12.465000000000146,target,2905.755,Y1
2025-02-27,-1,18.480000000000018,11.390000000000327,time,2885.155,Y1
2025-02-28,-1,15.679999999999836,15.679999999999836,target,2855.175,Y1
2025-03-03,1,9.023499999999785,9.023499999999785,target,2874.475,Y1
2025-03-04,1,11.308500000000095,11.308500000000095,target,2899.245,Y1
2025-03-05,-1,11.906500000000051,-11.906500000000051,stop,2899.725,Y1
2025-03-06,-1,10.41000000000031,10.41000000000031,target,2909.995,Y1
2025-03-07,1,9.783500000000004,9.783500000000004,target,2914.975,Y1
2025-03-11,1,12.793500000000222,12.793500000000222,target,2904.065,Y1
2025-03-18,1,9.716499999999996,9.716499999999996,target,3018.065,Y1
2025-03-19,-1,11.317000000000007,-11.317000000000007,stop,3024.848,Y1
2025-03-20,-1,8.851500000000215,8.851500000000215,target,3042.105,Y1
2025-03-21,-1,19.646999999999935,-5.186999999999898,time,3014.638,Y1
2025-03-26,1,8.683500000000095,-8.683500000000095,stop,3028.685,Y1
2025-03-27,1,9.889999999999873,9.889999999999873,target,3039.815,Y1
2025-03-31,1,26.399999999999636,-0.21000000000003638,time,3124.495,Y1
2025-04-01,-1,20.826500000000124,-5.192999999999756,time,3113.505,Y1
2025-04-03,-1,23.511499999999614,23.511499999999614,target,3122.155,Y1
2025-04-04,-1,16.95350000000053,-16.95350000000053,stop,3084.548,Y1
2025-04-08,1,18.299999999999727,-18.299999999999727,stop,3011.515,Y1
2025-04-09,1,34.000000000000455,34.000000000000455,target,3028.985,Y1
2025-04-10,1,27.480000000000018,27.480000000000018,target,3132.655,Y1
2025-04-11,1,20.789999999999964,20.789999999999964,target,3222.015,Y1
2025-04-14,-1,21.154999999999745,-3.3399999999996908,time,3209.235,Y1
2025-04-16,1,32.10999999999967,32.10999999999967,target,3296.825,Y1
2025-04-17,-1,21.605000000000018,-21.605000000000018,stop,3316.685,Y1
2025-04-21,1,23.5649999999996,23.5649999999996,target,3387.825,Y1
2025-04-22,1,43.94999999999982,-43.94999999999982,stop,3497.165,Y1
2025-04-23,-1,38.41500000000042,38.41500000000042,target,3312.555,Y1
2025-04-25,-1,43.02000000000044,-20.390000000000327,time,3284.115,Y1
2025-04-28,1,36.94499999999971,22.230000000000018,time,3329.705,Y1
2025-04-30,-1,29.579999999999927,-29.579999999999927,stop,3284.865,Y1
2025-05-01,-1,34.42000000000007,-9.700000000000273,time,3218.305,Y1
2025-05-02,1,16.0,-16.0,stop,3258.785,Y1
2025-05-05,1,21.595000000000255,21.595000000000255,target,3276.915,Y1
2025-05-06,1,35.558500000000095,33.29999999999973,time,3389.485,Y1
2025-05-08,-1,39.75999999999976,39.75999999999976,target,3344.885,Y1
2025-05-09,1,28.769999999999982,-2.2600000000002183,time,3330.875,Y1
2025-05-12,-1,28.050000000000182,28.050000000000182,target,3246.055,Y1
2025-05-13,1,23.815000000000055,-23.815000000000055,stop,3261.855,Y1
2025-05-14,-1,19.347499999999854,19.347499999999854,target,3219.995,Y1
2025-05-15,1,36.91000000000031,36.91000000000031,target,3194.655,Y1
2025-05-16,-1,31.539999999999964,31.539999999999964,target,3197.035,Y1
2025-05-20,1,17.289999999999964,17.289999999999964,target,3235.615,Y1
2025-05-21,1,17.699999999999818,-17.699999999999818,stop,3319.915,Y1
2025-05-22,-1,16.38799999999992,16.38799999999992,target,3314.715,Y1
2025-05-23,1,22.073499999999967,22.073499999999967,target,3328.155,Y1
2025-05-28,1,13.786499999999705,-13.786499999999705,stop,3317.248,Y1
2025-05-29,1,22.227000000000317,22.227000000000317,target,3288.525,Y1
2025-05-30,-1,16.827999999999975,16.827999999999975,target,3289.345,Y1
2025-06-02,1,14.628499999999804,14.628499999999804,target,3328.0,Y1
2025-06-03,-1,18.78150000000005,18.78150000000005,target,3355.205,Y1
2025-06-04,1,23.177999999999884,-9.150000000000091,time,3382.498,Y1
2025-06-05,1,15.305000000000291,15.305000000000291,target,3387.755,Y1
2025-06-06,-1,10.212999999999738,10.212999999999738,target,3355.385,Y1
2025-06-09,1,12.711999999999989,12.711999999999989,target,3318.535,Y1
2025-06-10,1,14.383499999999913,14.383499999999913,target,3329.095,Y1
2025-06-11,1,16.345000000000255,-16.345000000000255,stop,3345.415,Y1
2025-06-12,-1,25.461499999999887,-25.461499999999887,stop,3342.005,Y1
2025-06-16,-1,18.57199999999966,18.57199999999966,target,3415.748,Y1
2025-06-23,1,17.093499999999494,-17.093499999999494,stop,3380.555,Y1
2025-06-24,-1,17.549999999999727,17.549999999999727,target,3324.445,Y1
2025-06-25,-1,8.653499999999894,-8.653499999999894,stop,3319.498,Y1
2025-06-26,1,9.233499999999822,-9.233499999999822,stop,3345.225,Y1
2025-06-27,-1,18.125,18.125,target,3288.048,Y1
2025-06-30,1,19.950000000000273,-19.950000000000273,stop,3295.155,Y1
2025-07-01,1,15.824999999999818,15.824999999999818,target,3336.095,Y1
2025-07-02,1,9.908500000000004,-9.908500000000004,stop,3346.395,Y1
2025-07-03,-1,39.94999999999982,-16.686999999999898,time,3311.848,Y1
2025-07-09,1,14.27350000000024,5.010000000000218,time,3310.455,Y1
2025-07-11,1,11.041499999999814,-11.041499999999814,stop,3342.948,Y1
2025-07-14,1,10.81500000000051,-10.81500000000051,stop,3374.385,Y1
2025-07-15,-1,13.574999999999818,13.574999999999818,target,3340.715,Y1
2025-07-16,1,8.1550000000002,-8.1550000000002,stop,3340.435,Y1
2025-07-17,-1,9.931499999999687,9.931499999999687,target,3332.885,Y1
2025-07-21,1,12.345000000000255,12.345000000000255,target,3369.665,Y1
2025-07-22,-1,9.091499999999996,-9.091499999999996,stop,3384.395,Y1
2025-07-23,-1,11.644999999999982,11.644999999999982,target,3415.765,Y1
2025-07-24,-1,12.075000000000273,12.075000000000273,target,3371.615,Y1
2025-07-25,-1,10.795000000000073,10.795000000000073,target,3353.395,Y1
2025-07-28,-1,13.783500000000004,13.783500000000004,target,3321.898,Y1
2025-07-30,-1,14.454999999999927,14.454999999999927,target,3313.125,Y1
2025-07-31,1,12.806500000000142,-11.503000000000156,time,3302.248,Y1
2025-08-01,1,9.756499999999505,9.756499999999505,target,3300.548,Y1
2025-08-04,1,9.008500000000367,-9.008500000000367,stop,3362.445,Y1
2025-08-05,-1,8.592999999999847,-8.592999999999847,stop,3366.255,Y1
2025-08-07,1,10.708000000000084,10.708000000000084,target,3385.158,Y1
2025-08-11,-1,15.740999999999985,15.740999999999985,target,3366.279,Y1
2025-08-14,-1,12.761999999999716,12.761999999999716,target,3352.148,Y1
2025-08-19,1,9.014999999999873,-9.014999999999873,stop,3342.655,Y1
2025-08-21,-1,8.79700000000048,8.79700000000048,target,3334.298,Y1
2025-08-25,1,8.489999999999782,-8.489999999999782,stop,3373.665,Y1
2025-08-28,1,8.734999999999673,8.734999999999673,target,3400.545,Y1
2025-09-03,1,12.424999999999727,12.424999999999727,target,3548.548,Y1
2025-09-05,1,32.767999999999574,11.050000000000182,time,3583.448,Y1
2025-09-08,1,9.335000000000036,9.335000000000036,target,3597.425,Y1
2025-09-09,1,16.63500000000022,-16.63500000000022,stop,3660.215,Y1
2025-09-10,1,13.5949999999998,-4.320000000000164,time,3646.105,Y1
2025-09-11,-1,17.465000000000146,-17.465000000000146,stop,3618.595,Y1
2025-09-15,1,13.763500000000022,13.763500000000022,target,3650.195,Y1
2025-09-17,-1,13.481499999999869,-13.481499999999869,stop,3671.215,Y1
2025-09-18,-1,23.496500000000196,-23.496500000000196,stop,3636.915,Y1
2025-09-19,1,16.513500000000022,16.513500000000022,target,3662.995,Y1
2025-09-23,1,11.460000000000036,11.460000000000036,target,3759.205,Y1
2025-09-24,1,13.776000000000295,-13.776000000000295,stop,3777.338,Y1
2025-09-25,1,11.73849999999993,-11.73849999999993,stop,3752.095,Y1
2025-09-26,1,9.550000000000182,-9.550000000000182,stop,3753.205,Y1
2025-09-29,1,27.63000000000011,12.0,time,3816.615,Y1
2025-09-30,-1,25.445000000000164,25.445000000000164,target,3823.565,Y1
2025-10-01,1,13.654999999999745,13.654999999999745,target,3878.995,Y2
2025-10-02,1,9.824999999999363,-9.824999999999363,stop,3871.595,Y2
2025-10-03,1,13.6550000000002,13.6550000000002,target,3864.275,Y2
2025-10-06,1,25.710000000000036,12.289999999999964,time,3946.955,Y2
2025-10-07,-1,11.570000000000164,11.570000000000164,target,3954.785,Y2
2025-10-08,1,27.449999999999818,6.690000000000055,time,4037.865,Y2
2025-10-09,1,21.759999999999764,-21.759999999999764,stop,4043.975,Y2
2025-10-10,1,29.779999999999745,10.809999999999945,time,4000.205,Y2
2025-10-13,1,29.763500000000022,29.763500000000022,target,4080.785,Y2
2025-10-14,-1,46.553499999999985,-46.553499999999985,stop,4098.348,Y2
2025-10-15,1,20.363500000000386,20.363500000000386,target,4193.755,Y2
2025-10-16,1,19.98999999999978,19.98999999999978,target,4242.555,Y2
2025-10-17,-1,55.11500000000069,55.11500000000069,target,4273.485,Y2
2025-10-20,1,34.154999999999745,34.154999999999745,target,4278.905,Y2
2025-10-21,-1,44.061499999999796,44.061499999999796,target,4300.475,Y2
2025-10-22,1,84.07350000000042,-84.07350000000042,stop,4159.095,Y2
2025-10-23,1,41.80799999999999,-11.493000000000393,time,4129.618,Y2
2025-10-24,-1,40.077000000000226,-40.077000000000226,stop,4083.148,Y2
2025-10-27,-1,32.48000000000002,32.48000000000002,target,4043.045,Y2
2025-10-28,-1,47.902000000000044,-29.4670000000001,time,3930.808,Y2
2025-10-29,1,30.63500000000022,30.63500000000022,target,3994.735,Y2
2025-10-30,1,56.18499999999949,18.340000000000146,time,4004.865,Y2
2025-11-03,1,28.465000000000146,-8.690000000000055,time,4018.795,Y2
2025-11-04,1,16.860000000000127,-16.860000000000127,stop,3999.635,Y2
2025-11-05,1,27.908500000000004,2.3599999999996726,time,3981.905,Y2
2025-11-06,1,19.728500000000167,19.728500000000167,target,3998.205,Y2
2025-11-07,1,13.179999999999836,-13.179999999999836,stop,4009.495,Y2
2025-11-10,1,33.74000000000024,33.74000000000024,target,4078.355,Y2
2025-11-11,-1,31.100000000000364,-27.9399999999996,time,4101.305,Y2
2025-11-12,1,39.738000000000284,39.738000000000284,target,4161.698,Y2
2025-11-13,1,20.590000000000146,20.590000000000146,target,4219.965,Y2
2025-11-14,-1,27.140000000000327,27.140000000000327,target,4163.065,Y2
2025-11-18,-1,22.501999999999498,-22.501999999999498,stop,4002.175,Y2
2025-11-19,1,36.29349999999977,-36.29349999999977,stop,4113.125,Y2
2025-11-21,1,44.6850000000004,-44.6850000000004,stop,4099.675,Y2
2025-11-24,1,20.855000000000018,20.855000000000473,target,4078.755,Y2
2025-11-25,-1,23.21600000000035,-23.21600000000035,stop,4115.709,Y2
2025-11-26,1,20.024999999999636,-20.024999999999636,stop,4170.875,Y2
2025-12-02,-1,19.3100000000004,-19.3100000000004,stop,4194.375,Y2
2025-12-03,-1,13.585000000000036,-13.585000000000036,stop,4202.375,Y2
2025-12-09,1,18.998499999999694,8.720000000000255,time,4203.205,Y2
2025-12-10,-1,10.454999999999927,10.454999999999927,target,4199.615,Y2
2025-12-11,1,28.840000000000146,28.840000000000146,target,4254.525,Y2
2025-12-12,1,12.133499999999913,12.133499999999913,target,4285.715,Y2
2025-12-15,1,25.1899999999996,-25.1899999999996,stop,4348.755,Y2
2025-12-16,1,24.677999999999884,-24.677999999999884,stop,4319.088,Y2
2025-12-17,1,17.99000000000069,-17.99000000000069,stop,4342.755,Y2
2025-12-18,-1,9.294999999999163,9.294999999999163,target,4324.175,Y2
2025-12-19,1,19.400000000000546,-2.100000000000364,time,4341.505,Y2
2025-12-22,1,37.835000000000036,13.329999999999927,time,4425.125,Y2
2025-12-23,-1,24.98999999999978,-24.98999999999978,stop,4452.535,Y2
2025-12-29,-1,29.3720000000003,29.3720000000003,target,4469.808,Y2
2025-12-30,1,29.985000000000582,-29.985000000000582,stop,4381.965,Y2
2026-01-02,1,21.23999999999978,-21.23999999999978,stop,4382.525,Y2
2026-01-05,1,28.238000000000284,-28.238000000000284,stop,4426.298,Y2
2026-01-06,1,28.225000000000364,14.403000000000247,time,4479.045,Y2
2026-01-07,-1,35.57350000000042,-18.957000000000335,time,4432.848,Y2
2026-01-08,-1,28.530000000000655,-28.530000000000655,stop,4412.115,Y2
2026-01-09,1,21.69300000000021,21.69300000000021,target,4486.548,Y2
2026-01-12,1,37.82350000000042,-12.819999999999709,time,4606.375,Y2
2026-01-13,1,14.673999999999978,14.673999999999978,target,4602.309,Y2
2026-01-15,1,20.25,-20.25,stop,4619.615,Y2
2026-01-16,-1,16.75999999999931,-16.75999999999931,stop,4586.595,Y2
2026-01-22,1,32.55499999999938,32.55499999999938,target,4833.245,Y2
2026-01-23,-1,38.399999999999636,-38.399999999999636,stop,4913.215,Y2
2026-01-27,1,44.88500000000022,-44.88500000000022,stop,5098.595,Y2
2026-01-28,1,59.48000000000047,59.48000000000047,target,5273.635,Y2
2026-01-29,-1,136.39649999999983,136.39649999999983,target,5383.415,Y2
2026-01-30,-1,185.35649999999987,185.35649999999987,target,5095.715,Y2
2026-02-03,1,80.72350000000006,80.72350000000006,target,4899.895,Y2
2026-02-04,-1,74.15000000000055,74.15000000000055,target,4943.785,Y2
2026-02-06,1,130.73999999999978,43.69300000000021,time,4909.405,Y2
2026-02-09,1,48.92000000000007,23.73999999999978,time,5055.645,Y2
2026-02-10,1,37.97999999999956,-37.97999999999956,stop,5070.025,Y2
2026-02-11,1,18.280000000000655,18.280000000000655,target,5064.305,Y2
2026-02-12,-1,17.126500000000306,-17.126500000000306,stop,5044.055,Y2
2026-02-13,1,43.16500000000087,43.16500000000087,target,4998.395,Y2
2026-02-18,1,43.88850000000002,43.88850000000002,target,4942.735,Y2
2026-02-20,1,33.470000000000255,-33.470000000000255,stop,5038.965,Y2
2026-02-23,-1,27.824999999999818,-27.824999999999818,stop,5124.885,Y2
2026-02-24,-1,76.6265000000003,-49.01999999999953,time,5114.635,Y2
2026-02-25,1,38.57000000000062,-38.57000000000062,stop,5212.005,Y2
2026-02-26,-1,38.649999999999636,-38.649999999999636,stop,5141.375,Y2
2026-02-27,1,29.313000000000102,29.313000000000102,target,5212.618,Y2
2026-03-02,1,59.64499999999953,-59.64499999999953,stop,5405.745,Y2
2026-03-03,-1,87.41149999999925,87.41149999999925,target,5241.765,Y2
2026-03-04,1,49.64649999999983,-49.64649999999983,stop,5197.658,Y2
2026-03-05,-1,39.55000000000018,39.55000000000018,target,5117.755,Y2
2026-03-06,1,43.904999999999745,4.349999999999454,time,5148.845,Y2
2026-03-10,1,34.053499999999076,34.053499999999076,target,5189.575,Y2
2026-03-11,-1,20.050000000000182,20.050000000000182,target,5184.705,Y2
2026-03-12,1,28.609999999999673,-28.609999999999673,stop,5178.675,Y2
2026-03-13,-1,22.19499999999971,22.19499999999971,target,5084.645,Y2
2026-03-16,-1,27.729999999999563,-27.729999999999563,stop,4981.295,Y2
2026-03-17,-1,35.2549999999992,-15.829999999999927,time,4984.225,Y2
2026-03-18,-1,20.949999999999818,20.949999999999818,target,4977.795,Y2
2026-03-19,-1,67.875,67.875,target,4739.375,Y2
2026-03-20,-1,71.4399999999996,71.4399999999996,target,4616.085,Y2
2026-03-23,-1,188.11200000000008,-188.11200000000008,stop,4129.598,Y2
2026-03-27,1,84.42000000000007,4.619999999999891,time,4509.495,Y2
2026-03-30,1,57.26499999999942,-17.109999999999673,time,4530.205,Y2
2026-03-31,1,72.17000000000007,59.64000000000033,time,4622.825,Y2
2026-04-01,1,34.80999999999949,34.80999999999949,target,4730.115,Y2
2026-04-02,-1,112.30000000000018,-112.30000000000018,stop,4580.495,Y2
2026-04-06,1,45.06999999999971,-29.386999999999716,time,4684.485,Y2
2026-04-07,1,37.82299999999941,-37.82299999999941,stop,4677.968,Y2
2026-04-08,-1,40.29649999999947,40.29649999999947,target,4782.185,Y2
2026-04-09,1,22.545000000000073,22.545000000000073,target,4737.885,Y2
2026-04-10,1,22.590000000000146,-22.590000000000146,stop,4779.965,Y2
2026-04-13,1,44.06500000000051,9.592999999999847,time,4731.375,Y2
2026-04-14,1,17.824999999999818,-17.824999999999818,stop,4782.005,Y2
2026-04-15,-1,30.460000000000036,15.740000000000691,time,4811.345,Y2
2026-04-16,-1,15.876499999999396,-15.876499999999396,stop,4806.765,Y2
2026-04-17,1,29.720499999999447,29.720499999999447,target,4816.688,Y2
2026-04-20,1,39.97999999999956,-1.1799999999993815,time,4815.315,Y2
2026-04-21,-1,28.506499999999505,28.506499999999505,target,4778.555,Y2
2026-04-23,-1,33.90650000000005,-33.90650000000005,stop,4688.925,Y2
2026-04-24,1,30.99499999999989,1.0600000000004002,time,4715.205,Y2
2026-04-27,-1,31.144999999999527,-10.889999999999418,time,4669.805,Y2
2026-04-28,-1,42.22150000000056,42.22150000000056,target,4620.095,Y2
2026-04-29,-1,17.954999999999927,17.954999999999927,target,4575.055,Y2
2026-04-30,1,27.983500000000276,27.983500000000276,target,4589.345,Y2
2026-05-01,-1,17.909999999999854,17.909999999999854,target,4601.275,Y2
2026-05-04,-1,20.391500000000633,20.391500000000633,target,4585.235,Y2
2026-05-05,1,21.575000000000728,21.575000000000728,target,4553.885,Y2
2026-05-06,1,49.66850000000068,49.66850000000068,target,4665.925,Y2
2026-05-07,1,42.590000000000146,-42.590000000000146,stop,4745.685,Y2
2026-05-08,1,25.08849999999984,-25.08849999999984,stop,4733.385,Y2
2026-05-11,1,44.27000000000044,12.509999999999309,time,4720.805,Y2
2026-05-12,-1,35.88000000000102,35.88000000000102,target,4705.025,Y2
2026-05-13,-1,22.850000000000364,-22.850000000000364,stop,4684.058,Y2
2026-05-15,-1,53.60999999999967,12.590000000000146,time,4558.175,Y2
2026-05-18,1,45.97999999999956,-3.5599999999994907,time,4561.865,Y2
2026-05-19,-1,30.9350000000004,30.9350000000004,target,4529.085,Y2
2026-05-20,1,39.400000000000546,25.1899999999996,time,4520.345,Y2
2026-05-21,-1,31.850000000000364,-31.850000000000364,stop,4512.605,Y2
2026-05-22,-1,28.301500000000487,-28.301500000000487,stop,4497.485,Y2
2026-05-27,-1,23.390000000000327,23.390000000000327,target,4486.065,Y2
2026-05-28,1,51.53650000000107,51.53650000000107,target,4463.738,Y2
2026-05-29,1,18.949999999999818,18.949999999999818,target,4523.515,Y2
2026-06-01,-1,22.659999999999854,22.659999999999854,target,4504.385,Y2
2026-06-02,1,37.498499999998785,-37.498499999998785,stop,4532.815,Y2
2026-06-03,-1,20.401499999999942,20.401499999999942,target,4456.005,Y2
2026-06-04,1,26.049999999999272,-26.049999999999272,stop,4489.445,Y2
2026-06-05,-1,48.36999999999989,48.36999999999989,target,4406.075,Y2
2026-06-09,-1,47.12700000000041,47.12700000000041,target,4284.708,Y2
2026-06-10,-1,43.09150000000045,43.09150000000045,target,4166.405,Y2
2026-06-15,1,32.589999999999236,-20.220000000000255,time,4340.745,Y2
2026-06-16,1,15.1899999999996,15.1899999999996,target,4334.945,Y2
2026-06-17,1,26.663000000000466,-26.663000000000466,stop,4360.078,Y2
2026-06-18,-1,41.43149999999969,41.43149999999969,target,4255.325,Y2
2026-06-23,-1,43.18000000000029,1.8499999999994543,time,4113.285,Y2
2026-06-24,-1,35.44999999999982,35.44999999999982,target,4045.625,Y2
2026-06-25,1,40.70499999999993,-4.25,time,4030.775,Y2
2026-06-26,1,25.449999999999818,25.449999999999818,target,4031.855,Y2
2026-06-29,-1,25.799999999999727,25.799999999999727,target,4031.465,Y2
2026-06-30,1,42.70699999999988,-8.929999999999836,time,4024.535,Y2
2026-07-01,-1,28.710000000000036,-28.710000000000036,stop,3964.915,B
2026-07-02,1,21.75,21.75,target,4073.995,B
2026-07-07,1,32.06999999999971,-32.06999999999971,stop,4173.085,B
2026-07-08,-1,26.08999999999969,26.08999999999969,target,4088.445,B
2026-07-09,1,19.914999999999964,19.914999999999964,target,4091.795,B
2026-07-10,-1,14.659999999999854,14.659999999999854,target,4106.595,B
2026-07-13,-1,27.409999999999854,27.409999999999854,target,4043.035,B
2026-07-14,1,83.9699999999998,-37.059999999999945,time,4092.615,B
2026-07-15,-1,24.065000000000055,-24.065000000000055,stop,4017.705,B
2026-07-16,-1,39.88500000000022,22.75,time,4002.545,B
2026-07-17,-1,19.98999999999978,-19.98999999999978,stop,3969.415,B
2026-07-20,1,26.894999999999982,-26.894999999999982,stop,4032.285,B
2026-07-21,1,37.53500000000031,13.409999999999854,time,4071.025,B
2026-07-22,1,33.70999999999913,-10.929999999999382,time,4142.605,B
2026-07-23,-1,19.909999999999854,19.909999999999854,target,4106.445,B
2026-07-24,1,16.09999999999991,16.09999999999991,target,4052.355,B
2026-07-27,-1,22.54000000000042,-7.230000000000018,time,4075.845,B
2026-07-28,-1,21.58499999999958,21.58499999999958,target,4033.025,B
2026-07-29,1,15.870000000000346,-15.870000000000346,stop,4040.775,B
2026-07-30,1,48.36499999999978,-0.28000000000065484,time,4112.055,B
2026-07-31,-1,23.99499999999989,23.99499999999989,target,4067.455,B
2026-08-03,-1,18.264999999999873,18.264999999999873,target,4044.855,B
2026-08-04,1,13.775000000000091,13.775000000000091,target,4069.455,B
2026-08-05,1,54.1899999999996,54.1899999999996,target,4173.045,B
2026-08-06,-1,37.090000000000146,-10.400000000000546,time,4238.245,B
2026-08-07,1,31.55500000000029,31.55500000000029,target,4286.425,B
2026-08-10,1,22.5,-22.5,stop,4354.875,B
2026-08-11,-1,37.82500000000073,-37.850000000000364,stop,4363.195,B
2026-08-12,1,27.05500000000029,-27.05500000000029,stop,4415.525,B
2026-08-13,-1,39.24499999999898,25.720000000000255,time,4375.645,B
2026-08-14,1,31.844999999999345,6.8400000000001455,time,4369.035,B
2026-08-17,1,26.42500000000109,1.7399999999997817,time,4417.975,B
2026-08-18,-1,31.3799999999992,31.3799999999992,target,4379.395,B
2026-08-19,1,19.389999999999418,19.389999999999418,target,4362.275,B
2026-08-20,-1,25.44000000000051,-25.44000000000051,stop,4474.575,B
2026-08-21,1,30.015000000000327,30.015000000000327,target,4562.305,B
2026-08-24,1,33.10999999999967,-33.10999999999967,stop,4658.495,B
2026-08-25,-1,47.24000000000069,-47.24000000000069,stop,4609.485,B
2026-08-26,-1,24.12500000000091,24.12500000000091,target,4626.565,B
2026-08-27,-1,21.285000000000764,21.285000000000764,target,4600.065,B
2026-08-28,1,22.050000000000182,-22.050000000000182,stop,4612.435,B
2026-09-01,-1,24.340000000000146,24.340000000000146,target,4418.045,B
2026-09-02,1,27.32000000000062,27.32000000000062,target,4336.165,B
2026-09-03,1,33.52000000000044,33.52000000000044,target,4443.965,B
2026-09-04,-1,12.175000000000182,-12.175000000000182,stop,4463.905,B
2026-09-09,1,30.270000000000437,30.270000000000437,target,4401.135,B
2026-09-10,-1,26.681499999999687,26.681499999999687,target,4383.585,B
2026-09-11,1,32.60350000000017,-32.60350000000017,stop,4358.735,B
2026-09-14,-1,21.821000000000822,21.821000000000822,target,4316.735,B
2026-09-15,-1,19.516500000000633,19.516500000000633,target,4280.655,B
2026-09-16,1,34.68000000000029,-34.68000000000029,stop,4342.615,B
2026-09-17,1,35.01999999999953,35.01999999999953,target,4322.855,B
2026-09-18,1,32.48000000000047,-32.48000000000047,stop,4388.495,B
2026-09-21,-1,19.06999999999971,-19.06999999999971,stop,4346.975,B
2026-09-22,-1,30.582500000000437,-30.582500000000437,stop,4315.195,B
2026-09-23,-1,23.855000000000473,23.855000000000473,target,4324.605,B
2026-09-24,-1,23.699999999999818,-23.699999999999818,stop,4264.305,B
2026-09-29,1,17.600000000000364,17.600000000000364,target,4146.605,B
2026-09-30,1,14.199999999999818,-14.199999999999818,stop,4190.575,B
