tday,period,status,gap,atr,gap_atr
2024-10-01,Y1,first day in file (no previous day),,,
2024-10-02,Y1,ATR warm-up (1 full sessions of 1),,,
2024-10-03,Y1,ATR warm-up (2 full sessions of 2),,,
2024-10-04,Y1,ATR warm-up (3 full sessions of 3),,,
2024-10-07,Y1,ATR warm-up (4 full sessions of 4),,,
2024-10-08,Y1,ATR warm-up (5 full sessions of 5),,,
2024-10-09,Y1,ATR warm-up (6 full sessions of 6),,,
2024-10-10,Y1,ATR warm-up (7 full sessions of 7),,,
2024-10-11,Y1,ATR warm-up (8 full sessions of 8),,,
2024-10-14,Y1,ATR warm-up (9 full sessions of 9),,,
2024-10-15,Y1,gap too small,12.4570,248.7043,0.0501
2024-10-16,Y1,gap too small,9.7310,259.2502,0.0375
2024-10-17,Y1,TRADE,228.4560,254.6786,0.8970
2024-10-18,Y1,gap too small,111.2240,250.7958,0.4435
2024-10-21,Y1,gap too small,-55.0450,239.3826,-0.2299
2024-10-22,Y1,TRADE,-116.9230,222.7180,-0.5250
2024-10-23,Y1,gap too small,-107.0550,221.0757,-0.4842
2024-10-24,Y1,not full: data hole 240 min in 09:30-16:00,,,
2024-10-25,Y1,previous day not full (data hole 240 min in 09:30-16:00),,,
2024-10-28,Y1,not full: data hole 180 min in 09:30-16:00,,,
2024-10-29,Y1,previous day not full (data hole 180 min in 09:30-16:00),,,
2024-10-30,Y1,gap too small,-35.3540,236.1998,-0.1497
2024-10-31,Y1,TRADE,-169.4460,230.5353,-0.7350
2024-11-01,Y1,gap too small,58.9440,241.2976,0.2443
2024-11-04,Y1,gap too small,-25.3790,248.7307,-0.1020
2024-11-05,Y1,gap too small,66.4340,233.9621,0.2840
2024-11-06,Y1,TRADE,346.2680,244.5874,1.4157
2024-11-07,Y1,gap too small,120.1100,253.4023,0.4740
2024-11-08,Y1,gap too small,-30.9540,268.5472,-0.1153
2024-11-11,Y1,gap too small,52.1430,260.1999,0.2004
2024-11-12,Y1,gap too small,-7.5770,255.3246,-0.0297
2024-11-13,Y1,gap too small,-26.6910,238.8410,-0.1118
2024-11-14,Y1,not full: data hole 180 min in 09:30-16:00,,,
2024-11-15,Y1,previous day not full (data hole 180 min in 09:30-16:00),,,
2024-11-18,Y1,gap too small,70.3760,238.4006,0.2952
2024-11-19,Y1,gap too small,-108.2230,230.9988,-0.4685
2024-11-20,Y1,gap too small,-12.1110,241.8522,-0.0501
2024-11-21,Y1,TRADE,121.1670,238.0960,0.5089
2024-11-22,Y1,gap too small,-27.2670,248.4685,-0.1097
2024-11-25,Y1,TRADE,169.8320,246.1600,0.6899
2024-11-26,Y1,gap too small,63.1660,250.1928,0.2525
2024-11-27,Y1,gap too small,-53.9460,237.7647,-0.2269
2024-11-28,Y1,not full: US holiday,,,
2024-11-29,Y1,not full: early close,,,
2024-12-02,Y1,previous day not full (early close),,,
2024-12-03,Y1,gap too small,-55.7320,260.2286,-0.2142
2024-12-04,Y1,TRADE,140.6780,258.7514,0.5437
2024-12-05,Y1,gap too small,-1.1440,251.9848,-0.0045
2024-12-06,Y1,gap too small,21.0560,229.4938,0.0917
2024-12-09,Y1,gap too small,-44.9220,226.6932,-0.1982
2024-12-10,Y1,gap too small,47.6320,217.8776,0.2186
2024-12-11,Y1,TRADE,183.0430,214.5123,0.8533
2024-12-12,Y1,gap too small,-95.9780,202.4716,-0.4740
2024-12-13,Y1,TRADE,154.4210,200.3581,0.7707
2024-12-16,Y1,TRADE,104.1890,195.7477,0.5323
2024-12-17,Y1,gap too small,-78.0460,207.4428,-0.3762
2024-12-18,Y1,gap too small,-31.7650,196.3517,-0.1618
2024-12-19,Y1,TRADE,177.9900,244.6586,0.7275
2024-12-20,Y1,TRADE,-157.3790,244.7635,-0.6430
2024-12-23,Y1,gap too small,51.5670,280.9155,0.1836
2024-12-24,Y1,not full: early close,,,
2024-12-26,Y1,previous day not full (early close),,,
2024-12-27,Y1,gap too small,-153.1770,312.0882,-0.4908
2024-12-30,Y1,TRADE,-292.3670,318.6622,-0.9175
2024-12-31,Y1,gap too small,47.8900,328.0169,0.1460
2025-01-02,Y1,gap too small,128.0110,329.9391,0.3880
2025-01-03,Y1,gap too small,128.5780,345.9138,0.3717
2025-01-06,Y1,TRADE,226.1240,366.8385,0.6164
2025-01-07,Y1,gap too small,44.7430,368.7158,0.1213
2025-01-08,Y1,gap too small,-5.3870,381.5805,-0.0141
2025-01-09,Y1,not full: US holiday,,,
2025-01-10,Y1,previous day not full (US holiday),,,
2025-01-13,Y1,TRADE,-249.0560,342.2872,-0.7276
2025-01-14,Y1,gap too small,129.7890,314.7242,0.4124
2025-01-15,Y1,TRADE,332.7540,322.7090,1.0311
2025-01-16,Y1,gap too small,100.7430,320.9235,0.3139
2025-01-17,Y1,TRADE,410.7770,326.6462,1.2576
2025-01-20,Y1,not full: US holiday,,,
2025-01-21,Y1,previous day not full (US holiday),,,
2025-01-22,Y1,TRADE,202.5220,312.5085,0.6481
2025-01-23,Y1,gap too small,-107.1130,288.3301,-0.3715
2025-01-24,Y1,gap too small,8.9570,280.0294,0.0320
2025-01-27,Y1,TRADE,-779.5560,267.0902,-2.9187
2025-01-28,Y1,gap too small,44.2560,254.1165,0.1742
2025-01-29,Y1,gap too small,25.5080,274.6900,0.0929
2025-01-30,Y1,gap too small,120.3210,272.3855,0.4417
2025-01-31,Y1,TRADE,159.3010,273.9419,0.5815
2025-02-03,Y1,TRADE,-360.9570,278.1626,-1.2976
2025-02-04,Y1,gap too small,22.4450,285.1340,0.0787
2025-02-05,Y1,gap too small,-115.6890,289.0763,-0.4002
2025-02-06,Y1,gap too small,20.3000,293.5360,0.0692
2025-02-07,Y1,gap too small,23.1110,293.4733,0.0787
2025-02-10,Y1,TRADE,176.0230,300.0321,0.5867
2025-02-11,Y1,gap too small,-137.1660,292.0630,-0.4696
2025-02-12,Y1,TRADE,-238.0540,289.1809,-0.8232
2025-02-13,Y1,gap too small,68.9550,302.6217,0.2279
2025-02-14,Y1,gap too small,2.8310,309.7476,0.0091
2025-02-17,Y1,not full: US holiday,,,
2025-02-18,Y1,previous day not full (US holiday),,,
2025-02-19,Y1,gap too small,-30.6220,275.9645,-0.1110
2025-02-20,Y1,gap too small,-41.1220,264.0551,-0.1557
2025-02-21,Y1,gap too small,44.4420,251.1873,0.1769
2025-02-24,Y1,gap too small,71.0240,253.4057,0.2803
2025-02-25,Y1,gap too small,-28.9540,256.9090,-0.1127
2025-02-26,Y1,gap too small,89.4890,266.0571,0.3364
2025-02-27,Y1,TRADE,150.2120,281.2149,0.5342
2025-02-28,Y1,gap too small,-17.1910,299.6590,-0.0574
2025-03-03,Y1,gap too small,138.6700,333.6304,0.4156
2025-03-04,Y1,gap too small,-128.7900,369.2180,-0.3488
2025-03-05,Y1,gap too small,23.9110,399.1029,0.0599
2025-03-06,Y1,TRADE,-342.1990,415.3400,-0.8239
2025-03-07,Y1,gap too small,-52.7220,438.8936,-0.1201
2025-03-10,Y1,TRADE,-342.5120,441.4155,-0.7759
2025-03-11,Y1,gap too small,-42.2350,464.4637,-0.0909
2025-03-12,Y1,TRADE,308.0330,494.7289,0.6226
2025-03-13,Y1,gap too small,-34.7780,501.5795,-0.0693
2025-03-14,Y1,gap too small,215.1670,494.8752,0.4348
2025-03-17,Y1,gap too small,-1.2780,497.3343,-0.0026
2025-03-18,Y1,gap too small,-139.3330,493.9310,-0.2821
2025-03-19,Y1,gap too small,87.6110,489.0726,0.1791
2025-03-20,Y1,gap too small,-166.8550,468.4969,-0.3561
2025-03-21,Y1,gap too small,-218.9560,458.0227,-0.4780
2025-03-24,Y1,TRADE,306.9110,444.3036,0.6908
2025-03-25,Y1,gap too small,35.7320,413.3187,0.0865
2025-03-26,Y1,gap too small,-46.4340,387.9943,-0.1197
2025-03-27,Y1,gap too small,-85.4210,374.4687,-0.2281
2025-03-28,Y1,gap too small,-78.5670,354.0151,-0.2219
2025-03-31,Y1,TRADE,-291.5210,333.0570,-0.8753
2025-04-01,Y1,gap too small,-68.2790,340.0075,-0.2008
2025-04-02,Y1,TRADE,-272.7000,339.9337,-0.8022
2025-04-03,Y1,TRADE,-823.8980,344.7949,-2.3895
2025-04-04,Y1,TRADE,-531.0010,338.2618,-1.5698
2025-04-07,Y1,TRADE,-612.1900,342.3865,-1.7880
2025-04-08,Y1,TRADE,596.3980,478.0624,1.2475
2025-04-09,Y1,gap too small,-23.5340,519.5140,-0.0453
2025-04-10,Y1,TRADE,-489.6440,710.9509,-0.6887
2025-04-11,Y1,gap too small,-62.1230,738.7616,-0.0841
2025-04-14,Y1,TRADE,422.9890,804.1905,0.5260
2025-04-15,Y1,gap too small,48.4240,821.0722,0.0590
2025-04-16,Y1,gap too small,-374.1570,793.9707,-0.4712
2025-04-17,Y1,gap too small,121.1770,817.6583,0.1482
2025-04-21,Y1,gap too small,-243.3680,785.5692,-0.3098
2025-04-22,Y1,gap too small,234.2790,784.9364,0.2985
2025-04-23,Y1,TRADE,573.4350,823.1922,0.6966
2025-04-24,Y1,gap too small,86.0440,810.9367,0.1061
2025-04-25,Y1,gap too small,-10.7330,836.2586,-0.0128
2025-04-28,Y1,gap too small,19.2220,815.5613,0.0236
2025-04-29,Y1,gap too small,-97.0660,697.7703,-0.1391
2025-04-30,Y1,TRADE,-341.6890,608.1914,-0.5618
2025-05-01,Y1,TRADE,323.8890,495.4827,0.6537
2025-05-02,Y1,TRADE,223.2900,445.9225,0.5007
2025-05-05,Y1,gap too small,-172.9860,415.7297,-0.4161
2025-05-06,Y1,TRADE,-268.2900,388.4417,-0.6907
2025-05-07,Y1,gap too small,25.7010,391.7609,0.0656
2025-05-08,Y1,TRADE,215.2450,376.4813,0.5717
2025-05-09,Y1,gap too small,79.3240,382.8617,0.2072
2025-05-12,Y1,TRADE,783.3120,374.6413,2.0908
2025-05-13,Y1,gap too small,57.4240,361.0659,0.1590
2025-05-14,Y1,gap too small,48.3100,358.3060,0.1348
2025-05-15,Y1,gap too small,-95.2550,329.2242,-0.2893
2025-05-16,Y1,gap too small,50.6770,326.6227,0.1552
2025-05-19,Y1,TRADE,-301.4560,307.9838,-0.9788
2025-05-20,Y1,gap too small,-108.6670,313.4976,-0.3466
2025-05-21,Y1,TRADE,-167.2230,276.1211,-0.6056
2025-05-22,Y1,gap too small,20.4320,288.8334,0.0707
2025-05-23,Y1,TRADE,-329.5000,281.4757,-1.1706
2025-05-26,Y1,not full: US holiday,,,
2025-05-27,Y1,previous day not full (US holiday),,,
2025-05-28,Y1,gap too small,40.8670,283.8272,0.1440
2025-05-29,Y1,TRADE,306.1790,273.6646,1.1188
2025-05-30,Y1,gap too small,-24.0350,280.5523,-0.0857
2025-06-02,Y1,gap too small,-75.4350,286.7397,-0.2631
2025-06-03,Y1,gap too small,15.0450,284.7246,0.0528
2025-06-04,Y1,gap too small,24.3890,294.7785,0.0827
2025-06-05,Y1,gap too small,59.6550,286.3782,0.2083
2025-06-06,Y1,TRADE,213.1650,304.1073,0.7010
2025-06-09,Y1,gap too small,11.3120,288.5199,0.0392
2025-06-10,Y1,gap too small,18.1550,285.8640,0.0635
2025-06-11,Y1,gap too small,53.5550,268.8217,0.1992
2025-06-12,Y1,gap too small,-59.9580,269.9057,-0.2221
2025-06-13,Y1,TRADE,-252.7000,259.0058,-0.9757
2025-06-16,Y1,TRADE,142.9670,259.7581,0.5504
2025-06-17,Y1,gap too small,-110.7770,253.4921,-0.4370
2025-06-18,Y1,gap too small,38.2540,253.1428,0.1511
2025-06-19,Y1,not full: US holiday,,,
2025-06-20,Y1,previous day not full (US holiday),,,
2025-06-23,Y1,gap too small,28.2450,233.4136,0.1210
2025-06-24,Y1,TRADE,215.8090,246.1285,0.8768
2025-06-25,Y1,gap too small,94.1330,249.7910,0.3768
2025-06-26,Y1,gap too small,88.4340,229.1143,0.3860
2025-06-27,Y1,gap too small,39.9320,235.5914,0.1695
2025-06-30,Y1,gap too small,120.9460,243.4116,0.4969
2025-07-01,Y1,gap too small,-81.7890,234.6937,-0.3485
2025-07-02,Y1,gap too small,-35.9760,230.5832,-0.1560
2025-07-03,Y1,not full: early close,,,
2025-07-04,Y1,not full: US holiday,,,
2025-07-07,Y1,previous day not full (US holiday),,,
2025-07-08,Y1,gap too small,51.8220,233.2654,0.2222
2025-07-09,Y1,gap too small,87.8340,224.7565,0.3908
2025-07-10,Y1,gap too small,23.0100,222.6416,0.1033
2025-07-11,Y1,gap too small,-94.6010,205.2710,-0.4609
2025-07-14,Y1,gap too small,-10.2440,187.6767,-0.0546
2025-07-15,Y1,TRADE,167.0540,192.9594,0.8657
2025-07-16,Y1,gap too small,22.1560,192.3673,0.1152
2025-07-17,Y1,gap too small,26.1140,196.1140,0.1332
2025-07-18,Y1,gap too small,50.7330,196.7332,0.2579
2025-07-21,Y1,gap too small,32.6010,194.3590,0.1677
2025-07-22,Y1,gap too small,-0.2780,187.8083,-0.0015
2025-07-23,Y1,gap too small,40.7210,189.2795,0.2151
2025-07-24,Y1,gap too small,51.3780,189.1046,0.2717
2025-07-25,Y1,gap too small,-7.7550,184.2641,-0.0421
2025-07-28,Y1,gap too small,53.3910,180.8790,0.2952
2025-07-29,Y1,TRADE,105.6000,179.3790,0.5887
2025-07-30,Y1,gap too small,35.2540,181.2608,0.1945
2025-07-31,Y1,TRADE,261.4900,186.2410,1.4040
2025-08-01,Y1,TRADE,-256.5120,200.6699,-1.2783
2025-08-04,Y1,TRADE,214.2100,206.1378,1.0392
2025-08-05,Y1,gap too small,53.0360,211.6774,0.2506
2025-08-06,Y1,gap too small,37.5880,211.1315,0.1780
2025-08-07,Y1,TRADE,178.9110,220.8194,0.8102
2025-08-08,Y1,gap too small,44.7910,234.7815,0.1908
2025-08-11,Y1,gap too small,1.0900,237.8703,0.0046
2025-08-12,Y1,gap too small,89.9770,236.4680,0.3805
2025-08-13,Y1,gap too small,107.1890,250.0751,0.4286
2025-08-14,Y1,gap too small,-86.0320,252.1221,-0.3412
2025-08-15,Y1,gap too small,-5.3110,253.9521,-0.0209
2025-08-18,Y1,gap too small,-35.8650,258.2326,-0.1389
2025-08-19,Y1,gap too small,-33.9000,249.0284,-0.1361
2025-08-20,Y1,gap too small,-43.7470,253.1447,-0.1728
2025-08-21,Y1,gap too small,-67.9680,247.8646,-0.2742
2025-08-22,Y1,gap too small,48.5090,242.5063,0.2000
2025-08-25,Y1,gap too small,-69.8540,261.0345,-0.2676
2025-08-26,Y1,gap too small,-23.4790,253.0096,-0.0928
2025-08-27,Y1,gap too small,-44.5330,244.7347,-0.1820
2025-08-28,Y1,gap too small,20.2220,231.7982,0.0872
2025-08-29,Y1,gap too small,-105.6870,234.6676,-0.4504
2025-09-01,Y1,not full: US holiday,,,
2025-09-02,Y1,previous day not full (US holiday),,,
2025-09-03,Y1,TRADE,150.5030,236.2623,0.6370
2025-09-04,Y1,gap too small,30.7540,240.1064,0.1281
2025-09-05,Y1,TRADE,213.5920,251.8821,0.8480
2025-09-08,Y1,gap too small,94.8950,273.2062,0.3473
2025-09-09,Y1,gap too small,38.6750,257.0882,0.1504
2025-09-10,Y1,TRADE,134.8100,240.4806,0.5606
2025-09-11,Y1,gap too small,106.7110,238.8312,0.4468
2025-09-12,Y1,gap too small,37.7330,214.4327,0.1760
2025-09-15,Y1,gap too small,72.9740,213.8193,0.3413
2025-09-16,Y1,gap too small,38.7790,212.7146,0.1823
2025-09-17,Y1,gap too small,-0.4340,208.4963,-0.0021
2025-09-18,Y1,TRADE,202.8200,215.1611,0.9426
2025-09-19,Y1,gap too small,77.7230,211.5423,0.3674
2025-09-22,Y1,gap too small,-43.3580,208.7878,-0.2077
2025-09-23,Y1,gap too small,5.0910,205.8091,0.0247
2025-09-24,Y1,gap too small,57.6560,205.9509,0.2800
2025-09-25,Y1,TRADE,-158.0890,202.5141,-0.7806
2025-09-26,Y1,gap too small,29.1480,193.9358,0.1503
2025-09-29,Y1,TRADE,128.8250,201.4916,0.6394
2025-09-30,Y1,gap too small,-13.8760,203.0805,-0.0683
2025-10-01,Y2,TRADE,-128.7280,200.3994,-0.6424
2025-10-02,Y2,TRADE,157.4870,216.5593,0.7272
2025-10-03,Y2,gap too small,29.8270,217.2822,0.1373
2025-10-06,Y2,TRADE,221.2650,225.1385,0.9828
2025-10-07,Y2,gap too small,55.5970,228.2081,0.2436
2025-10-08,Y2,gap too small,37.6080,224.4922,0.1675
2025-10-09,Y2,gap too small,0.3390,230.0360,0.0015
2025-10-10,Y2,gap too small,24.2200,229.7723,0.1054
2025-10-13,Y2,TRADE,424.1300,279.4544,1.5177
2025-10-14,Y2,TRADE,-279.5710,277.4595,-1.0076
2025-10-15,Y2,TRADE,246.9820,300.1717,0.8228
2025-10-16,Y2,gap too small,122.5670,312.8322,0.3918
2025-10-17,Y2,gap too small,-87.6420,331.2071,-0.2646
2025-10-20,Y2,gap too small,135.4340,349.7638,0.3872
2025-10-21,Y2,gap too small,3.5650,355.3222,0.0100
2025-10-22,Y2,gap too small,-22.6090,342.4140,-0.0660
2025-10-23,Y2,gap too small,-20.1070,360.8721,-0.0557
2025-10-24,Y2,TRADE,224.2210,370.0648,0.6059
2025-10-27,Y2,TRADE,310.4440,374.7734,0.8284
2025-10-28,Y2,gap too small,93.5130,370.9486,0.2521
2025-10-29,Y2,gap too small,107.1800,370.1693,0.2895
2025-10-30,Y2,gap too small,-154.0330,375.4969,-0.4102
2025-10-31,Y2,TRADE,333.6420,325.0449,1.0264
2025-11-03,Y2,TRADE,241.6410,330.1749,0.7319
2025-11-04,Y2,TRADE,-367.0970,302.2716,-1.2145
2025-11-05,Y2,gap too small,-33.0910,291.6095,-0.1135
2025-11-06,Y2,gap too small,-65.1760,282.0150,-0.2311
2025-11-07,Y2,gap too small,-140.7570,282.2379,-0.4987
2025-11-10,Y2,TRADE,375.3480,303.8356,1.2354
2025-11-11,Y2,gap too small,-106.1310,316.0092,-0.3358
2025-11-12,Y2,gap too small,134.9740,298.1983,0.4526
2025-11-13,Y2,gap too small,-146.7320,294.6827,-0.4979
2025-11-14,Y2,TRADE,-370.1510,310.7675,-1.1911
2025-11-17,Y2,gap too small,-103.5690,349.8597,-0.2960
2025-11-18,Y2,gap too small,-166.9900,367.5680,-0.4543
2025-11-19,Y2,gap too small,32.4840,379.3753,0.0856
2025-11-20,Y2,TRADE,481.6620,402.2396,1.1975
2025-11-21,Y2,gap too small,73.9040,448.2043,0.1649
2025-11-24,Y2,gap too small,210.9910,485.8312,0.4343
2025-11-25,Y2,gap too small,-77.1370,502.6505,-0.1535
2025-11-26,Y2,gap too small,148.6450,521.4088,0.2851
2025-11-27,Y2,not full: US holiday,,,
2025-11-28,Y2,not full: early close,,,
2025-12-01,Y2,previous day not full (early close),,,
2025-12-02,Y2,gap too small,93.2460,536.8520,0.1737
2025-12-03,Y2,gap too small,-103.4760,534.3278,-0.1937
2025-12-04,Y2,gap too small,54.8070,518.7113,0.1057
2025-12-05,Y2,gap too small,58.3200,478.6181,0.1219
2025-12-08,Y2,gap too small,67.8670,453.8194,0.1495
2025-12-09,Y2,gap too small,-48.2510,436.2393,-0.1106
2025-12-10,Y2,gap too small,-54.5380,409.8109,-0.1331
2025-12-11,Y2,gap too small,-151.8100,335.6147,-0.4523
2025-12-12,Y2,TRADE,-152.3690,303.4884,-0.5021
2025-12-15,Y2,TRADE,200.0820,302.3969,0.6617
2025-12-16,Y2,gap too small,-97.1700,283.6345,-0.3426
2025-12-17,Y2,gap too small,51.9640,289.9899,0.1792
2025-12-18,Y2,TRADE,388.9750,308.1456,1.2623
2025-12-19,Y2,gap too small,124.0700,304.2591,0.4078
2025-12-22,Y2,TRADE,201.1080,305.6632,0.6579
2025-12-23,Y2,gap too small,-40.2130,297.6276,-0.1351
2025-12-24,Y2,not full: early close,,,
2025-12-26,Y2,previous day not full (early close),,,
2025-12-29,Y2,TRADE,-155.6000,290.8730,-0.5349
2025-12-30,Y2,gap too small,-45.9780,281.0504,-0.1636
2025-12-31,Y2,gap too small,4.7710,277.1583,0.0172
2026-01-02,Y2,TRADE,236.7100,270.5809,0.8748
2026-01-05,Y2,TRADE,261.4760,284.8620,0.9179
2026-01-06,Y2,gap too small,48.4980,259.0819,0.1872
2026-01-07,Y2,gap too small,-20.5240,248.7203,-0.0825
2026-01-08,Y2,gap too small,-45.0590,243.7401,-0.1849
2026-01-09,Y2,gap too small,37.3050,218.0887,0.1711
2026-01-12,Y2,TRADE,-181.8190,228.1151,-0.7970
2026-01-13,Y2,gap too small,1.4400,232.6351,0.0062
2026-01-14,Y2,TRADE,-161.3240,236.1899,-0.6830
2026-01-15,Y2,TRADE,290.3790,251.3262,1.1554
2026-01-16,Y2,TRADE,161.2580,252.5234,0.6386
2026-01-19,Y2,not full: US holiday,,,
2026-01-20,Y2,previous day not full (US holiday),,,
2026-01-21,Y2,gap too small,57.1130,283.3988,0.2015
2026-01-22,Y2,TRADE,262.3830,311.2246,0.8431
2026-01-23,Y2,gap too small,-47.6070,284.4791,-0.1673
2026-01-26,Y2,gap too small,16.9770,295.2577,0.0575
2026-01-27,Y2,gap too small,141.3960,297.6633,0.4750
2026-01-28,Y2,TRADE,180.2600,298.2294,0.6044
2026-01-29,Y2,gap too small,-13.8560,293.9758,-0.0471
2026-01-30,Y2,gap too small,-153.6350,310.4959,-0.4948
2026-02-02,Y2,gap too small,-124.3470,313.8330,-0.3962
2026-02-03,Y2,gap too small,82.0960,332.0408,0.2472
2026-02-04,Y2,gap too small,-58.5430,352.3156,-0.1662
2026-02-05,Y2,TRADE,-225.6720,368.7601,-0.6120
2026-02-06,Y2,gap too small,128.3080,378.2434,0.3392
2026-02-09,Y2,gap too small,-86.0070,393.2937,-0.2187
2026-02-10,Y2,gap too small,38.7570,408.5316,0.0949
2026-02-11,Y2,TRADE,202.0600,389.5823,0.5187
2026-02-12,Y2,gap too small,71.5010,403.8650,0.1770
2026-02-13,Y2,gap too small,-16.8480,421.5299,-0.0400
2026-02-16,Y2,not full: US holiday,,,
2026-02-17,Y2,previous day not full (US holiday),,,
2026-02-18,Y2,gap too small,37.1550,476.2709,0.0780
2026-02-19,Y2,gap too small,-124.9600,458.7549,-0.2724
2026-02-20,Y2,gap too small,-140.4530,445.5830,-0.3152
2026-02-23,Y2,gap too small,-91.5910,455.6318,-0.2010
2026-02-24,Y2,gap too small,42.9980,426.9180,0.1007
2026-02-25,Y2,gap too small,132.3840,416.5710,0.3178
2026-02-26,Y2,gap too small,-39.6360,405.8682,-0.0977
2026-02-27,Y2,TRADE,-264.6340,392.9735,-0.6734
2026-03-02,Y2,TRADE,-346.5800,374.0431,-0.9266
2026-03-03,Y2,TRADE,-494.2160,391.3069,-1.2630
2026-03-04,Y2,gap too small,98.8790,404.6090,0.2444
2026-03-05,Y2,gap too small,-133.3410,386.0699,-0.3454
2026-03-06,Y2,TRADE,-358.4440,382.1437,-0.9380
2026-03-09,Y2,TRADE,-233.0040,373.5571,-0.6237
2026-03-10,Y2,gap too small,2.1060,404.0127,0.0052
2026-03-11,Y2,gap too small,51.5240,400.8317,0.1285
2026-03-12,Y2,not full: data hole 60 min in 09:30-16:00,,,
2026-03-13,Y2,previous day not full (data hole 60 min in 09:30-16:00),,,
2026-03-16,Y2,TRADE,262.1700,400.5228,0.6546
2026-03-17,Y2,gap too small,119.5930,388.6115,0.3077
2026-03-18,Y2,gap too small,-78.8430,382.0327,-0.2064
2026-03-19,Y2,TRADE,-219.8230,365.8730,-0.6008
2026-03-20,Y2,gap too small,-81.8890,375.9036,-0.2178
2026-03-23,Y2,TRADE,379.1420,378.2272,1.0024
2026-03-24,Y2,gap too small,-154.9210,365.6655,-0.4237
2026-03-25,Y2,TRADE,213.4190,358.8059,0.5948
2026-03-26,Y2,TRADE,-212.5230,341.2998,-0.6227
2026-03-27,Y2,gap too small,-128.4920,345.3162,-0.3721
2026-03-30,Y2,TRADE,202.4740,318.6090,0.6355
2026-03-31,Y2,TRADE,247.2230,333.3401,0.7417
2026-04-01,Y2,gap too small,177.5140,371.7345,0.4775
2026-04-02,Y2,TRADE,-430.7620,361.5118,-1.1916
2026-04-06,Y2,gap too small,45.3160,377.4334,0.1201
2026-04-07,Y2,gap too small,-117.1800,380.7282,-0.3078
2026-04-08,Y2,TRADE,828.3470,416.1989,1.9903
2026-04-09,Y2,gap too small,2.6340,411.2491,0.0064
2026-04-10,Y2,gap too small,71.6860,410.5166,0.1746
2026-04-13,Y2,gap too small,-64.6960,383.3328,-0.1688
2026-04-14,Y2,gap too small,120.5500,390.3936,0.3088
2026-04-15,Y2,gap too small,24.5880,401.2544,0.0613
2026-04-16,Y2,gap too small,79.5110,417.4776,0.1905
2026-04-17,Y2,TRADE,215.9000,406.4195,0.5312
2026-04-20,Y2,gap too small,-28.9300,394.3210,-0.0734
2026-04-21,Y2,gap too small,65.5710,370.8448,0.1768
2026-04-22,Y2,TRADE,241.1770,346.7155,0.6956
2026-04-23,Y2,gap too small,-60.7080,344.5652,-0.1762
2026-04-24,Y2,TRADE,290.6880,336.2032,0.8646
2026-04-27,Y2,gap too small,-21.5800,342.7073,-0.0630
2026-04-28,Y2,TRADE,-338.7750,314.7707,-1.0763
2026-04-29,Y2,gap too small,39.6510,308.9140,0.1284
2026-04-30,Y2,TRADE,163.5310,303.2465,0.5393
2026-05-01,Y2,gap too small,60.8470,324.0745,0.1878
2026-05-04,Y2,gap too small,20.6680,317.4329,0.0651
2026-05-05,Y2,TRADE,210.1640,314.6702,0.6679
2026-05-06,Y2,TRADE,256.3940,303.8945,0.8437
2026-05-07,Y2,gap too small,42.5750,313.6238,0.1358
2026-05-08,Y2,TRADE,200.8210,324.3536,0.6191
2026-05-11,Y2,gap too small,-28.0430,343.6088,-0.0816
2026-05-12,Y2,TRADE,-212.8980,332.9925,-0.6393
2026-05-13,Y2,gap too small,118.0930,351.9307,0.3356
2026-05-14,Y2,gap too small,3.7150,352.1962,0.0105
2026-05-15,Y2,TRADE,-400.4260,347.9306,-1.1509
2026-05-18,Y2,gap too small,110.9270,365.6219,0.3034
2026-05-19,Y2,TRADE,-244.7230,379.3195,-0.6452
2026-05-20,Y2,gap too small,153.9280,399.5462,0.3853
2026-05-21,Y2,gap too small,-178.9920,395.0392,-0.4531
2026-05-22,Y2,gap too small,148.8190,407.9338,0.3648
2026-05-25,Y2,not full: US holiday,,,
2026-05-26,Y2,previous day not full (US holiday),,,
2026-05-27,Y2,gap too small,111.0360,415.6985,0.2671
2026-05-28,Y2,gap too small,12.4670,405.8836,0.0307
2026-05-29,Y2,gap too small,85.9890,403.9608,0.2129
2026-06-01,Y2,gap too small,-46.3470,405.3843,-0.1143
2026-06-02,Y2,gap too small,-11.8590,394.8573,-0.0300
2026-06-03,Y2,gap too small,52.6790,381.3942,0.1381
2026-06-04,Y2,TRADE,-367.6060,373.0520,-0.9854
2026-06-05,Y2,TRADE,-439.0710,372.8817,-1.1775
2026-06-08,Y2,TRADE,515.8220,409.0177,1.2611
2026-06-09,Y2,TRADE,289.9030,406.7400,0.7127
2026-06-10,Y2,TRADE,-258.5550,481.8164,-0.5366
2026-06-11,Y2,gap too small,229.1140,506.1026,0.4527
2026-06-12,Y2,gap too small,35.0990,575.6428,0.0610
2026-06-15,Y2,TRADE,678.8790,588.6613,1.1533
2026-06-16,Y2,gap too small,-50.4150,592.8623,-0.0850
2026-06-17,Y2,gap too small,222.8630,607.4256,0.3669
2026-06-18,Y2,TRADE,600.9430,622.9959,0.9646
2026-06-19,Y2,not full: US holiday,,,
2026-06-22,Y2,previous day not full (US holiday),,,
2026-06-23,Y2,TRADE,-944.6350,643.4628,-1.4680
2026-06-24,Y2,gap too small,58.8040,656.8775,0.0895
2026-06-25,Y2,TRADE,639.1340,682.5881,0.9363
2026-06-26,Y2,TRADE,-377.0820,649.0211,-0.5810
2026-06-29,Y2,gap too small,270.7380,665.3258,0.4069
2026-06-30,Y2,gap too small,-2.0220,616.1394,-0.0033
2026-07-01,B,not full: no cash-session bars,,,
