date,weekday,doha_entry,ny_entry,london_entry,direction,entry,stop,target,stop_usd,exit_reason,exit_ny,exit_doha,exit_price,usd_after_cost,R,R_2x_cost,news_day,news_event,news_doubtful,asia_high,asia_low,period
2023-10-02,Mon,12:15,05:15,10:15,short,1838.185,1843.99,1832.38,5.805,target,05:30,12:30,1832.38,5.405,0.9311,0.8622,no,,no,1848.835,1839.145,A
2023-10-03,Tue,11:30,04:30,09:30,long,1828.735,1821.632,1835.838,7.103,stop,10:02,17:02,1821.632,-7.503,-1.0563,-1.1126,no,,no,1828.018,1815.245,A
2023-10-04,Wed,09:15,02:15,07:15,short,1819.415,1822.22,1816.61,2.805,stop,03:43,10:43,1822.22,-3.205,-1.1426,-1.2852,no,,no,1824.945,1819.495,A
2023-10-05,Thu,10:15,03:15,08:15,short,1821.545,1825.365,1817.725,3.82,target,08:38,15:38,1817.725,3.42,0.8953,0.7906,no,,no,1829.105,1821.625,A
2023-10-06,Fri,09:30,02:30,07:30,short,1818.535,1822.035,1815.035,3.5,stop,05:04,12:04,1822.035,-3.9,-1.1143,-1.2286,yes,NFP,no,1824.475,1819.595,A
2023-10-09,Mon,15:45,08:45,13:45,short,1845.585,1849.632,1841.538,4.046,stop,10:24,17:24,1849.632,-4.446,-1.0989,-1.1977,no,,no,1853.165,1846.098,A
2023-10-10,Tue,09:15,02:15,07:15,short,1858.865,1862.497,1855.233,3.632,target,02:45,09:45,1855.233,3.232,0.8899,0.7797,no,,no,1865.315,1859.678,A
2023-10-11,Wed,09:45,02:45,07:45,long,1862.958,1860.28,1865.636,2.678,target,03:41,10:41,1865.636,2.278,0.8506,0.7013,yes,PPI,no,1862.025,1858.535,A
2023-10-12,Thu,09:45,02:45,07:45,long,1882.125,1877.2,1887.05,4.925,stop,08:40,15:40,1877.2,-5.325,-1.0812,-1.1624,yes,CPI,no,1880.045,1874.355,A
2023-10-13,Fri,10:15,03:15,08:15,long,1878.455,1873.72,1883.19,4.735,target,04:06,11:06,1883.19,4.335,0.9155,0.831,no,,no,1877.935,1869.505,A
2023-10-16,Mon,09:30,02:30,07:30,short,1912.518,1920.155,1904.881,7.637,stop,08:20,15:20,1920.155,-8.037,-1.0524,-1.1048,no,,no,1926.205,1914.105,A
2023-10-17,Tue,12:30,05:30,10:30,long,1922.675,1917.02,1928.33,5.655,target,08:20,15:20,1928.33,5.255,0.9293,0.8585,no,,no,1921.725,1912.315,A
2023-10-18,Wed,12:45,05:45,10:45,long,1945.015,1933.162,1956.868,11.853,target,09:38,16:38,1956.868,11.453,0.9663,0.9325,no,,no,1942.645,1923.678,A
2023-10-19,Thu,11:15,04:15,09:15,long,1953.255,1949.17,1957.34,4.085,stop,04:39,11:39,1949.17,-4.485,-1.0979,-1.1958,no,,no,1953.215,1945.125,A
2023-10-20,Fri,11:30,04:30,09:30,long,1983.435,1977.055,1989.815,6.38,stop,07:49,14:49,1977.055,-6.78,-1.0627,-1.1254,no,,no,1982.205,1971.905,A
2023-10-23,Mon,10:45,03:45,08:45,long,1978.565,1971.18,1985.95,7.385,stop,09:44,16:44,1971.18,-7.785,-1.0542,-1.1083,no,,no,1978.085,1964.275,A
2023-10-24,Tue,12:15,05:15,10:15,short,1970.955,1976.01,1965.9,5.055,target,05:39,12:39,1965.9,4.655,0.9209,0.8417,no,,no,1980.735,1971.285,A
2023-10-25,Wed,10:30,03:30,08:30,short,1968.568,1973.555,1963.581,4.987,stop,04:35,11:35,1973.555,-5.387,-1.0802,-1.1604,no,,no,1976.905,1970.205,A
2023-10-26,Thu,11:00,04:00,09:00,long,1990.025,1985.45,1994.6,4.575,stop,07:36,14:36,1985.45,-4.975,-1.0874,-1.1749,no,,no,1989.495,1981.405,A
2023-10-27,Fri,14:00,07:00,12:00,short,1980.545,1986.315,1974.775,5.77,stop,13:18,20:18,1986.315,-6.17,-1.0693,-1.1386,no,,no,1989.835,1982.795,A
2023-10-30,Mon,11:00,04:00,08:00,short,1993.565,2000.802,1986.328,7.236,stop,09:14,16:14,2000.802,-7.636,-1.0553,-1.1106,no,,no,2006.685,1994.918,A
2023-10-31,Tue,12:45,05:45,09:45,long,1997.445,1993.84,2001.05,3.605,target,08:20,15:20,2001.05,3.205,0.889,0.7781,no,,no,1997.205,1990.475,A
2023-11-01,Wed,14:45,07:45,11:45,long,1984.575,1979.506,1989.644,5.069,target,10:00,17:00,1989.644,4.669,0.9211,0.8422,yes,FOMC,no,1983.955,1975.058,A
2023-11-02,Thu,11:45,04:45,08:45,long,1988.115,1985.662,1990.568,2.453,target,08:30,15:30,1990.568,2.053,0.837,0.6739,no,,no,1988.048,1983.275,A
2023-11-03,Fri,12:00,05:00,09:00,long,1988.438,1985.715,1991.161,2.723,stop,08:29,15:29,1985.715,-3.123,-1.1469,-1.2938,yes,NFP,no,1988.275,1983.155,A
2023-11-06,Mon,19:00,11:00,16:00,short,1981.025,1987.4,1974.65,6.375,16:00 close,16:00,00:00,1977.535,3.09,0.4847,0.422,no,,no,1992.955,1981.845,A
2023-11-07,Tue,10:15,02:15,07:15,short,1969.755,1973.922,1965.589,4.166,target,04:01,12:01,1965.589,3.766,0.904,0.808,no,,no,1976.985,1970.858,A
2023-11-08,Wed,13:15,05:15,10:15,short,1962.845,1967.92,1957.77,5.075,target,10:13,18:13,1957.77,4.675,0.9212,0.8424,no,,no,1970.955,1964.885,A
2023-11-09,Thu,11:15,03:15,08:15,short,1946.515,1951.12,1941.91,4.605,stop,08:57,16:57,1951.12,-5.005,-1.0869,-1.1737,no,,no,1954.505,1947.735,A
2023-11-10,Fri,10:15,02:15,07:15,short,1955.225,1958.106,1952.344,2.881,target,05:10,13:10,1952.344,2.481,0.8612,0.7224,no,,no,1960.695,1955.518,A
2023-11-13,Mon,18:00,10:00,15:00,short,1932.535,1937.822,1927.249,5.286,stop,10:55,18:55,1937.822,-5.686,-1.0757,-1.1513,no,,no,1941.748,1933.895,A
2023-11-14,Tue,16:45,08:45,13:45,long,1956.435,1945.966,1966.904,10.468,target,09:39,17:39,1966.904,10.068,0.9618,0.9236,yes,CPI,no,1948.258,1943.675,A
2023-11-15,Wed,11:30,03:30,08:30,long,1971.955,1965.98,1977.93,5.975,stop,08:39,16:39,1965.98,-6.375,-1.0669,-1.1339,yes,PPI,no,1970.445,1961.515,A
2023-11-16,Thu,12:00,04:00,09:00,long,1967.375,1961.81,1972.94,5.565,target,09:02,17:02,1972.94,5.165,0.9281,0.8562,no,,no,1967.255,1956.365,A
2023-11-17,Fri,11:00,03:00,08:00,long,1987.565,1984.296,1990.834,3.269,target,04:10,12:10,1990.834,2.869,0.8776,0.7552,no,,no,1986.955,1981.638,A
2023-11-20,Mon,14:45,06:45,11:45,short,1972.895,1979.175,1966.615,6.28,target,08:34,16:34,1966.615,5.88,0.9363,0.8726,no,,no,1985.085,1973.265,A
2023-11-21,Tue,16:30,08:30,13:30,long,1995.055,1987.415,2002.695,7.64,target,09:30,17:30,2002.695,7.24,0.9476,0.8953,no,,no,1994.195,1980.635,A
2023-11-22,Wed,10:15,02:15,07:15,long,2002.755,1998.282,2007.229,4.474,stop,08:30,16:30,1998.282,-4.874,-1.0894,-1.1788,no,,no,2001.205,1995.358,A
2023-11-28,Tue,10:45,02:45,07:45,short,2013.735,2015.91,2011.56,2.175,stop,04:18,12:18,2015.91,-2.575,-1.1839,-1.3678,no,,no,2017.975,2013.845,A
2023-11-29,Wed,10:45,02:45,07:45,short,2041.515,2047.29,2035.74,5.775,target,04:34,12:34,2035.74,5.375,0.9307,0.8615,no,,no,2051.865,2042.715,A
2023-11-30,Thu,12:00,04:00,09:00,short,2040.394,2044.191,2036.597,3.797,target,06:15,14:15,2036.597,3.397,0.8947,0.7893,no,,no,2047.118,2041.264,A
2023-12-01,Fri,12:00,04:00,09:00,long,2045.225,2040.976,2049.474,4.248,target,04:38,12:38,2049.474,3.849,0.9058,0.8117,no,,no,2043.325,2038.628,A
2023-12-04,Mon,10:45,02:45,07:45,short,2067.465,2097.285,2037.645,29.82,target,10:23,18:23,2037.645,29.42,0.9866,0.9732,no,,no,2120.865,2073.705,A
2023-12-05,Tue,12:15,04:15,09:15,short,2028.705,2035.754,2021.655,7.05,target,06:33,14:33,2021.655,6.65,0.9433,0.8865,no,,no,2041.155,2030.354,A
2023-12-06,Wed,10:15,02:15,07:15,long,2027.428,2022.845,2032.011,4.583,target,02:43,10:43,2032.011,4.183,0.9127,0.8254,no,,no,2027.025,2018.665,A
2023-12-07,Thu,10:45,02:45,07:45,long,2030.155,2027.55,2032.76,2.605,target,03:25,11:25,2032.76,2.205,0.8464,0.6929,no,,no,2029.945,2025.155,A
2023-12-08,Fri,12:15,04:15,09:15,short,2026.985,2030.615,2023.355,3.63,stop,05:07,13:07,2030.615,-4.03,-1.1102,-1.2204,yes,NFP,no,2033.874,2027.355,A
2023-12-11,Mon,11:00,03:00,08:00,short,1992.725,2001.235,1984.215,8.51,target,10:24,18:24,1984.215,8.11,0.953,0.906,no,,no,2007.705,1994.765,A
2023-12-12,Tue,16:15,08:15,13:15,long,1992.205,1985.655,1998.755,6.55,stop,08:40,16:40,1985.655,-6.95,-1.0611,-1.1221,yes,CPI,no,1989.415,1981.895,A
2023-12-13,Wed,13:15,05:15,10:15,long,1982.615,1977.69,1987.54,4.925,target,14:00,22:00,1987.54,4.525,0.9188,0.8376,yes,PPI+FOMC,no,1982.445,1972.935,A
2023-12-14,Thu,11:30,03:30,08:30,long,2040.055,2034.552,2045.558,5.504,stop,05:03,13:03,2034.552,-5.904,-1.0727,-1.1454,no,,no,2039.175,2029.928,A
2023-12-15,Fri,10:30,02:30,07:30,long,2037.485,2034.3,2040.67,3.185,target,04:01,12:01,2040.67,2.785,0.8744,0.7488,no,,no,2037.375,2031.225,A
2023-12-18,Mon,12:15,04:15,09:15,long,2026.035,2020.305,2031.765,5.73,stop,05:39,13:39,2020.305,-6.13,-1.0698,-1.1396,no,,no,2024.685,2015.925,A
2023-12-19,Tue,16:00,08:00,13:00,long,2029.405,2025.41,2033.4,3.995,target,09:37,17:37,2033.4,3.595,0.8999,0.7997,no,,no,2029.215,2021.605,A
2023-12-20,Wed,10:30,02:30,07:30,long,2042.535,2039.445,2045.625,3.09,stop,05:06,13:06,2039.445,-3.49,-1.1294,-1.2589,no,,no,2042.285,2036.605,A
2023-12-21,Thu,16:45,08:45,13:45,long,2043.145,2035.001,2051.288,8.144,16:00 close,16:00,00:00,2044.005,0.46,0.0565,0.0074,no,,no,2038.098,2031.905,A
2023-12-22,Fri,13:15,05:15,10:15,long,2054.635,2050.25,2059.02,4.385,target,06:24,14:24,2059.02,3.985,0.9088,0.8176,no,,no,2053.785,2046.715,A
2023-12-27,Wed,12:15,04:15,09:15,long,2067.845,2065.79,2069.9,2.055,stop,05:25,13:25,2065.79,-2.455,-1.1946,-1.3893,no,,no,2067.755,2063.825,A
2023-12-28,Thu,11:30,03:30,08:30,short,2077.385,2083.726,2071.044,6.341,target,14:14,22:14,2071.044,5.941,0.9369,0.8738,no,,no,2088.355,2079.098,A
2023-12-29,Fri,10:15,02:15,07:15,long,2074.485,2069.505,2079.465,4.98,stop,03:56,11:56,2069.505,-5.38,-1.0803,-1.1606,no,,no,2073.035,2065.975,A
2024-01-02,Tue,12:45,04:45,09:45,long,2078.235,2069.47,2087.0,8.765,stop,06:40,14:40,2069.47,-9.165,-1.0456,-1.0913,no,,no,2076.665,2062.275,A
2024-01-03,Wed,12:15,04:15,09:15,short,2058.195,2062.464,2053.926,4.269,target,05:21,13:21,2053.926,3.869,0.9063,0.8126,no,,no,2065.835,2059.094,A
2024-01-04,Thu,10:45,02:45,07:45,long,2049.295,2044.32,2054.27,4.975,stop,07:04,15:04,2044.32,-5.375,-1.0804,-1.1608,no,,no,2048.585,2040.055,A
2024-01-05,Fri,13:00,05:00,10:00,short,2038.735,2044.48,2032.99,5.745,target,08:30,16:30,2032.99,5.345,0.9304,0.8607,yes,NFP,no,2048.155,2040.805,A
2024-01-08,Mon,14:15,06:15,11:15,short,2025.555,2036.725,2014.385,11.17,stop,11:14,19:14,2036.725,-11.57,-1.0358,-1.0716,no,,no,2046.525,2026.925,A
2024-01-09,Tue,10:30,02:30,07:30,long,2036.335,2033.01,2039.66,3.325,stop,03:10,11:10,2033.01,-3.725,-1.1203,-1.2406,no,,no,2035.775,2030.245,A
2024-01-10,Wed,11:15,03:15,08:15,long,2033.155,2028.29,2038.02,4.865,target,05:04,13:04,2038.02,4.465,0.9178,0.8356,no,,no,2032.785,2023.795,A
2024-01-11,Thu,16:30,08:30,13:30,long,2037.198,2030.775,2043.621,6.423,stop,08:30,16:30,2030.775,-6.823,-1.0623,-1.1246,yes,CPI,no,2035.045,2026.505,A
2024-01-17,Wed,18:00,10:00,15:00,short,2012.075,2025.206,1998.944,13.131,16:00 close,16:00,00:00,2006.015,5.66,0.431,0.4006,no,,no,2032.815,2017.598,A
2024-01-18,Thu,10:15,02:15,07:15,long,2013.105,2009.33,2016.88,3.775,stop,04:00,12:00,2009.33,-4.175,-1.106,-1.2119,no,,no,2012.955,2005.705,A
2024-01-19,Fri,10:30,02:30,07:30,long,2026.805,2022.9,2030.71,3.905,target,04:06,12:06,2030.71,3.505,0.8976,0.7951,no,,no,2025.475,2020.325,A
2024-01-22,Mon,17:45,09:45,14:45,short,2018.135,2025.97,2010.3,7.835,stop,10:21,18:21,2025.97,-8.235,-1.0511,-1.1021,no,,no,2032.005,2019.935,A
2024-01-24,Wed,10:45,02:45,07:45,long,2031.125,2025.99,2036.26,5.135,target,08:30,16:30,2036.26,4.735,0.9221,0.8442,no,,no,2029.255,2022.725,A
2024-01-25,Thu,11:15,03:15,08:15,short,2014.285,2015.75,2012.82,1.465,target,03:19,11:19,2012.82,1.065,0.727,0.4539,no,,no,2017.175,2014.325,A
2024-01-26,Fri,12:15,04:15,09:15,short,2018.405,2021.685,2015.125,3.28,stop,04:48,12:48,2021.685,-3.68,-1.122,-1.2439,no,,no,2024.125,2019.245,A
2024-01-29,Mon,10:15,02:15,07:15,long,2030.865,2024.065,2037.665,6.8,stop,09:40,17:40,2024.065,-7.2,-1.0588,-1.1176,no,,no,2028.935,2019.195,A
2024-01-30,Tue,10:45,02:45,07:45,long,2038.025,2032.825,2043.225,5.2,stop,06:27,14:27,2032.825,-5.6,-1.0769,-1.1538,no,,no,2035.905,2029.745,A
2024-01-31,Wed,11:45,03:45,08:45,long,2039.858,2035.632,2044.084,4.226,target,09:14,17:14,2044.084,3.826,0.9054,0.8107,yes,FOMC,no,2038.528,2032.735,A
2024-02-01,Thu,13:15,05:15,10:15,short,2038.505,2044.26,2032.75,5.755,target,05:56,13:56,2032.75,5.355,0.9305,0.861,no,,no,2049.475,2039.045,A
2024-02-02,Fri,16:45,08:45,13:45,short,2038.765,2054.31,2023.22,15.545,16:00 close,16:00,00:00,2035.945,2.42,0.1557,0.1299,yes,NFP,no,2056.845,2051.775,A
2024-02-05,Mon,11:15,03:15,08:15,short,2024.855,2033.24,2016.47,8.385,target,08:27,16:27,2016.47,7.985,0.9523,0.9046,no,,no,2039.745,2026.735,A
2024-02-06,Tue,17:45,09:45,14:45,long,2030.155,2026.555,2033.755,3.6,target,10:09,18:09,2033.755,3.2,0.8889,0.7778,no,,no,2029.715,2023.395,A
2024-02-07,Wed,15:30,07:30,12:30,short,2031.715,2034.176,2029.253,2.462,stop,08:22,16:22,2034.176,-2.862,-1.1625,-1.325,no,,no,2036.055,2032.298,A
2024-02-08,Thu,11:30,03:30,08:30,short,2030.318,2034.824,2025.812,4.506,stop,04:56,12:56,2034.824,-4.906,-1.0888,-1.1775,no,,no,2038.635,2031.014,A
2024-02-09,Fri,11:15,03:15,08:15,short,2031.165,2033.382,2028.948,2.216,stop,04:39,12:39,2033.385,-2.62,-1.182,-1.3625,no,,no,2034.978,2031.785,A
2024-02-12,Mon,12:45,04:45,09:45,short,2021.465,2024.13,2018.8,2.665,stop,08:09,16:09,2024.13,-3.065,-1.1501,-1.3002,no,,no,2026.505,2021.755,A
2024-02-13,Tue,10:15,02:15,07:15,long,2024.135,2020.39,2027.88,3.745,target,05:45,13:45,2027.88,3.345,0.8932,0.7864,yes,CPI,no,2023.995,2016.785,A
2024-02-14,Wed,11:15,03:15,08:15,short,1988.098,1991.125,1985.071,3.027,stop,04:53,12:53,1991.125,-3.427,-1.1321,-1.2643,no,,no,1993.515,1988.735,A
2024-02-15,Thu,11:15,03:15,08:15,long,1995.095,1992.185,1998.005,2.91,target,06:47,14:47,1998.005,2.51,0.8625,0.7251,no,,no,1994.195,1990.175,A
2024-02-16,Fri,10:45,02:45,07:45,long,2005.805,2003.892,2007.718,1.913,stop,03:53,11:53,2003.892,-2.313,-1.209,-1.4181,yes,PPI,no,2005.555,2002.228,A
2024-02-22,Thu,10:45,02:45,07:45,long,2030.655,2027.745,2033.565,2.91,target,03:07,11:07,2033.565,2.51,0.8625,0.7251,no,,no,2030.515,2024.975,A
2024-02-23,Fri,12:30,04:30,09:30,short,2017.445,2022.66,2012.23,5.215,stop,05:52,13:52,2022.66,-5.615,-1.0767,-1.1534,no,,no,2027.295,2018.025,A
2024-02-26,Mon,10:15,02:15,07:15,long,2034.205,2031.952,2036.458,2.253,target,03:32,11:32,2036.458,1.853,0.8225,0.645,no,,no,2034.128,2029.775,A
2024-02-27,Tue,10:45,02:45,07:45,long,2036.035,2032.906,2039.164,3.129,target,03:49,11:49,2039.164,2.729,0.8721,0.7443,no,,no,2034.905,2030.908,A
2024-02-28,Wed,10:45,02:45,07:45,short,2028.105,2031.075,2025.135,2.97,target,04:35,12:35,2025.135,2.57,0.8653,0.7306,no,,no,2033.625,2028.525,A
2024-02-29,Thu,10:45,02:45,07:45,long,2037.305,2035.435,2039.175,1.87,stop,04:19,12:19,2035.435,-2.27,-1.2139,-1.4278,no,,no,2037.015,2033.855,A
2024-03-01,Fri,10:15,02:15,07:15,long,2048.315,2045.38,2051.25,2.935,stop,02:55,10:55,2045.38,-3.335,-1.1363,-1.2726,no,,no,2047.995,2042.765,A
2024-03-04,Mon,10:15,02:15,07:15,long,2084.755,2081.806,2087.704,2.949,target,02:47,10:47,2087.704,2.549,0.8643,0.7287,no,,no,2084.305,2079.308,A
2024-03-05,Tue,11:30,03:30,08:30,long,2120.755,2115.01,2126.5,5.745,target,05:12,13:12,2126.5,5.345,0.9304,0.8607,no,,no,2119.645,2110.375,A
2024-03-06,Wed,10:15,02:15,07:15,long,2129.375,2125.805,2132.945,3.57,stop,03:34,11:34,2125.805,-3.97,-1.112,-1.2241,no,,no,2127.995,2123.615,A
2024-03-08,Fri,11:15,03:15,08:15,long,2163.555,2158.685,2168.425,4.87,target,03:30,11:30,2168.425,4.47,0.9179,0.8357,yes,NFP,no,2163.475,2153.895,A
2024-03-11,Mon,16:15,09:15,13:15,short,2176.725,2182.84,2170.61,6.115,stop,09:37,16:37,2182.84,-6.515,-1.0654,-1.1308,no,,no,2188.925,2176.755,A
2024-03-12,Tue,14:30,07:30,11:30,short,2172.755,2178.955,2166.555,6.2,target,08:30,15:30,2166.555,5.8,0.9355,0.871,yes,CPI,no,2184.425,2173.485,A
2024-03-13,Wed,13:45,06:45,10:45,long,2162.855,2159.025,2166.685,3.83,target,09:35,16:35,2166.685,3.43,0.8956,0.7911,no,,no,2161.495,2156.555,A
2024-03-14,Thu,15:30,08:30,12:30,short,2167.035,2172.086,2161.984,5.052,target,08:32,15:32,2161.984,4.652,0.9208,0.8416,yes,PPI,no,2176.848,2167.325,A
2024-03-15,Fri,13:00,06:00,10:00,long,2171.745,2165.23,2178.26,6.515,stop,08:03,15:03,2165.23,-6.915,-1.0614,-1.1228,no,,no,2169.975,2160.485,A
2024-03-18,Mon,14:00,07:00,11:00,long,2158.085,2151.71,2164.46,6.375,16:00 close,16:00,23:00,2160.085,1.6,0.251,0.1882,no,,no,2157.435,2145.985,A
2024-03-19,Tue,11:15,04:15,08:15,short,2152.185,2158.335,2146.035,6.15,stop,08:43,15:43,2158.335,-6.55,-1.065,-1.1301,no,,no,2162.745,2153.925,A
2024-03-20,Wed,11:15,04:15,08:15,short,2154.905,2157.63,2152.18,2.725,target,08:37,15:37,2152.18,2.325,0.8532,0.7064,yes,FOMC,no,2160.135,2155.125,A
2024-03-21,Thu,17:00,10:00,14:00,short,2191.785,2202.32,2181.25,10.535,target,10:23,17:23,2181.25,10.135,0.962,0.9241,no,,no,2212.275,2192.365,A
2024-03-22,Fri,10:15,03:15,07:15,short,2167.615,2177.875,2157.355,10.26,stop,09:47,16:47,2177.875,-10.66,-1.039,-1.078,no,,no,2185.965,2169.785,A
2024-03-25,Mon,16:45,09:45,13:45,long,2178.355,2171.065,2185.645,7.29,stop,15:13,22:13,2171.065,-7.69,-1.0549,-1.1097,no,,no,2178.245,2163.885,A
2024-03-26,Tue,11:30,04:30,08:30,long,2177.045,2170.877,2183.214,6.168,target,05:14,12:14,2183.214,5.768,0.9352,0.8703,no,,no,2174.295,2167.458,A
2024-03-27,Wed,12:45,05:45,09:45,long,2188.895,2177.445,2200.345,11.45,16:00 close,16:00,23:00,2193.255,3.96,0.3459,0.3109,no,,no,2181.615,2173.275,A
2024-03-28,Thu,13:30,06:30,10:30,long,2204.305,2193.885,2214.725,10.42,target,08:07,15:07,2214.725,10.02,0.9616,0.9232,no,,no,2200.545,2187.225,A
2024-04-01,Mon,17:15,10:15,15:15,short,2236.775,2254.67,2218.88,17.895,16:00 close,16:00,23:00,2244.648,-8.273,-0.4623,-0.4847,no,,no,2265.585,2243.755,A
2024-04-02,Tue,11:15,04:15,09:15,long,2261.905,2253.192,2270.619,8.714,target,10:03,17:03,2270.619,8.314,0.9541,0.9082,no,,no,2259.798,2246.585,A
2024-04-03,Wed,10:30,03:30,08:30,short,2272.595,2282.225,2262.965,9.63,stop,10:00,17:00,2282.225,-10.03,-1.0415,-1.0831,no,,no,2287.885,2276.564,A
2024-04-04,Thu,10:15,03:15,08:15,short,2294.665,2299.855,2289.475,5.19,target,07:58,14:58,2289.475,4.79,0.9229,0.8459,no,,no,2304.795,2294.915,A
2024-04-05,Fri,12:45,05:45,10:45,long,2292.285,2279.316,2305.254,12.968,target,10:24,17:24,2305.254,12.568,0.9692,0.9383,yes,NFP,no,2291.028,2267.605,A
2024-04-09,Tue,10:15,03:15,08:15,long,2355.048,2342.95,2367.146,12.098,stop,11:51,18:51,2342.95,-12.498,-1.0331,-1.0661,no,,no,2348.345,2337.555,A
2024-04-10,Wed,15:45,08:45,13:45,short,2338.445,2352.365,2324.525,13.92,target,09:13,16:13,2324.525,13.52,0.9713,0.9425,yes,CPI,no,2360.065,2344.665,A
2024-04-11,Thu,11:15,04:15,09:15,short,2332.175,2339.98,2324.37,7.805,stop,08:30,15:30,2339.98,-8.205,-1.0512,-1.1025,yes,PPI,no,2346.765,2333.195,A
2024-04-12,Fri,10:15,03:15,08:15,long,2397.995,2384.46,2411.53,13.535,target,10:12,17:12,2411.53,13.135,0.9704,0.9409,no,,no,2395.265,2373.654,A
2024-04-15,Mon,11:45,04:45,09:45,short,2346.095,2357.005,2335.185,10.91,stop,07:00,14:00,2357.005,-11.31,-1.0367,-1.0733,no,,no,2365.755,2348.255,A
2024-04-16,Tue,09:45,02:45,07:45,short,2369.998,2384.192,2355.804,14.193,stop,11:01,18:01,2384.192,-14.593,-1.0282,-1.0564,no,,no,2389.198,2379.185,A
2024-04-17,Wed,11:30,04:30,09:30,long,2388.438,2380.355,2396.521,8.083,stop,08:40,15:40,2380.355,-8.483,-1.0495,-1.099,no,,no,2386.665,2374.045,A
2024-04-18,Thu,09:30,02:30,07:30,long,2379.065,2370.28,2387.85,8.785,target,09:00,16:00,2387.85,8.385,0.9545,0.9089,no,,no,2377.025,2363.535,A
2024-04-22,Mon,09:45,02:45,07:45,short,2359.305,2374.25,2344.36,14.945,target,07:18,14:18,2344.36,14.545,0.9732,0.9465,no,,no,2387.745,2360.755,A
2024-04-23,Tue,12:30,05:30,10:30,short,2295.385,2314.856,2275.914,19.471,stop,09:17,16:17,2314.856,-19.871,-1.0205,-1.0411,no,,no,2334.305,2295.408,A
2024-04-24,Wed,12:30,05:30,10:30,short,2312.735,2322.85,2302.62,10.115,stop,08:42,15:42,2322.85,-10.515,-1.0395,-1.0791,no,,no,2329.975,2315.725,A
2024-04-25,Thu,10:00,03:00,08:00,long,2322.635,2313.442,2331.829,9.194,target,08:30,15:30,2331.829,8.794,0.9565,0.913,no,,no,2321.985,2304.898,A
2024-04-26,Fri,09:15,02:15,07:15,long,2338.525,2332.315,2344.735,6.21,target,03:20,10:20,2344.735,5.81,0.9356,0.8712,no,,no,2338.465,2326.165,A
2024-04-29,Mon,11:00,04:00,09:00,long,2337.165,2328.226,2346.104,8.939,stop,08:46,15:46,2328.226,-9.339,-1.0448,-1.0895,no,,no,2336.725,2319.728,A
2024-04-30,Tue,09:30,02:30,07:30,short,2320.305,2328.85,2311.76,8.545,target,04:28,11:28,2311.76,8.145,0.9532,0.9064,no,,no,2336.055,2321.645,A
2024-05-01,Wed,14:30,07:30,12:30,long,2294.625,2287.345,2301.905,7.28,target,09:27,16:27,2301.905,6.88,0.9451,0.8901,yes,FOMC,no,2293.175,2281.515,A
2024-05-02,Thu,10:15,03:15,08:15,short,2309.885,2319.601,2300.169,9.716,target,05:33,12:33,2300.169,9.316,0.9588,0.9177,no,,no,2326.325,2312.878,A
2024-05-03,Fri,10:00,03:00,08:00,short,2298.405,2304.17,2292.64,5.765,stop,08:30,15:30,2304.17,-6.165,-1.0694,-1.1388,yes,NFP,no,2308.615,2299.725,A
2024-05-06,Mon,10:30,03:30,08:30,long,2316.435,2303.43,2329.44,13.005,target,08:46,15:46,2329.44,12.605,0.9692,0.9385,no,,no,2315.215,2291.645,A
2024-05-07,Tue,09:30,02:30,07:30,short,2319.485,2324.678,2314.292,5.193,target,04:14,11:14,2314.292,4.793,0.923,0.8459,no,,no,2329.788,2319.568,A
2024-05-08,Wed,11:00,04:00,09:00,short,2305.505,2314.11,2296.9,8.605,stop,06:17,13:17,2314.11,-9.005,-1.0465,-1.093,no,,no,2321.345,2306.875,A
2024-05-09,Thu,13:00,06:00,11:00,short,2307.505,2313.688,2301.322,6.183,stop,07:28,14:28,2313.688,-6.583,-1.0647,-1.1294,no,,no,2319.638,2307.738,A
2024-05-10,Fri,09:15,02:15,07:15,long,2359.658,2352.21,2367.106,7.448,target,02:51,09:51,2367.106,7.048,0.9463,0.8926,no,,no,2358.655,2345.764,A
2024-05-13,Mon,09:15,02:15,07:15,short,2349.785,2357.716,2341.853,7.932,target,04:53,11:53,2341.853,7.532,0.9496,0.8991,no,,no,2364.355,2351.078,A
2024-05-14,Tue,12:15,05:15,10:15,long,2347.065,2340.246,2353.884,6.818,stop,08:30,15:30,2340.246,-7.218,-1.0587,-1.1173,yes,PPI,no,2345.798,2334.695,A
2024-05-15,Wed,10:15,03:15,08:15,long,2361.895,2357.834,2365.956,4.061,target,04:24,11:24,2365.956,3.661,0.9015,0.803,yes,CPI,no,2360.895,2354.774,A
2024-05-16,Thu,10:15,03:15,08:15,short,2385.855,2391.845,2379.865,5.99,target,08:39,15:39,2379.865,5.59,0.9332,0.8664,no,,no,2397.275,2386.415,A
2024-05-17,Fri,09:15,02:15,07:15,long,2383.385,2378.016,2388.754,5.369,target,07:26,14:26,2388.754,4.969,0.9255,0.851,no,,no,2382.245,2373.788,A
2024-05-20,Mon,15:45,08:45,13:45,short,2409.825,2433.2,2386.45,23.375,stop,13:26,20:26,2433.2,-23.775,-1.0171,-1.0342,no,,no,2449.985,2416.415,A
2024-05-22,Wed,11:30,04:30,09:30,short,2410.514,2418.779,2402.249,8.265,stop,06:05,13:05,2418.779,-8.665,-1.0484,-1.0968,no,,no,2426.344,2411.214,A
2024-05-23,Thu,11:00,04:00,09:00,short,2355.955,2370.895,2341.015,14.94,target,11:24,18:24,2341.015,14.54,0.9732,0.9465,no,,no,2383.605,2358.185,A
2024-05-24,Fri,10:15,03:15,08:15,long,2340.015,2332.23,2347.8,7.785,stop,13:55,20:55,2332.23,-8.185,-1.0514,-1.1028,no,,no,2339.195,2325.265,A
2024-05-29,Wed,09:15,02:15,07:15,short,2353.478,2357.782,2349.174,4.303,target,04:07,11:07,2349.174,3.903,0.9071,0.8141,no,,no,2361.275,2354.288,A
2024-05-30,Thu,14:00,07:00,12:00,long,2340.545,2331.108,2349.982,9.437,target,10:00,17:00,2349.982,9.037,0.9576,0.9152,no,,no,2339.758,2322.458,A
2024-05-31,Fri,15:45,08:45,13:45,long,2352.488,2342.226,2362.75,10.262,stop,10:10,17:10,2342.226,-10.662,-1.039,-1.078,no,,no,2347.608,2336.845,A
2024-06-03,Mon,14:15,07:15,12:15,long,2331.065,2323.11,2339.02,7.955,target,10:00,17:00,2339.02,7.555,0.9497,0.8994,no,,no,2331.005,2315.215,A
2024-06-04,Tue,10:45,03:45,08:45,short,2342.098,2347.856,2336.34,5.758,target,04:08,11:08,2336.34,5.358,0.9305,0.8611,no,,no,2352.645,2343.068,A
2024-06-05,Wed,16:00,09:00,14:00,long,2342.035,2333.66,2350.41,8.375,target,11:00,18:00,2350.41,7.975,0.9522,0.9045,no,,no,2341.535,2325.785,A
2024-06-06,Thu,18:45,11:45,16:45,long,2377.108,2364.606,2389.61,12.502,16:00 close,16:00,23:00,2372.428,-5.08,-0.4064,-0.4383,no,,no,2374.805,2354.408,A
2024-06-07,Fri,11:15,04:15,09:15,short,2351.075,2378.436,2323.714,27.361,target,08:30,15:30,2323.714,26.961,0.9854,0.9708,yes,NFP,no,2387.595,2369.278,A
2024-06-10,Mon,09:30,02:30,07:30,short,2290.415,2296.576,2284.254,6.162,stop,03:53,10:53,2296.576,-6.562,-1.0649,-1.1298,no,,no,2301.128,2292.025,A
2024-06-11,Tue,15:30,08:30,13:30,long,2314.375,2304.715,2324.035,9.66,16:00 close,16:00,23:00,2315.218,0.443,0.0459,0.0045,no,,no,2311.835,2297.595,A
2024-06-12,Wed,15:45,08:45,13:45,long,2329.285,2313.954,2344.616,15.331,16:00 close,16:00,23:00,2321.215,-8.47,-0.5525,-0.5786,yes,CPI+FOMC,no,2317.325,2310.584,A
2024-06-13,Thu,14:45,07:45,12:45,short,2306.495,2315.4,2297.59,8.905,stop,08:30,15:30,2315.4,-9.305,-1.0449,-1.0898,yes,PPI,no,2322.815,2307.985,A
2024-06-14,Fri,10:00,03:00,08:00,long,2312.565,2306.44,2318.69,6.125,target,04:06,11:06,2318.69,5.725,0.9347,0.8694,no,,no,2311.465,2301.415,A
2024-06-17,Mon,09:45,02:45,07:45,short,2316.755,2323.584,2309.926,6.829,stop,09:11,16:11,2323.584,-7.229,-1.0586,-1.1171,no,,no,2329.484,2317.685,A
2024-06-18,Tue,10:15,03:15,08:15,short,2318.315,2322.265,2314.365,3.95,target,04:03,11:03,2314.365,3.55,0.8987,0.7975,no,,no,2325.535,2318.995,A
2024-06-21,Fri,10:30,03:30,08:30,short,2356.705,2361.242,2352.168,4.537,stop,03:47,10:47,2361.242,-4.937,-1.0882,-1.1763,no,,no,2365.485,2356.998,A
2024-06-24,Mon,10:30,03:30,08:30,long,2327.395,2322.35,2332.44,5.045,target,04:05,11:05,2332.44,4.645,0.9207,0.8414,no,,no,2327.125,2317.575,A
2024-06-25,Tue,12:30,05:30,10:30,long,2332.098,2327.198,2336.998,4.9,target,06:26,13:26,2336.998,4.5,0.9184,0.8367,no,,no,2331.788,2322.608,A
2024-06-26,Wed,13:30,06:30,11:30,short,2308.225,2317.096,2299.354,8.871,stop,08:36,15:36,2317.096,-9.271,-1.0451,-1.0902,no,,no,2323.738,2310.455,A
2024-06-27,Thu,09:30,02:30,07:30,long,2301.508,2298.816,2304.199,2.691,target,04:12,11:12,2304.199,2.291,0.8514,0.7028,no,,no,2301.018,2296.615,A
2024-06-28,Fri,11:15,04:15,09:15,long,2328.335,2323.545,2333.125,4.79,target,06:19,13:19,2333.125,4.39,0.9165,0.833,no,,no,2328.185,2318.905,A
2024-07-01,Mon,13:15,06:15,11:15,long,2328.868,2323.41,2334.326,5.458,target,07:16,14:16,2334.326,5.058,0.9267,0.8534,no,,no,2328.425,2318.395,A
2024-07-02,Tue,10:30,03:30,08:30,short,2324.165,2329.496,2318.833,5.332,stop,03:56,10:56,2329.496,-5.732,-1.075,-1.1501,no,,no,2334.208,2324.785,A
2024-07-03,Wed,09:45,02:45,07:45,long,2336.865,2331.17,2342.56,5.695,target,03:13,10:13,2342.56,5.295,0.9298,0.8595,no,,no,2335.655,2326.685,A
2024-07-08,Mon,09:45,02:45,07:45,short,2379.785,2385.735,2373.835,5.95,target,04:37,11:37,2373.835,5.55,0.9328,0.8655,no,,no,2390.935,2380.535,A
2024-07-09,Tue,10:30,03:30,08:30,short,2359.325,2364.146,2354.504,4.821,stop,05:18,12:18,2364.146,-5.221,-1.083,-1.1659,no,,no,2368.658,2359.634,A
2024-07-10,Wed,10:00,03:00,08:00,long,2371.838,2366.696,2376.98,5.142,target,07:41,14:41,2376.98,4.742,0.9222,0.8444,no,,no,2370.225,2363.168,A
2024-07-11,Thu,11:15,04:15,09:15,long,2383.185,2377.116,2389.254,6.068,target,08:30,15:30,2389.254,5.668,0.9341,0.8682,yes,CPI,no,2382.858,2371.375,A
2024-07-12,Fri,09:30,02:30,07:30,short,2405.148,2410.74,2399.556,5.592,target,07:01,14:01,2399.556,5.192,0.9285,0.8569,yes,PPI,no,2416.165,2405.315,A
2024-07-15,Mon,09:45,02:45,07:45,short,2404.345,2409.315,2399.375,4.97,stop,04:34,11:34,2409.315,-5.37,-1.0805,-1.161,no,,no,2413.815,2404.815,A
2024-07-16,Tue,10:00,03:00,08:00,long,2433.685,2426.242,2441.128,7.443,target,05:36,12:36,2441.128,7.043,0.9463,0.8925,no,,no,2432.648,2419.835,A
2024-07-17,Wed,09:30,02:30,07:30,short,2463.545,2473.101,2453.989,9.556,stop,03:54,10:54,2473.101,-9.956,-1.0419,-1.0837,no,,no,2482.325,2463.878,A
2024-07-18,Thu,09:45,02:45,07:45,long,2470.355,2463.526,2477.184,6.829,stop,06:07,13:07,2463.526,-7.229,-1.0586,-1.1172,no,,no,2469.828,2457.225,A
2024-07-19,Fri,09:15,02:15,07:15,short,2416.395,2432.705,2400.085,16.31,target,09:06,16:06,2400.085,15.91,0.9755,0.951,no,,no,2445.095,2420.315,A
2024-07-22,Mon,09:15,02:15,07:15,short,2400.945,2407.412,2394.478,6.466,stop,06:45,13:45,2407.412,-6.866,-1.0619,-1.1237,no,,no,2412.035,2402.788,A
2024-07-23,Tue,09:15,02:15,07:15,short,2389.915,2397.245,2382.585,7.33,stop,03:46,10:46,2397.245,-7.73,-1.0546,-1.1091,no,,no,2403.875,2390.615,A
2024-07-24,Wed,09:15,02:15,07:15,long,2418.845,2411.512,2426.178,7.333,stop,03:47,10:47,2411.512,-7.733,-1.0545,-1.1091,no,,no,2418.228,2404.795,A
2024-07-25,Thu,15:15,08:15,13:15,short,2363.445,2383.835,2343.055,20.39,16:00 close,16:00,23:00,2362.438,0.607,0.0298,0.0102,no,,no,2401.045,2366.625,A
2024-07-26,Fri,16:45,09:45,14:45,long,2381.725,2367.496,2395.953,14.228,16:00 close,16:00,23:00,2386.205,4.08,0.2867,0.2586,no,,no,2379.265,2355.728,A
2024-07-29,Mon,11:30,04:30,09:30,short,2387.635,2395.462,2379.809,7.826,stop,09:11,16:11,2395.462,-8.226,-1.0511,-1.1022,no,,no,2402.395,2388.528,A
2024-07-30,Tue,10:00,03:00,08:00,long,2390.185,2383.028,2397.342,7.157,target,09:33,16:33,2397.342,6.757,0.9441,0.8882,no,,no,2389.698,2376.358,A
2024-07-31,Wed,09:30,02:30,07:30,long,2423.735,2412.885,2434.585,10.85,target,14:49,21:49,2434.585,10.45,0.9631,0.9263,yes,FOMC,no,2422.005,2403.765,A
2024-08-01,Thu,11:30,04:30,09:30,short,2436.565,2447.756,2425.374,11.191,stop,08:30,15:30,2447.756,-11.591,-1.0357,-1.0715,no,,no,2458.295,2437.218,A
2024-08-02,Fri,15:45,08:45,13:45,long,2470.855,2450.8,2490.91,20.055,stop,10:33,17:33,2450.8,-20.455,-1.0199,-1.0399,yes,NFP,no,2466.785,2434.815,A
2024-08-05,Mon,14:00,07:00,12:00,short,2408.418,2436.282,2380.554,27.863,target,08:20,15:20,2380.554,27.463,0.9856,0.9713,no,,no,2458.655,2413.908,A
2024-08-06,Tue,09:15,02:15,07:15,short,2396.845,2408.127,2385.563,11.282,stop,02:34,09:34,2408.127,-11.682,-1.0355,-1.0709,no,,no,2418.215,2398.038,A
2024-08-07,Wed,09:30,02:30,07:30,long,2396.795,2387.453,2406.137,9.342,target,08:49,15:49,2406.137,8.942,0.9572,0.9144,no,,no,2396.038,2378.868,A
2024-08-08,Thu,09:30,02:30,07:30,long,2398.915,2389.45,2408.38,9.465,target,07:11,14:11,2408.38,9.065,0.9577,0.9155,no,,no,2396.265,2382.635,A
2024-08-09,Fri,13:45,06:45,11:45,long,2429.935,2422.916,2436.954,7.019,stop,09:44,16:44,2422.916,-7.419,-1.057,-1.114,no,,no,2428.845,2416.988,A
2024-08-12,Mon,09:45,02:45,07:45,long,2435.455,2429.34,2441.57,6.115,target,03:57,10:57,2441.57,5.715,0.9346,0.8692,no,,no,2434.985,2423.695,A
2024-08-14,Wed,11:45,04:45,09:45,long,2477.615,2463.82,2491.41,13.795,stop,08:32,15:32,2463.82,-14.195,-1.029,-1.058,yes,CPI,no,2472.415,2455.225,A
2024-08-15,Thu,09:15,02:15,07:15,long,2457.435,2451.173,2463.697,6.262,target,07:56,14:56,2463.697,5.862,0.9361,0.8722,no,,no,2455.308,2447.038,A
2024-08-16,Fri,11:00,04:00,09:00,long,2461.885,2455.236,2468.534,6.649,target,07:07,14:07,2468.534,6.249,0.9398,0.8797,no,,no,2459.908,2450.565,A
2024-08-19,Mon,13:45,06:45,11:45,short,2491.155,2500.775,2481.535,9.62,stop,10:33,17:33,2500.775,-10.02,-1.0416,-1.0832,no,,no,2506.705,2494.845,A
2024-08-20,Tue,09:15,02:15,07:15,short,2498.035,2503.312,2492.758,5.276,stop,02:27,09:27,2503.312,-5.676,-1.0758,-1.1516,no,,no,2508.065,2498.558,A
2024-08-21,Wed,10:45,03:45,08:45,short,2508.955,2515.26,2502.65,6.305,target,09:32,16:32,2502.65,5.905,0.9366,0.8731,no,,no,2519.795,2510.725,A
2024-08-22,Thu,15:15,08:15,13:15,short,2497.295,2506.874,2487.716,9.579,target,09:32,16:32,2487.716,9.179,0.9582,0.9165,no,,no,2514.545,2499.204,A
2024-08-23,Fri,11:30,04:30,09:30,long,2496.428,2490.244,2502.612,6.184,target,09:16,16:16,2502.612,5.784,0.9353,0.8706,no,,no,2495.665,2484.824,A
2024-08-26,Mon,10:15,03:15,08:15,long,2517.565,2512.715,2522.415,4.85,target,04:02,11:02,2522.415,4.45,0.9175,0.8351,no,,no,2516.845,2508.585,A
2024-08-27,Tue,11:00,04:00,09:00,short,2504.858,2511.626,2498.09,6.768,stop,04:19,11:19,2511.626,-7.168,-1.0591,-1.1182,no,,no,2517.555,2505.698,A
2024-08-28,Wed,13:45,06:45,11:45,short,2504.945,2517.112,2492.779,12.166,16:00 close,16:00,23:00,2507.528,-2.983,-0.2452,-0.2781,no,,no,2528.888,2505.335,A
2024-08-29,Thu,09:30,02:30,07:30,long,2520.725,2513.032,2528.418,7.693,stop,08:30,15:30,2513.032,-8.093,-1.052,-1.104,no,,no,2519.798,2506.265,A
2024-08-30,Fri,09:30,02:30,07:30,long,2522.365,2516.416,2528.313,5.948,stop,06:47,13:47,2516.416,-6.348,-1.0672,-1.1345,no,,no,2520.798,2512.035,A
2024-09-04,Wed,09:30,02:30,07:30,short,2489.468,2493.995,2484.941,4.527,target,02:49,09:49,2484.941,4.127,0.9116,0.8233,no,,no,2496.835,2491.155,A
2024-09-05,Thu,09:15,02:15,07:15,long,2503.658,2497.915,2509.401,5.743,target,04:16,11:16,2509.401,5.343,0.9303,0.8607,no,,no,2502.165,2493.665,A
2024-09-06,Fri,15:45,08:45,13:45,long,2524.655,2517.282,2532.029,7.374,stop,09:04,16:04,2517.282,-7.774,-1.0542,-1.1085,yes,NFP,no,2521.668,2512.895,A
2024-09-09,Mon,09:30,02:30,07:30,short,2486.255,2493.835,2478.675,7.58,stop,03:26,10:26,2493.835,-7.98,-1.0528,-1.1055,no,,no,2500.365,2487.305,A
2024-09-10,Tue,13:30,06:30,11:30,long,2507.805,2504.066,2511.544,3.738,stop,07:38,14:38,2504.066,-4.138,-1.107,-1.214,no,,no,2507.515,2500.618,A
2024-09-11,Wed,09:15,02:15,07:15,long,2524.835,2518.63,2531.04,6.205,stop,08:12,15:12,2518.63,-6.605,-1.0645,-1.1289,yes,CPI,no,2522.415,2514.845,A
2024-09-12,Thu,09:15,02:15,07:15,long,2520.615,2515.3,2525.93,5.315,stop,03:10,10:10,2515.3,-5.715,-1.0753,-1.1505,yes,PPI,yes,2519.715,2510.885,A
2024-09-13,Fri,12:30,05:30,10:30,long,2570.745,2563.337,2578.153,7.408,target,09:18,16:18,2578.153,7.008,0.946,0.892,no,,no,2570.135,2556.538,A
2024-09-17,Tue,12:45,05:45,10:45,short,2574.185,2580.28,2568.09,6.095,stop,07:47,14:47,2580.28,-6.495,-1.0656,-1.1313,no,,no,2586.165,2574.395,A
2024-09-18,Wed,14:15,07:15,12:15,long,2576.465,2571.014,2581.916,5.45,stop,09:50,16:50,2571.014,-5.85,-1.0734,-1.1468,yes,FOMC,no,2576.314,2565.715,A
2024-09-19,Thu,09:15,02:15,07:15,long,2577.095,2562.715,2591.475,14.38,target,05:24,12:24,2591.475,13.98,0.9722,0.9444,no,,no,2574.425,2551.005,A
2024-09-20,Fri,09:15,02:15,07:15,long,2597.135,2589.84,2604.431,7.296,target,02:50,09:50,2604.431,6.896,0.9452,0.8903,no,,no,2595.025,2584.654,A
2024-09-23,Mon,11:00,04:00,09:00,short,2615.018,2623.575,2606.461,8.557,stop,07:11,14:11,2623.575,-8.957,-1.0467,-1.0935,no,,no,2631.205,2615.945,A
2024-09-24,Tue,17:45,10:45,15:45,long,2640.218,2631.815,2648.621,8.403,target,12:07,19:07,2648.621,8.003,0.9524,0.9048,no,,no,2639.945,2623.685,A
2024-09-25,Wed,10:15,03:15,08:15,short,2653.985,2662.351,2645.619,8.366,stop,09:05,16:05,2662.351,-8.766,-1.0478,-1.0956,no,,no,2670.348,2654.355,A
2024-09-26,Thu,10:45,03:45,08:45,long,2663.745,2659.312,2668.178,4.434,target,04:20,11:20,2668.178,4.034,0.9098,0.8196,no,,no,2663.355,2655.268,A
2024-09-27,Fri,10:30,03:30,08:30,short,2662.175,2668.025,2656.325,5.85,stop,07:23,14:23,2668.025,-6.25,-1.0684,-1.1368,no,,no,2673.855,2662.195,A
2024-09-30,Mon,13:30,06:30,11:30,short,2644.855,2656.572,2633.138,11.716,target,09:44,16:44,2633.138,11.316,0.9659,0.9317,no,,no,2665.858,2647.285,A
2024-10-01,Tue,09:30,02:30,07:30,long,2644.515,2639.0,2650.03,5.515,target,06:27,13:27,2650.03,5.115,0.9275,0.8549,no,,no,2644.185,2633.815,Y1
2024-10-02,Wed,18:15,11:15,16:15,short,2641.475,2653.225,2629.725,11.75,stop,14:02,21:02,2653.225,-12.15,-1.034,-1.0681,no,,no,2662.055,2644.395,Y1
2024-10-03,Thu,10:30,03:30,08:30,short,2648.775,2657.27,2640.28,8.495,target,10:00,17:00,2640.28,8.095,0.9529,0.9058,no,,no,2662.775,2651.765,Y1
2024-10-04,Fri,15:45,08:45,13:45,short,2640.724,2660.926,2620.522,20.202,stop,10:55,17:55,2660.926,-20.602,-1.0198,-1.0396,yes,NFP,no,2667.675,2654.178,Y1
2024-10-07,Mon,11:15,04:15,09:15,long,2653.415,2646.052,2660.778,7.363,stop,08:35,15:35,2646.052,-7.763,-1.0543,-1.1086,no,,no,2652.248,2639.855,Y1
2024-10-08,Tue,11:15,04:15,09:15,short,2632.325,2640.88,2623.77,8.555,stop,05:50,12:50,2640.88,-8.955,-1.0468,-1.0935,no,,no,2648.095,2633.665,Y1
2024-10-09,Wed,09:45,02:45,07:45,short,2612.155,2619.45,2604.86,7.295,stop,06:43,13:43,2619.45,-7.695,-1.0548,-1.1097,no,,no,2624.165,2614.735,Y1
2024-10-10,Thu,13:00,06:00,11:00,long,2617.095,2611.285,2622.905,5.81,stop,07:39,14:39,2611.285,-6.21,-1.0688,-1.1377,yes,CPI,no,2616.785,2605.785,Y1
2024-10-11,Fri,16:15,09:15,14:15,long,2647.435,2637.016,2657.854,10.419,target,11:21,18:21,2657.854,10.019,0.9616,0.9232,yes,PPI,no,2645.958,2628.075,Y1
2024-10-14,Mon,09:30,02:30,07:30,long,2665.435,2651.816,2679.054,13.619,stop,07:52,14:52,2651.816,-14.019,-1.0294,-1.0587,no,,no,2660.575,2643.058,Y1
2024-10-15,Tue,11:15,04:15,09:15,long,2654.395,2645.282,2663.508,9.113,target,10:49,17:49,2663.508,8.713,0.9561,0.9122,no,,no,2652.608,2637.955,Y1
2024-10-16,Wed,09:15,02:15,07:15,long,2672.985,2664.492,2681.478,8.494,target,05:04,12:04,2681.478,8.094,0.9529,0.9058,no,,no,2670.425,2658.558,Y1
2024-10-17,Thu,13:30,06:30,11:30,long,2686.735,2679.04,2694.431,7.696,stop,08:15,15:15,2679.04,-8.096,-1.052,-1.104,no,,no,2684.755,2673.324,Y1
2024-10-18,Fri,15:30,08:30,13:30,long,2714.138,2703.022,2725.254,11.117,16:00 close,16:00,23:00,2719.548,5.01,0.4507,0.4147,no,,no,2713.888,2692.155,Y1
2024-10-21,Mon,12:15,05:15,10:15,long,2733.965,2726.792,2741.138,7.173,stop,10:42,17:42,2726.792,-7.573,-1.0558,-1.1115,no,,no,2732.675,2720.908,Y1
2024-10-22,Tue,11:30,04:30,09:30,long,2736.515,2728.003,2745.027,8.512,target,12:56,19:56,2745.027,8.112,0.953,0.906,no,,no,2735.818,2720.188,Y1
2024-10-23,Wed,10:45,03:45,08:45,long,2754.435,2745.391,2763.478,9.044,stop,08:21,15:21,2745.391,-9.444,-1.0442,-1.0885,no,,no,2753.018,2737.765,Y1
2024-10-24,Thu,09:15,02:15,07:15,long,2730.685,2723.659,2737.71,7.026,target,05:03,12:03,2737.71,6.626,0.9431,0.8861,no,,no,2729.615,2717.704,Y1
2024-10-25,Fri,11:30,04:30,09:30,short,2722.035,2729.566,2714.504,7.532,stop,08:47,15:47,2729.566,-7.932,-1.0531,-1.1062,no,,no,2735.328,2723.805,Y1
2024-10-29,Tue,16:45,09:45,13:45,long,2760.555,2750.365,2770.745,10.19,target,10:24,17:24,2770.745,9.79,0.9607,0.9215,no,,no,2757.615,2743.115,Y1
2024-10-30,Wed,18:15,11:15,15:15,short,2774.685,2782.202,2767.168,7.517,stop,11:31,18:31,2782.202,-7.917,-1.0532,-1.1064,no,,no,2789.668,2774.735,Y1
2024-10-31,Thu,11:15,04:15,08:15,short,2779.275,2784.805,2773.745,5.53,target,06:18,13:18,2773.745,5.13,0.9277,0.8553,no,,no,2790.005,2779.605,Y1
2024-11-01,Fri,16:15,09:15,13:15,long,2760.935,2751.115,2770.755,9.82,stop,10:24,17:24,2751.115,-10.22,-1.0407,-1.0815,yes,NFP,no,2757.535,2744.695,Y1
2024-11-04,Mon,12:00,04:00,09:00,short,2733.225,2739.385,2727.065,6.16,stop,04:23,12:23,2739.385,-6.56,-1.0649,-1.1299,no,,no,2743.585,2735.185,Y1
2024-11-05,Tue,10:15,02:15,07:15,long,2740.555,2731.7,2749.41,8.855,target,09:34,17:34,2749.41,8.455,0.9548,0.9097,no,,no,2738.705,2724.695,Y1
2024-11-06,Wed,15:00,07:00,12:00,short,2699.205,2725.425,2672.985,26.22,target,08:30,16:30,2672.985,25.82,0.9847,0.9695,no,,no,2749.605,2701.245,Y1
2024-11-07,Thu,10:30,02:30,07:30,long,2664.588,2653.604,2675.572,10.984,target,08:06,16:06,2675.572,10.584,0.9636,0.9272,yes,FOMC,no,2664.075,2643.134,Y1
2024-11-08,Fri,10:15,02:15,07:15,short,2683.075,2698.04,2668.11,14.965,stop,08:50,16:50,2698.04,-15.365,-1.0267,-1.0535,no,,no,2710.235,2685.845,Y1
2024-11-11,Mon,12:30,04:30,09:30,short,2665.355,2676.2,2654.51,10.845,target,08:00,16:00,2654.51,10.445,0.9631,0.9262,no,,no,2686.025,2666.375,Y1
2024-11-12,Tue,10:45,02:45,07:45,short,2596.785,2615.155,2578.415,18.37,stop,08:26,16:26,2615.155,-18.77,-1.0218,-1.0435,no,,no,2627.015,2603.295,Y1
2024-11-13,Wed,17:15,09:15,14:15,long,2615.505,2605.516,2625.494,9.989,stop,09:49,17:49,2605.516,-10.389,-1.04,-1.0801,yes,CPI,no,2613.118,2597.915,Y1
2024-11-14,Thu,10:15,02:15,07:15,short,2550.805,2563.14,2538.47,12.335,target,04:51,12:51,2538.47,11.935,0.9676,0.9351,yes,PPI,no,2574.515,2551.765,Y1
2024-11-15,Fri,14:45,06:45,11:45,long,2571.844,2562.96,2580.728,8.884,stop,08:32,16:32,2562.96,-9.284,-1.045,-1.09,no,,no,2571.585,2554.335,Y1
2024-11-18,Mon,16:30,08:30,13:30,long,2598.925,2583.445,2614.405,15.48,target,11:09,19:09,2614.405,15.08,0.9742,0.9483,no,,no,2597.155,2569.735,Y1
2024-11-19,Tue,12:30,04:30,09:30,long,2630.405,2618.71,2642.1,11.695,16:00 close,16:00,00:00,2633.598,2.793,0.2388,0.2046,no,,no,2626.515,2610.905,Y1
2024-11-20,Wed,10:30,02:30,07:30,short,2626.165,2635.065,2617.265,8.9,stop,08:08,16:08,2635.065,-9.3,-1.0449,-1.0899,no,,no,2641.665,2628.465,Y1
2024-11-21,Thu,10:30,02:30,07:30,long,2663.355,2656.185,2670.525,7.17,target,04:02,12:02,2670.525,6.77,0.9442,0.8884,no,,no,2662.085,2650.284,Y1
2024-11-22,Fri,10:45,02:45,07:45,long,2693.915,2680.916,2706.914,12.999,target,04:42,12:42,2706.914,12.599,0.9692,0.9385,no,,no,2693.115,2668.718,Y1
2024-11-25,Mon,17:30,09:30,14:30,short,2645.345,2689.02,2601.67,43.675,16:00 close,16:00,00:00,2625.995,18.95,0.4339,0.4247,no,,no,2719.975,2658.064,Y1
2024-11-26,Tue,14:45,06:45,11:45,long,2632.395,2620.292,2644.498,12.103,stop,09:40,17:40,2620.292,-12.503,-1.033,-1.0661,no,,no,2632.085,2608.498,Y1
2024-11-27,Wed,11:45,03:45,08:45,long,2648.035,2637.4,2658.67,10.635,stop,10:16,18:16,2637.4,-11.035,-1.0376,-1.0752,no,,no,2647.865,2626.935,Y1
2024-12-03,Tue,17:00,09:00,14:00,long,2652.758,2641.944,2663.571,10.813,stop,10:02,18:02,2641.944,-11.213,-1.037,-1.074,no,,no,2649.924,2633.965,Y1
2024-12-04,Wed,16:00,08:00,13:00,short,2636.945,2644.43,2629.46,7.485,stop,08:24,16:24,2644.43,-7.885,-1.0534,-1.1069,no,,no,2651.285,2637.575,Y1
2024-12-05,Thu,12:00,04:00,09:00,short,2643.035,2650.02,2636.05,6.985,stop,05:32,13:32,2650.02,-7.385,-1.0573,-1.1145,no,,no,2655.445,2644.595,Y1
2024-12-09,Mon,12:15,04:15,09:15,long,2652.105,2638.985,2665.225,13.12,target,08:57,16:57,2665.225,12.72,0.9695,0.939,no,,no,2650.515,2627.455,Y1
2024-12-10,Tue,13:45,05:45,10:45,long,2673.675,2665.715,2681.635,7.96,target,08:56,16:56,2681.635,7.56,0.9497,0.8995,no,,no,2673.625,2657.805,Y1
2024-12-11,Wed,18:00,10:00,15:00,long,2706.094,2689.221,2722.967,16.873,16:00 close,16:00,00:00,2717.065,10.571,0.6265,0.6028,yes,CPI,no,2704.098,2674.345,Y1
2024-12-12,Thu,17:00,09:00,14:00,short,2697.344,2711.78,2682.908,14.436,target,09:34,17:34,2682.908,14.036,0.9723,0.9446,yes,PPI,no,2725.675,2697.885,Y1
2024-12-13,Fri,12:00,04:00,09:00,short,2674.865,2685.635,2664.095,10.77,target,07:00,15:00,2664.095,10.37,0.9629,0.9257,no,,no,2692.595,2678.675,Y1
2024-12-16,Mon,11:30,03:30,08:30,long,2658.248,2649.411,2667.085,8.837,stop,11:37,19:37,2649.411,-9.237,-1.0453,-1.0905,no,,no,2655.448,2643.374,Y1
2024-12-17,Tue,12:00,04:00,09:00,short,2644.085,2652.38,2635.79,8.294,target,08:52,16:52,2635.79,7.894,0.9518,0.9036,no,,no,2658.465,2646.294,Y1
2024-12-18,Wed,17:15,09:15,14:15,short,2641.245,2647.04,2635.45,5.795,target,10:04,18:04,2635.45,5.395,0.931,0.8619,yes,FOMC,no,2651.525,2642.555,Y1
2024-12-19,Thu,10:30,02:30,07:30,long,2619.444,2602.866,2636.022,16.578,stop,08:05,16:05,2602.866,-16.978,-1.0241,-1.0483,no,,no,2617.948,2587.784,Y1
2024-12-20,Fri,10:15,02:15,07:15,long,2605.795,2597.336,2614.254,8.459,target,09:11,17:11,2614.254,8.059,0.9527,0.9054,no,,no,2605.198,2589.475,Y1
2024-12-23,Mon,14:30,06:30,11:30,short,2616.185,2625.04,2607.33,8.855,16:00 close,16:00,00:00,2610.755,5.03,0.568,0.5229,no,,no,2632.795,2617.285,Y1
2024-12-27,Fri,11:45,03:45,08:45,short,2627.915,2632.795,2623.035,4.88,target,08:07,16:07,2623.035,4.48,0.918,0.8361,no,,no,2636.825,2628.765,Y1
2024-12-30,Mon,10:45,02:45,07:45,short,2616.745,2623.047,2610.443,6.302,target,03:52,11:52,2610.443,5.902,0.9365,0.873,no,,no,2627.985,2618.108,Y1
2024-12-31,Tue,11:00,03:00,08:00,long,2613.555,2606.925,2620.185,6.63,stop,08:16,16:16,2606.925,-7.03,-1.0603,-1.1207,no,,no,2611.375,2602.475,Y1
2025-01-02,Thu,12:00,04:00,09:00,long,2636.348,2629.373,2643.323,6.975,target,05:19,13:19,2643.323,6.575,0.9427,0.8853,no,,no,2636.298,2622.448,Y1
2025-01-03,Fri,10:30,02:30,07:30,short,2652.605,2660.5,2644.71,7.895,target,08:39,16:39,2644.71,7.495,0.9493,0.8987,no,,no,2665.185,2655.815,Y1
2025-01-06,Mon,10:45,02:45,07:45,short,2625.555,2638.65,2612.46,13.095,stop,06:15,14:15,2638.65,-13.495,-1.0305,-1.0611,no,,no,2647.275,2630.025,Y1
2025-01-07,Tue,15:00,07:00,12:00,long,2648.255,2639.645,2656.865,8.61,target,08:19,16:19,2656.865,8.21,0.9535,0.9071,no,,no,2646.515,2632.775,Y1
2025-01-08,Wed,10:15,02:15,07:15,long,2653.595,2648.97,2658.22,4.625,stop,06:28,14:28,2648.97,-5.025,-1.0865,-1.173,no,,no,2652.845,2645.095,Y1
2025-01-09,Thu,13:45,05:45,10:45,long,2668.204,2661.04,2675.368,7.164,target,08:21,16:21,2675.368,6.764,0.9442,0.8883,no,,no,2666.775,2655.305,Y1
2025-01-10,Fri,10:30,02:30,07:30,long,2678.445,2673.506,2683.384,4.939,stop,02:47,10:47,2673.506,-5.339,-1.081,-1.162,yes,NFP,no,2678.285,2668.728,Y1
2025-01-13,Mon,13:30,05:30,10:30,short,2678.185,2686.195,2670.175,8.01,target,07:22,15:22,2670.175,7.61,0.9501,0.9001,no,,no,2693.245,2679.145,Y1
2025-01-14,Tue,12:45,04:45,09:45,short,2665.445,2670.607,2660.283,5.162,stop,07:21,15:21,2670.607,-5.562,-1.0775,-1.155,yes,PPI,no,2675.155,2666.059,Y1
2025-01-15,Wed,11:15,03:15,08:15,long,2683.285,2676.22,2690.35,7.065,target,08:30,16:30,2690.35,6.665,0.9434,0.8868,yes,CPI,no,2683.125,2669.315,Y1
2025-01-16,Thu,12:30,04:30,09:30,long,2704.958,2695.866,2714.05,9.091,target,08:43,16:43,2714.05,8.691,0.956,0.912,no,,no,2702.008,2689.725,Y1
2025-01-17,Fri,12:30,04:30,09:30,short,2706.005,2713.55,2698.46,7.545,stop,10:01,18:01,2713.55,-7.945,-1.053,-1.106,no,,no,2717.375,2709.725,Y1
2025-01-22,Wed,12:30,04:30,09:30,long,2761.705,2750.465,2772.945,11.24,stop,09:37,17:37,2750.465,-11.64,-1.0356,-1.0712,no,,no,2758.475,2742.455,Y1
2025-01-23,Thu,12:30,04:30,09:30,short,2743.655,2752.736,2734.574,9.081,stop,06:02,14:02,2752.736,-9.481,-1.044,-1.0881,no,,no,2756.088,2749.385,Y1
2025-01-24,Fri,15:30,07:30,12:30,long,2778.335,2766.095,2790.575,12.24,16:00 close,16:00,00:00,2770.905,-7.83,-0.6397,-0.6724,no,,no,2778.115,2754.075,Y1
2025-01-27,Mon,10:30,02:30,07:30,short,2748.545,2761.49,2735.6,12.945,stop,04:05,12:05,2761.49,-13.345,-1.0309,-1.0618,no,,no,2772.415,2750.565,Y1
2025-01-28,Tue,11:30,03:30,08:30,short,2736.485,2741.37,2731.6,4.885,stop,03:58,11:58,2741.37,-5.285,-1.0819,-1.1638,no,,no,2745.065,2737.675,Y1
2025-01-29,Wed,10:30,02:30,07:30,short,2758.175,2762.505,2753.845,4.33,stop,03:11,11:11,2762.505,-4.73,-1.0924,-1.1848,yes,FOMC,no,2765.985,2759.025,Y1
2025-01-30,Thu,10:15,02:15,07:15,long,2766.295,2762.362,2770.228,3.934,target,03:05,11:05,2770.228,3.534,0.8983,0.7966,no,,no,2766.248,2758.475,Y1
2025-01-31,Fri,10:30,02:30,07:30,long,2799.485,2795.64,2803.33,3.845,stop,03:07,11:07,2795.64,-4.245,-1.104,-1.2081,no,,no,2799.375,2791.905,Y1
2025-02-03,Mon,11:30,03:30,08:30,long,2797.588,2783.742,2811.435,13.847,target,08:06,16:06,2811.435,13.447,0.9711,0.9422,no,,no,2795.598,2771.885,Y1
2025-02-04,Tue,10:30,02:30,07:30,short,2807.345,2817.547,2797.143,10.202,stop,03:19,11:19,2817.547,-10.602,-1.0392,-1.0784,no,,no,2824.445,2810.648,Y1
2025-02-05,Wed,11:00,03:00,08:00,long,2863.985,2850.51,2877.46,13.475,target,10:43,18:43,2877.46,13.075,0.9703,0.9406,no,,no,2861.685,2839.335,Y1
2025-02-06,Thu,10:45,02:45,07:45,short,2858.145,2865.722,2850.568,7.577,target,03:22,11:22,2850.568,7.177,0.9472,0.8944,no,,no,2873.085,2858.358,Y1
2025-02-07,Fri,17:30,09:30,14:30,long,2873.258,2863.905,2882.611,9.353,target,10:20,18:20,2882.611,8.953,0.9572,0.9145,yes,NFP,no,2870.395,2857.415,Y1
2025-02-10,Mon,10:30,02:30,07:30,long,2892.135,2878.842,2905.429,13.294,target,05:12,13:12,2905.429,12.894,0.9699,0.9398,no,,no,2892.125,2865.558,Y1
2025-02-11,Tue,12:45,04:45,09:45,short,2904.125,2923.84,2884.41,19.715,target,08:02,16:02,2884.41,19.315,0.9797,0.9594,no,,no,2942.665,2905.015,Y1
2025-02-12,Wed,13:45,05:45,10:45,short,2880.845,2891.055,2870.635,10.21,target,08:30,16:30,2870.635,9.81,0.9608,0.9216,yes,CPI,no,2898.765,2883.345,Y1
2025-02-14,Fri,12:15,04:15,09:15,long,2937.515,2929.775,2945.255,7.74,stop,06:48,14:48,2929.775,-8.14,-1.0517,-1.1034,no,,no,2936.635,2922.915,Y1
2025-02-19,Wed,12:30,04:30,09:30,long,2945.725,2931.732,2959.717,13.992,stop,07:00,15:00,2931.732,-14.392,-1.0286,-1.0572,no,,no,2939.465,2924.0,Y1
2025-02-20,Thu,10:30,02:30,07:30,long,2948.935,2941.23,2956.64,7.705,stop,07:23,15:23,2941.23,-8.105,-1.0519,-1.1038,no,,no,2948.845,2933.615,Y1
2025-02-21,Fri,11:15,03:15,08:15,short,2923.775,2936.75,2910.8,12.975,stop,09:47,17:47,2936.75,-13.375,-1.0308,-1.0617,no,,no,2949.545,2923.955,Y1
2025-02-24,Mon,12:00,04:00,09:00,long,2946.185,2932.815,2959.555,13.37,stop,10:03,18:03,2932.815,-13.77,-1.0299,-1.0598,no,,no,2944.575,2921.055,Y1
2025-02-25,Tue,11:00,03:00,08:00,short,2931.555,2942.855,2920.255,11.3,stop,09:30,17:30,2942.855,-11.7,-1.0354,-1.0708,no,,no,2952.405,2933.305,Y1
2025-02-26,Wed,17:00,09:00,14:00,short,2905.755,2918.22,2893.29,12.465,target,09:11,17:11,2893.29,12.065,0.9679,0.9358,no,,no,2929.995,2906.445,Y1
2025-02-27,Thu,11:15,03:15,08:15,short,2885.155,2903.635,2866.675,18.48,16:00 close,16:00,00:00,2873.765,10.99,0.5947,0.5731,no,,no,2918.975,2888.295,Y1
2025-02-28,Fri,11:30,03:30,08:30,short,2855.175,2870.855,2839.495,15.68,target,09:42,17:42,2839.495,15.28,0.9745,0.949,no,,no,2884.925,2856.785,Y1
2025-03-03,Mon,14:15,06:15,11:15,long,2874.475,2865.452,2883.498,9.023,target,10:20,18:20,2883.498,8.623,0.9557,0.9113,no,,no,2871.848,2859.055,Y1
2025-03-04,Tue,10:30,02:30,07:30,long,2899.245,2887.936,2910.554,11.309,target,03:28,11:28,2910.554,10.909,0.9646,0.9293,no,,no,2894.225,2881.648,Y1
2025-03-05,Wed,16:45,08:45,13:45,short,2899.725,2911.632,2887.818,11.907,stop,09:36,17:36,2911.632,-12.307,-1.0336,-1.0672,no,,no,2921.505,2901.758,Y1
2025-03-06,Thu,11:00,03:00,08:00,short,2909.995,2920.405,2899.585,10.41,target,04:03,12:03,2899.585,10.01,0.9616,0.9232,no,,no,2926.425,2914.385,Y1
2025-03-07,Fri,10:45,02:45,07:45,long,2914.975,2905.192,2924.758,9.784,target,08:36,16:36,2924.758,9.384,0.9591,0.9182,yes,NFP,no,2914.685,2895.698,Y1
2025-03-10,Mon,11:15,04:15,08:15,short,2906.615,2912.407,2900.823,5.792,target,04:43,11:43,2900.823,5.392,0.9309,0.8619,no,,no,2918.125,2906.689,Y1
2025-03-11,Tue,11:15,04:15,08:15,long,2904.065,2891.272,2916.859,12.794,target,09:35,16:35,2916.859,12.394,0.9687,0.9375,no,,no,2902.605,2879.938,Y1
2025-03-12,Wed,12:00,05:00,09:00,long,2922.055,2915.796,2928.313,6.258,stop,05:44,12:44,2915.796,-6.658,-1.0639,-1.1278,yes,CPI,no,2921.035,2910.558,Y1
2025-03-13,Thu,10:30,03:30,07:30,short,2935.218,2941.115,2929.321,5.897,stop,04:13,11:13,2941.115,-6.297,-1.0678,-1.1357,yes,PPI,no,2946.975,2935.255,Y1
2025-03-14,Fri,12:15,05:15,09:15,long,2995.085,2987.418,3002.752,7.668,target,06:16,13:16,3002.752,7.268,0.9478,0.8957,no,,no,2993.835,2981.0,Y1
2025-03-17,Mon,12:45,05:45,09:45,long,2995.215,2987.435,3002.995,7.78,stop,08:18,15:18,2987.435,-8.18,-1.0514,-1.1028,no,,no,2992.895,2981.975,Y1
2025-03-18,Tue,10:15,03:15,07:15,long,3018.065,3008.348,3027.782,9.716,target,05:03,12:03,3027.782,9.316,0.9588,0.9177,no,,no,3017.439,2999.258,Y1
2025-03-19,Wed,12:00,05:00,09:00,short,3024.848,3036.165,3013.531,11.317,stop,06:37,13:37,3036.165,-11.717,-1.0353,-1.0707,yes,FOMC,no,3045.155,3027.175,Y1
2025-03-20,Thu,11:00,04:00,08:00,short,3042.105,3050.956,3033.254,8.852,target,06:16,13:16,3033.254,8.452,0.9548,0.9096,no,,no,3057.245,3044.668,Y1
2025-03-21,Fri,16:45,09:45,13:45,short,3014.638,3034.285,2994.991,19.647,16:00 close,16:00,23:00,3019.825,-5.587,-0.2844,-0.3047,no,,no,3047.265,3021.305,Y1
2025-03-24,Mon,11:45,04:45,08:45,long,3026.915,3019.51,3034.32,7.405,stop,09:45,16:45,3019.51,-7.805,-1.054,-1.108,no,,no,3025.545,3013.475,Y1
2025-03-25,Tue,12:00,05:00,09:00,long,3021.175,3014.105,3028.245,7.07,stop,08:22,15:22,3014.105,-7.47,-1.0566,-1.1132,no,,no,3020.895,3007.315,Y1
2025-03-26,Wed,10:45,03:45,07:45,long,3028.685,3020.002,3037.368,8.684,stop,05:19,12:19,3020.002,-9.084,-1.0461,-1.0921,no,,no,3026.955,3013.048,Y1
2025-03-27,Thu,13:00,06:00,10:00,long,3039.815,3029.925,3049.705,9.89,target,06:19,13:19,3049.705,9.49,0.9596,0.9191,no,,no,3038.495,3021.355,Y1
2025-03-31,Mon,09:15,02:15,07:15,long,3124.495,3098.095,3150.895,26.4,16:00 close,16:00,23:00,3124.285,-0.61,-0.0231,-0.0383,no,,no,3119.705,3076.485,Y1
2025-04-01,Tue,19:00,12:00,17:00,short,3113.505,3134.332,3092.678,20.827,16:00 close,16:00,23:00,3118.698,-5.593,-0.2686,-0.2878,no,,no,3148.835,3119.828,Y1
2025-04-03,Thu,09:30,02:30,07:30,short,3122.155,3145.666,3098.644,23.511,target,06:58,13:58,3098.644,23.111,0.983,0.966,no,,no,3167.548,3123.785,Y1
2025-04-04,Fri,11:30,04:30,09:30,short,3084.548,3101.502,3067.594,16.954,stop,06:26,13:26,3101.502,-17.354,-1.0236,-1.0472,yes,NFP,no,3116.165,3086.838,Y1
2025-04-08,Tue,09:30,02:30,07:30,long,3011.515,2993.215,3029.815,18.3,stop,12:26,19:26,2993.215,-18.7,-1.0219,-1.0437,no,,no,3008.045,2978.385,Y1
2025-04-09,Wed,09:30,02:30,07:30,long,3028.985,2994.985,3062.985,34.0,target,07:22,14:22,3062.985,33.6,0.9882,0.9765,no,,no,3020.365,2969.605,Y1
2025-04-10,Thu,16:30,09:30,14:30,long,3132.655,3105.175,3160.135,27.48,target,11:15,18:15,3160.135,27.08,0.9854,0.9709,yes,CPI,no,3132.245,3078.105,Y1
2025-04-11,Fri,12:45,05:45,10:45,long,3222.015,3201.225,3242.805,20.79,target,09:33,16:33,3242.805,20.39,0.9808,0.9615,yes,PPI,no,3219.935,3182.515,Y1
2025-04-14,Mon,13:30,06:30,11:30,short,3209.235,3230.39,3188.08,21.155,16:00 close,16:00,23:00,3212.575,-3.74,-0.1768,-0.1957,no,,no,3245.515,3215.265,Y1
2025-04-16,Wed,10:15,03:15,08:15,long,3296.825,3264.715,3328.935,32.11,target,12:20,19:20,3328.935,31.71,0.9875,0.9751,no,,no,3291.585,3237.845,Y1
2025-04-17,Thu,10:30,03:30,08:30,short,3316.685,3338.29,3295.08,21.605,stop,08:14,15:14,3338.29,-22.005,-1.0185,-1.037,no,,no,3356.065,3320.515,Y1
2025-04-21,Mon,09:15,02:15,07:15,long,3387.825,3364.26,3411.39,23.565,target,08:55,15:55,3411.39,23.165,0.983,0.9661,no,,no,3385.695,3342.825,Y1
2025-04-22,Tue,09:15,02:15,07:15,long,3497.165,3453.215,3541.115,43.95,stop,04:37,11:37,3453.215,-44.35,-1.0091,-1.0182,no,,no,3495.355,3411.075,Y1
2025-04-23,Wed,09:45,02:45,07:45,short,3312.555,3350.97,3274.14,38.415,target,09:50,16:50,3274.14,38.015,0.9896,0.9792,no,,no,3386.375,3315.565,Y1
2025-04-25,Fri,16:15,09:15,14:15,short,3284.115,3327.135,3241.095,43.02,16:00 close,16:00,23:00,3304.505,-20.79,-0.4833,-0.4926,no,,no,3367.725,3286.545,Y1
2025-04-28,Mon,17:45,10:45,15:45,long,3329.705,3292.76,3366.65,36.945,16:00 close,16:00,23:00,3351.935,21.83,0.5909,0.5801,no,,no,3317.755,3267.765,Y1
2025-04-30,Wed,11:15,04:15,09:15,short,3284.865,3314.445,3255.285,29.58,stop,09:36,16:36,3314.445,-29.98,-1.0135,-1.027,no,,no,3327.865,3301.025,Y1
2025-05-01,Thu,13:00,06:00,11:00,short,3218.305,3252.725,3183.885,34.42,16:00 close,16:00,23:00,3228.005,-10.1,-0.2934,-0.3051,no,,no,3284.845,3220.605,Y1
2025-05-02,Fri,11:00,04:00,09:00,long,3258.785,3242.785,3274.785,16.0,stop,09:05,16:05,3242.785,-16.4,-1.025,-1.05,yes,NFP,no,3258.455,3227.115,Y1
2025-05-05,Mon,11:45,04:45,09:45,long,3276.915,3255.32,3298.51,21.595,target,05:22,12:22,3298.51,21.195,0.9815,0.963,no,,no,3272.205,3238.435,Y1
2025-05-06,Tue,15:45,08:45,13:45,long,3389.485,3353.926,3425.044,35.559,16:00 close,16:00,23:00,3422.785,32.9,0.9252,0.914,no,,no,3386.745,3321.108,Y1
2025-05-08,Thu,09:15,02:15,07:15,short,3344.885,3384.645,3305.125,39.76,target,12:20,19:20,3305.125,39.36,0.9899,0.9799,no,,no,3414.705,3354.585,Y1
2025-05-09,Fri,14:15,07:15,12:15,long,3330.875,3302.105,3359.645,28.77,16:00 close,16:00,23:00,3328.615,-2.66,-0.0925,-0.1064,no,,no,3329.915,3274.295,Y1
2025-05-12,Mon,10:15,03:15,08:15,short,3246.055,3274.105,3218.005,28.05,target,03:46,10:46,3218.005,27.65,0.9857,0.9715,no,,no,3289.675,3258.535,Y1
2025-05-13,Tue,10:00,03:00,08:00,long,3261.855,3238.04,3285.67,23.815,stop,08:20,15:20,3238.04,-24.215,-1.0168,-1.0336,yes,CPI,no,3260.545,3215.535,Y1
2025-05-14,Wed,15:00,08:00,13:00,short,3219.995,3239.342,3200.648,19.347,target,08:39,15:39,3200.648,18.947,0.9793,0.9587,no,,no,3256.685,3222.0,Y1
2025-05-15,Thu,16:15,09:15,14:15,long,3194.655,3157.745,3231.565,36.91,target,15:58,22:58,3231.565,36.51,0.9892,0.9783,yes,PPI,no,3192.555,3122.935,Y1
2025-05-16,Fri,11:15,04:15,09:15,short,3197.035,3228.575,3165.495,31.54,target,07:53,14:53,3165.495,31.14,0.9873,0.9746,no,,no,3250.895,3206.255,Y1
2025-05-20,Tue,12:00,05:00,10:00,long,3235.615,3218.325,3252.905,17.29,target,09:57,16:57,3252.905,16.89,0.9769,0.9537,no,,no,3232.445,3204.205,Y1
2025-05-21,Wed,10:00,03:00,08:00,long,3319.915,3302.215,3337.615,17.7,stop,08:22,15:22,3302.215,-18.1,-1.0226,-1.0452,no,,no,3319.325,3285.105,Y1
2025-05-22,Thu,11:45,04:45,09:45,short,3314.715,3331.103,3298.327,16.388,target,06:28,13:28,3298.327,15.988,0.9756,0.9512,no,,no,3345.198,3317.008,Y1
2025-05-23,Fri,09:15,02:15,07:15,long,3328.155,3306.082,3350.228,22.073,target,08:00,15:00,3350.228,21.673,0.9819,0.9638,no,,no,3325.398,3286.765,Y1
2025-05-28,Wed,10:45,03:45,08:45,long,3317.248,3303.462,3331.034,13.786,stop,09:39,16:39,3303.462,-14.186,-1.029,-1.058,no,,no,3315.525,3291.398,Y1
2025-05-29,Thu,13:15,06:15,11:15,long,3288.525,3266.298,3310.752,22.227,target,08:20,15:20,3310.752,21.827,0.982,0.964,no,,no,3287.398,3245.198,Y1
2025-05-30,Fri,16:45,09:45,14:45,short,3289.345,3306.173,3272.517,16.828,target,10:01,17:01,3272.517,16.428,0.9762,0.9525,no,,no,3322.448,3289.898,Y1
2025-06-02,Mon,09:15,02:15,07:15,long,3328.0,3313.372,3342.628,14.628,target,02:41,09:41,3342.628,14.228,0.9727,0.9453,no,,no,3325.548,3301.195,Y1
2025-06-03,Tue,09:45,02:45,07:45,short,3355.205,3373.986,3336.424,18.782,target,10:03,17:03,3336.424,18.382,0.9787,0.9574,no,,no,3391.935,3356.038,Y1
2025-06-04,Wed,17:45,10:45,15:45,long,3382.498,3359.32,3405.676,23.178,16:00 close,16:00,23:00,3373.348,-9.55,-0.412,-0.4293,no,,no,3372.445,3346.195,Y1
2025-06-05,Thu,12:30,05:30,10:30,long,3387.755,3372.45,3403.06,15.305,target,07:15,14:15,3403.06,14.905,0.9739,0.9477,no,,no,3383.975,3360.925,Y1
2025-06-06,Fri,12:30,05:30,10:30,short,3355.385,3365.598,3345.172,10.213,target,08:42,15:42,3345.172,9.813,0.9608,0.9217,yes,NFP,no,3375.348,3355.848,Y1
2025-06-09,Mon,09:30,02:30,07:30,long,3318.535,3305.823,3331.247,12.712,target,11:40,18:40,3331.247,12.312,0.9685,0.9371,no,,no,3318.448,3293.198,Y1
2025-06-10,Tue,09:45,02:45,07:45,long,3329.095,3314.712,3343.478,14.383,target,09:24,16:24,3343.478,13.983,0.9722,0.9444,no,,no,3327.725,3301.698,Y1
2025-06-11,Wed,11:00,04:00,09:00,long,3345.415,3329.07,3361.76,16.345,stop,06:57,13:57,3329.07,-16.745,-1.0245,-1.0489,yes,CPI,no,3342.895,3315.245,Y1
2025-06-12,Thu,10:45,03:45,08:45,short,3342.005,3367.466,3316.544,25.461,stop,05:53,12:53,3367.466,-25.861,-1.0157,-1.0314,yes,PPI,no,3377.548,3357.385,Y1
2025-06-16,Mon,09:30,02:30,07:30,short,3415.748,3434.32,3397.176,18.572,target,09:54,16:54,3397.176,18.172,0.9785,0.9569,no,,no,3451.085,3417.555,Y1
2025-06-23,Mon,15:00,08:00,13:00,long,3380.555,3363.462,3397.648,17.093,stop,08:16,15:16,3363.462,-17.493,-1.0234,-1.0468,no,,no,3380.248,3346.675,Y1
2025-06-24,Tue,09:15,02:15,07:15,short,3324.445,3341.995,3306.895,17.55,target,08:34,15:34,3306.895,17.15,0.9772,0.9544,no,,no,3357.615,3326.375,Y1
2025-06-25,Wed,15:45,08:45,13:45,short,3319.498,3328.152,3310.844,8.653,stop,12:13,19:13,3328.152,-9.053,-1.0462,-1.0924,no,,no,3335.048,3321.255,Y1
2025-06-26,Thu,10:30,03:30,08:30,long,3345.225,3335.992,3354.458,9.233,stop,07:35,14:35,3335.992,-9.633,-1.0433,-1.0866,no,,no,3342.985,3328.998,Y1
2025-06-27,Fri,09:45,02:45,07:45,short,3288.048,3306.173,3269.923,18.125,target,08:45,15:45,3269.923,17.725,0.9779,0.9559,no,,no,3323.348,3288.998,Y1
2025-06-30,Mon,09:45,02:45,07:45,long,3295.155,3275.205,3315.105,19.95,stop,07:24,14:24,3275.205,-20.35,-1.0201,-1.0401,no,,no,3291.215,3259.195,Y1
2025-07-01,Tue,10:15,03:15,08:15,long,3336.095,3320.27,3351.92,15.825,target,07:04,14:04,3351.92,15.425,0.9747,0.9494,no,,no,3332.175,3308.365,Y1
2025-07-02,Wed,15:30,08:30,13:30,long,3346.395,3336.486,3356.304,9.909,stop,09:49,16:49,3336.486,-10.309,-1.0404,-1.0807,no,,no,3344.765,3328.208,Y1
2025-07-03,Thu,15:45,08:45,13:45,short,3311.848,3351.798,3271.898,39.95,16:00 close,16:00,23:00,3328.535,-17.087,-0.4277,-0.4377,yes,NFP,no,3361.948,3341.648,Y1
2025-07-08,Tue,11:45,04:45,09:45,short,3326.298,3333.482,3319.114,7.184,target,09:16,16:16,3319.114,6.784,0.9443,0.8886,no,,no,3339.848,3327.115,Y1
2025-07-09,Wed,17:45,10:45,15:45,long,3310.455,3296.181,3324.728,14.274,16:00 close,16:00,23:00,3315.465,4.61,0.323,0.295,no,,no,3307.725,3284.638,Y1
2025-07-10,Thu,10:15,03:15,08:15,long,3326.425,3320.37,3332.48,6.055,stop,03:49,10:49,3320.37,-6.455,-1.0661,-1.1321,no,,no,3326.085,3314.655,Y1
2025-07-11,Fri,09:30,02:30,07:30,long,3342.948,3331.906,3353.989,11.041,stop,02:59,09:59,3331.906,-11.441,-1.0362,-1.0725,no,,no,3341.508,3322.305,Y1
2025-07-14,Mon,10:30,03:30,08:30,long,3374.385,3363.57,3385.2,10.815,stop,08:00,15:00,3363.57,-11.215,-1.037,-1.074,no,,no,3373.705,3353.435,Y1
2025-07-15,Tue,16:30,09:30,14:30,short,3340.715,3354.29,3327.14,13.575,target,11:32,18:32,3327.14,13.175,0.9705,0.9411,yes,CPI,no,3364.955,3343.625,Y1
2025-07-16,Wed,09:15,02:15,07:15,long,3340.435,3332.28,3348.59,8.155,stop,08:32,15:32,3332.28,-8.555,-1.049,-1.0981,yes,PPI,no,3339.695,3324.865,Y1
2025-07-17,Thu,09:15,02:15,07:15,short,3332.885,3342.816,3322.954,9.931,target,07:01,14:01,3322.954,9.531,0.9597,0.9194,no,,no,3349.938,3335.695,Y1
2025-07-18,Fri,10:30,03:30,08:30,long,3345.218,3338.606,3351.83,6.611,target,05:08,12:08,3351.83,6.211,0.9395,0.879,no,,no,3344.048,3333.165,Y1
2025-07-21,Mon,09:30,02:30,07:30,long,3369.665,3357.32,3382.01,12.345,target,08:25,15:25,3382.01,11.945,0.9676,0.9352,no,,no,3369.395,3345.245,Y1
2025-07-22,Tue,09:45,02:45,07:45,short,3384.395,3393.486,3375.304,9.091,stop,08:06,15:06,3393.486,-9.491,-1.044,-1.088,no,,no,3402.475,3384.498,Y1
2025-07-23,Wed,16:15,09:15,14:15,short,3415.765,3427.41,3404.12,11.645,target,11:55,18:55,3404.12,11.245,0.9657,0.9313,no,,no,3438.655,3416.165,Y1
2025-07-24,Thu,09:30,02:30,07:30,short,3371.615,3383.69,3359.54,12.075,target,08:01,15:01,3359.54,11.675,0.9669,0.9337,no,,no,3393.165,3374.215,Y1
2025-07-25,Fri,10:45,03:45,08:45,short,3353.395,3364.19,3342.6,10.795,target,06:30,13:30,3342.6,10.395,0.9629,0.9259,no,,no,3373.295,3355.085,Y1
2025-07-28,Mon,16:45,09:45,14:45,short,3321.898,3335.682,3308.114,13.784,target,09:53,16:53,3308.114,13.384,0.971,0.942,no,,no,3343.898,3327.465,Y1
2025-07-29,Tue,09:30,02:30,07:30,long,3320.905,3314.232,3327.579,6.674,stop,03:09,10:09,3314.232,-7.074,-1.0599,-1.1199,no,,no,3320.648,3307.815,Y1
2025-07-30,Wed,16:00,09:00,14:00,short,3313.125,3327.58,3298.67,14.455,target,09:56,16:56,3298.67,14.055,0.9723,0.9447,yes,FOMC,no,3333.505,3321.655,Y1
2025-07-31,Thu,09:15,02:15,07:15,long,3302.248,3289.442,3315.054,12.807,16:00 close,16:00,23:00,3290.745,-11.903,-0.9294,-0.9607,no,,no,3301.385,3277.498,Y1
2025-08-01,Fri,14:15,07:15,12:15,long,3300.548,3290.792,3310.304,9.756,target,08:30,15:30,3310.304,9.356,0.959,0.918,yes,NFP,no,3300.148,3281.435,Y1
2025-08-04,Mon,10:00,03:00,08:00,long,3362.445,3353.436,3371.454,9.009,stop,03:29,10:29,3353.436,-9.409,-1.0444,-1.0888,no,,no,3362.125,3344.748,Y1
2025-08-05,Tue,09:45,02:45,07:45,short,3366.255,3374.848,3357.662,8.593,stop,03:30,10:30,3374.848,-8.993,-1.0465,-1.0931,no,,no,3382.198,3367.498,Y1
2025-08-06,Wed,10:30,03:30,08:30,short,3370.065,3377.802,3362.328,7.736,target,05:44,12:44,3362.328,7.336,0.9483,0.8966,no,,no,3385.098,3370.505,Y1
2025-08-07,Thu,09:45,02:45,07:45,long,3385.158,3374.45,3395.866,10.708,target,03:39,10:39,3395.866,10.308,0.9626,0.9253,no,,no,3384.005,3364.895,Y1
2025-08-11,Mon,09:30,02:30,07:30,short,3366.279,3382.02,3350.538,15.741,target,07:27,14:27,3350.538,15.341,0.9746,0.9492,no,,no,3396.835,3367.205,Y1
2025-08-12,Tue,09:30,02:30,07:30,short,3344.648,3351.57,3337.726,6.922,stop,03:33,10:33,3351.57,-7.322,-1.0578,-1.1156,yes,CPI,no,3357.235,3345.905,Y1
2025-08-13,Wed,09:30,02:30,07:30,long,3354.905,3348.319,3361.491,6.586,target,04:45,11:45,3361.491,6.186,0.9393,0.8785,no,,no,3354.199,3342.439,Y1
2025-08-14,Thu,10:45,03:45,08:45,short,3352.148,3364.91,3339.386,12.762,target,10:05,17:05,3339.386,12.362,0.9687,0.9373,yes,PPI,no,3374.555,3355.265,Y1
2025-08-19,Tue,13:15,06:15,11:15,long,3342.655,3333.64,3351.67,9.015,stop,09:00,16:00,3333.64,-9.415,-1.0444,-1.0887,no,,no,3341.395,3325.885,Y1
2025-08-20,Wed,09:15,02:15,07:15,long,3325.225,3317.475,3332.975,7.75,target,08:01,15:01,3332.975,7.35,0.9484,0.8968,no,,no,3323.695,3311.255,Y1
2025-08-21,Thu,09:30,02:30,07:30,short,3334.298,3343.095,3325.501,8.797,target,07:03,14:03,3325.501,8.397,0.9545,0.9091,no,,no,3349.315,3336.875,Y1
2025-08-22,Fri,09:45,02:45,07:45,short,3325.935,3333.545,3318.325,7.61,stop,03:09,10:09,3333.545,-8.01,-1.0526,-1.1051,no,,no,3340.075,3327.015,Y1
2025-08-25,Mon,17:15,10:15,15:15,long,3373.665,3365.175,3382.155,8.49,stop,15:56,22:56,3365.175,-8.89,-1.0471,-1.0942,no,,no,3370.855,3359.495,Y1
2025-08-28,Thu,12:00,05:00,10:00,long,3400.545,3391.81,3409.28,8.735,target,09:52,16:52,3409.28,8.335,0.9542,0.9084,no,,no,3399.175,3384.445,Y1
2025-08-29,Fri,13:15,06:15,11:15,short,3406.505,3412.225,3400.785,5.72,stop,08:30,15:30,3412.225,-6.12,-1.0699,-1.1399,no,,no,3417.645,3406.805,Y1
2025-09-03,Wed,14:45,07:45,12:45,long,3548.548,3536.123,3560.973,12.425,target,09:30,16:30,3560.973,12.025,0.9678,0.9356,no,,no,3546.398,3525.848,Y1
2025-09-05,Fri,15:45,08:45,13:45,long,3583.448,3550.68,3616.216,32.768,16:00 close,16:00,23:00,3594.498,10.65,0.325,0.3128,yes,NFP,no,3560.965,3540.395,Y1
2025-09-08,Mon,09:45,02:45,07:45,long,3597.425,3588.09,3606.76,9.335,target,03:17,10:17,3606.76,8.935,0.9572,0.9143,no,,no,3596.815,3579.365,Y1
2025-09-09,Tue,16:30,09:30,14:30,long,3660.215,3643.58,3676.85,16.635,stop,10:08,17:08,3643.58,-17.035,-1.024,-1.0481,no,,no,3659.125,3628.035,Y1
2025-09-10,Wed,09:15,02:15,07:15,long,3646.105,3632.51,3659.7,13.595,16:00 close,16:00,23:00,3641.785,-4.72,-0.3472,-0.3766,yes,PPI,no,3645.055,3619.965,Y1
2025-09-11,Thu,12:15,05:15,10:15,short,3618.595,3636.06,3601.13,17.465,stop,08:32,15:32,3636.06,-17.865,-1.0229,-1.0458,yes,CPI,no,3648.895,3623.225,Y1
2025-09-15,Mon,16:00,09:00,14:00,long,3650.195,3636.432,3663.958,13.764,target,09:42,16:42,3663.958,13.364,0.9709,0.9419,no,,no,3646.715,3626.148,Y1
2025-09-16,Tue,09:45,02:45,07:45,long,3689.765,3681.812,3697.718,7.953,target,05:27,12:27,3697.718,7.553,0.9497,0.8994,no,,no,3689.169,3674.455,Y1
2025-09-17,Wed,09:45,02:45,07:45,short,3671.215,3684.696,3657.734,13.481,stop,10:17,17:17,3684.696,-13.881,-1.0297,-1.0593,yes,FOMC,no,3695.185,3674.208,Y1
2025-09-18,Thu,09:15,02:15,07:15,short,3636.915,3660.412,3613.418,23.497,stop,04:38,11:38,3660.412,-23.897,-1.017,-1.034,no,,no,3671.735,3649.088,Y1
2025-09-19,Fri,17:00,10:00,15:00,long,3662.995,3646.482,3679.508,16.514,target,14:06,21:06,3679.508,16.114,0.9758,0.9516,no,,no,3661.025,3631.938,Y1
2025-09-22,Mon,09:15,02:15,07:15,long,3700.455,3692.64,3708.27,7.815,target,02:34,09:34,3708.27,7.415,0.9488,0.8976,no,,no,3700.045,3685.235,Y1
2025-09-23,Tue,11:30,04:30,09:30,long,3759.205,3747.745,3770.665,11.46,target,04:45,11:45,3770.665,11.06,0.9651,0.9302,no,,no,3759.035,3736.455,Y1
2025-09-24,Wed,10:45,03:45,08:45,long,3777.338,3763.562,3791.114,13.776,stop,05:41,12:41,3763.562,-14.176,-1.029,-1.0581,no,,no,3776.795,3750.329,Y1
2025-09-25,Thu,11:00,04:00,09:00,long,3752.095,3740.356,3763.833,11.738,stop,08:36,15:36,3740.356,-12.138,-1.0341,-1.0682,no,,no,3751.348,3729.365,Y1
2025-09-26,Fri,11:45,04:45,09:45,long,3753.205,3743.655,3762.755,9.55,stop,06:47,13:47,3743.655,-9.95,-1.0419,-1.0838,no,,no,3753.035,3734.275,Y1
2025-09-29,Mon,09:15,02:15,07:15,long,3816.615,3788.985,3844.245,27.63,16:00 close,16:00,23:00,3828.615,11.6,0.4198,0.4054,no,,no,3814.305,3763.665,Y1
2025-09-30,Tue,11:30,04:30,09:30,short,3823.565,3849.01,3798.12,25.445,target,05:13,12:13,3798.12,25.045,0.9843,0.9686,no,,no,3870.165,3827.855,Y1
2025-10-01,Wed,11:00,04:00,09:00,long,3878.995,3865.34,3892.65,13.655,target,04:20,11:20,3892.65,13.255,0.9707,0.9414,no,,no,3875.295,3855.385,Y2
2025-10-02,Thu,09:15,02:15,07:15,long,3871.595,3861.77,3881.42,9.825,stop,02:58,09:58,3861.77,-10.225,-1.0407,-1.0814,no,,no,3870.905,3852.635,Y2
2025-10-03,Fri,10:45,03:45,08:45,long,3864.275,3850.62,3877.93,13.655,target,09:17,16:17,3877.93,13.255,0.9707,0.9414,no,,no,3863.455,3837.785,Y2
2025-10-06,Mon,11:15,04:15,09:15,long,3946.955,3921.245,3972.665,25.71,16:00 close,16:00,23:00,3959.245,11.89,0.4625,0.4469,no,,no,3944.955,3897.535,Y2
2025-10-07,Tue,10:00,03:00,08:00,short,3954.785,3966.355,3943.215,11.57,target,03:58,10:58,3943.215,11.17,0.9654,0.9309,no,,no,3977.125,3955.585,Y2
2025-10-08,Wed,11:30,04:30,09:30,long,4037.865,4010.415,4065.315,27.45,16:00 close,16:00,23:00,4044.555,6.29,0.2291,0.2146,no,,no,4036.785,3984.045,Y2
2025-10-09,Thu,14:00,07:00,12:00,long,4043.975,4022.215,4065.735,21.76,stop,09:47,16:47,4022.215,-22.16,-1.0184,-1.0368,no,,no,4043.405,4001.025,Y2
2025-10-10,Fri,12:15,05:15,10:15,long,4000.205,3970.425,4029.985,29.78,16:00 close,16:00,23:00,4011.015,10.41,0.3496,0.3361,no,,no,3994.175,3946.675,Y2
2025-10-13,Mon,14:00,07:00,12:00,long,4080.785,4051.022,4110.548,29.764,target,12:08,19:08,4110.548,29.364,0.9866,0.9731,no,,no,4077.748,4024.295,Y2
2025-10-14,Tue,09:45,02:45,07:45,short,4098.348,4144.902,4051.794,46.553,stop,12:47,19:47,4144.902,-46.953,-1.0086,-1.0172,no,,no,4179.355,4110.448,Y2
2025-10-15,Wed,09:45,02:45,07:45,long,4193.755,4173.391,4214.119,20.364,target,04:09,11:09,4214.119,19.964,0.9804,0.9607,no,,no,4193.318,4153.465,Y2
2025-10-16,Thu,14:00,07:00,12:00,long,4242.555,4222.565,4262.545,19.99,target,10:10,17:10,4262.545,19.59,0.98,0.96,no,,no,4241.955,4203.175,Y2
2025-10-17,Fri,17:00,10:00,15:00,short,4273.485,4328.6,4218.37,55.115,target,10:14,17:14,4218.37,54.715,0.9927,0.9855,no,,no,4378.905,4278.295,Y2
2025-10-20,Mon,15:00,08:00,13:00,long,4278.905,4244.75,4313.06,34.155,target,08:36,15:36,4313.06,33.755,0.9883,0.9766,no,,no,4270.995,4218.505,Y2
2025-10-21,Tue,10:45,03:45,08:45,short,4300.475,4344.536,4256.414,44.061,target,04:13,11:13,4256.414,43.661,0.9909,0.9818,no,,no,4372.108,4316.965,Y2
2025-10-22,Wed,09:45,02:45,07:45,long,4159.095,4075.022,4243.169,84.074,stop,04:15,11:15,4075.022,-84.474,-1.0048,-1.0095,no,,no,4146.745,4003.298,Y2
2025-10-23,Thu,09:15,02:15,07:15,long,4129.618,4087.81,4171.426,41.808,16:00 close,16:00,23:00,4118.125,-11.893,-0.2845,-0.294,no,,no,4110.215,4065.405,Y2
2025-10-24,Fri,09:15,02:15,07:15,short,4083.148,4123.225,4043.071,40.077,stop,10:12,17:12,4123.225,-40.477,-1.01,-1.02,yes,CPI,no,4144.145,4102.305,Y2
2025-10-27,Mon,12:00,05:00,09:00,short,4043.045,4075.525,4010.565,32.48,target,10:03,17:03,4010.565,32.08,0.9877,0.9754,no,,no,4097.545,4053.505,Y2
2025-10-28,Tue,10:30,03:30,07:30,short,3930.808,3978.71,3882.906,47.902,16:00 close,16:00,23:00,3960.275,-29.867,-0.6235,-0.6319,no,,no,4019.405,3938.015,Y2
2025-10-29,Wed,10:15,03:15,07:15,long,3994.735,3964.1,4025.37,30.635,target,05:48,12:48,4025.37,30.235,0.9869,0.9739,yes,FOMC,no,3984.595,3943.605,Y2
2025-10-30,Thu,12:15,05:15,09:15,long,4004.865,3948.68,4061.05,56.185,16:00 close,16:00,23:00,4023.205,17.94,0.3193,0.3122,no,,no,3982.295,3915.065,Y2
2025-11-03,Mon,10:30,02:30,07:30,long,4018.795,3990.33,4047.26,28.465,16:00 close,16:00,00:00,4010.105,-9.09,-0.3193,-0.3334,no,,no,4018.335,3962.325,Y2
2025-11-04,Tue,11:30,03:30,08:30,long,3999.635,3982.775,4016.495,16.86,stop,08:28,16:28,3982.775,-17.26,-1.0237,-1.0474,no,,no,3999.155,3966.395,Y2
2025-11-05,Wed,11:15,03:15,08:15,long,3981.905,3953.996,4009.814,27.909,16:00 close,16:00,00:00,3984.265,1.96,0.0702,0.0559,no,,no,3978.345,3929.648,Y2
2025-11-06,Thu,10:15,02:15,07:15,long,3998.205,3978.476,4017.934,19.729,target,06:51,14:51,4017.934,19.329,0.9797,0.9594,no,,no,3992.598,3964.355,Y2
2025-11-07,Fri,11:15,03:15,08:15,long,4009.495,3996.315,4022.675,13.18,stop,06:32,14:32,3996.315,-13.58,-1.0303,-1.0607,no,,no,4008.335,3984.295,Y2
2025-11-10,Mon,10:15,02:15,07:15,long,4078.355,4044.615,4112.095,33.74,target,13:27,21:27,4112.095,33.34,0.9881,0.9763,no,,no,4078.315,4010.915,Y2
2025-11-11,Tue,18:30,10:30,15:30,short,4101.305,4132.405,4070.205,31.1,16:00 close,16:00,00:00,4129.245,-28.34,-0.9113,-0.9241,no,,no,4148.755,4116.055,Y2
2025-11-12,Wed,18:15,10:15,15:15,long,4161.698,4121.96,4201.436,39.738,target,12:04,20:04,4201.436,39.338,0.9899,0.9799,no,,no,4145.255,4098.665,Y2
2025-11-13,Thu,11:00,03:00,08:00,long,4219.965,4199.375,4240.555,20.59,target,07:56,15:56,4240.555,20.19,0.9806,0.9611,no,,no,4219.125,4179.625,Y2
2025-11-14,Fri,10:30,02:30,07:30,short,4163.065,4190.205,4135.925,27.14,target,06:55,14:55,4135.925,26.74,0.9853,0.9705,no,,no,4211.015,4169.395,Y2
2025-11-18,Tue,10:30,02:30,07:30,short,4002.175,4024.677,3979.673,22.502,stop,03:06,11:06,4024.677,-22.902,-1.0178,-1.0356,no,,no,4044.935,4004.419,Y2
2025-11-19,Wed,13:00,05:00,10:00,long,4113.125,4076.832,4149.418,36.293,stop,11:26,19:26,4076.832,-36.693,-1.011,-1.022,no,,no,4098.415,4055.248,Y2
2025-11-21,Fri,20:00,12:00,17:00,long,4099.675,4054.99,4144.36,44.685,stop,15:50,23:50,4054.99,-45.085,-1.009,-1.0179,no,,no,4081.015,4028.965,Y2
2025-11-24,Mon,15:45,07:45,12:45,long,4078.755,4057.9,4099.61,20.855,target,12:50,20:50,4099.61,20.455,0.9808,0.9616,no,,no,4075.855,4039.945,Y2
2025-11-25,Tue,12:00,04:00,09:00,short,4115.709,4138.925,4092.493,23.216,stop,08:10,16:10,4138.925,-23.616,-1.0172,-1.0345,yes,PPI,yes,4155.585,4122.265,Y2
2025-11-26,Wed,14:45,06:45,11:45,long,4170.875,4150.85,4190.9,20.025,stop,07:46,15:46,4150.85,-20.425,-1.02,-1.04,no,,no,4169.255,4132.445,Y2
2025-12-02,Tue,12:30,04:30,09:30,short,4194.375,4213.685,4175.065,19.31,stop,08:00,16:00,4213.685,-19.71,-1.0207,-1.0414,no,,no,4229.475,4197.895,Y2
2025-12-03,Wed,10:30,02:30,07:30,short,4202.375,4215.96,4188.79,13.585,stop,08:07,16:07,4215.96,-13.985,-1.0294,-1.0589,no,,no,4228.765,4203.155,Y2
2025-12-09,Tue,12:15,04:15,09:15,long,4203.205,4184.206,4222.204,18.998,16:00 close,16:00,00:00,4211.925,8.32,0.4379,0.4169,no,,no,4198.568,4169.845,Y2
2025-12-10,Wed,11:45,03:45,08:45,short,4199.615,4210.07,4189.16,10.455,target,05:32,13:32,4189.16,10.055,0.9617,0.9235,yes,FOMC,no,4218.615,4201.525,Y2
2025-12-11,Thu,18:45,10:45,15:45,long,4254.525,4225.685,4283.365,28.84,target,13:07,21:07,4283.365,28.44,0.9861,0.9723,no,,no,4247.465,4203.905,Y2
2025-12-12,Fri,10:15,02:15,07:15,long,4285.715,4273.582,4297.848,12.133,target,03:35,11:35,4297.848,11.733,0.967,0.9341,no,,no,4283.015,4264.148,Y2
2025-12-15,Mon,12:15,04:15,09:15,long,4348.755,4323.565,4373.945,25.19,stop,09:21,17:21,4323.565,-25.59,-1.0159,-1.0318,no,,no,4347.185,4299.945,Y2
2025-12-16,Tue,17:15,09:15,14:15,long,4319.088,4294.41,4343.766,24.678,stop,11:38,19:38,4294.41,-25.078,-1.0162,-1.0324,yes,NFP,no,4317.695,4271.125,Y2
2025-12-17,Wed,18:15,10:15,15:15,long,4342.755,4324.765,4360.745,17.99,stop,10:53,18:53,4324.765,-18.39,-1.0222,-1.0445,no,,no,4342.255,4307.275,Y2
2025-12-18,Thu,12:45,04:45,09:45,short,4324.175,4333.47,4314.88,9.295,target,08:06,16:06,4314.88,8.895,0.957,0.9139,yes,CPI,no,4342.735,4324.205,Y2
2025-12-19,Fri,18:15,10:15,15:15,long,4341.505,4322.105,4360.905,19.4,16:00 close,16:00,00:00,4339.405,-2.5,-0.1289,-0.1495,no,,no,4335.495,4308.715,Y2
2025-12-22,Mon,16:15,08:15,13:15,long,4425.125,4387.29,4462.96,37.835,16:00 close,16:00,00:00,4438.455,12.93,0.3417,0.3312,no,,no,4419.695,4354.885,Y2
2025-12-23,Tue,17:45,09:45,14:45,short,4452.535,4477.525,4427.545,24.99,stop,12:03,20:03,4477.525,-25.39,-1.016,-1.032,no,,no,4497.345,4457.705,Y2
2025-12-29,Mon,11:45,03:45,08:45,short,4469.808,4499.18,4440.436,29.372,target,06:40,14:40,4440.436,28.972,0.9864,0.9728,no,,no,4527.545,4470.815,Y2
2025-12-30,Tue,13:30,05:30,10:30,long,4381.965,4351.98,4411.95,29.985,stop,14:48,22:48,4351.98,-30.385,-1.0133,-1.0267,no,,no,4379.765,4324.195,Y2
2026-01-02,Fri,11:00,03:00,08:00,long,4382.525,4361.285,4403.765,21.24,stop,09:31,17:31,4361.285,-21.64,-1.0188,-1.0377,no,,no,4381.495,4341.075,Y2
2026-01-05,Mon,11:30,03:30,08:30,long,4426.298,4398.06,4454.536,28.238,stop,08:29,16:29,4398.06,-28.638,-1.0142,-1.0283,no,,no,4426.095,4370.025,Y2
2026-01-06,Tue,17:45,09:45,14:45,long,4479.045,4450.82,4507.27,28.225,16:00 close,16:00,00:00,4493.448,14.003,0.4961,0.4819,no,,no,4473.915,4427.725,Y2
2026-01-07,Wed,16:15,08:15,13:15,short,4432.848,4468.422,4397.274,35.574,16:00 close,16:00,00:00,4451.805,-19.357,-0.5441,-0.5554,no,,no,4495.595,4441.248,Y2
2026-01-08,Thu,15:15,07:15,12:15,short,4412.115,4440.645,4383.585,28.53,stop,10:07,18:07,4440.645,-28.93,-1.014,-1.028,no,,no,4466.075,4415.215,Y2
2026-01-09,Fri,16:45,08:45,13:45,long,4486.548,4464.855,4508.241,21.693,target,10:23,18:23,4508.241,21.293,0.9816,0.9631,yes,NFP,no,4477.125,4452.585,Y2
2026-01-12,Mon,16:15,08:15,13:15,long,4606.375,4568.552,4644.198,37.824,16:00 close,16:00,00:00,4593.555,-13.22,-0.3495,-0.3601,no,,no,4601.048,4536.055,Y2
2026-01-13,Tue,16:15,08:15,13:15,long,4602.309,4587.635,4616.983,14.674,target,08:41,16:41,4616.983,14.274,0.9727,0.9455,yes,CPI,no,4601.945,4573.325,Y2
2026-01-15,Thu,14:00,06:00,11:00,long,4619.615,4599.365,4639.865,20.25,stop,08:30,16:30,4599.365,-20.65,-1.0198,-1.0395,no,,no,4617.915,4580.815,Y2
2026-01-16,Fri,16:30,08:30,13:30,short,4586.595,4603.355,4569.835,16.76,stop,09:00,17:00,4603.355,-17.16,-1.0239,-1.0477,no,,no,4615.735,4590.975,Y2
2026-01-22,Thu,10:15,02:15,07:15,long,4833.245,4800.69,4865.8,32.555,target,10:46,18:46,4865.8,32.155,0.9877,0.9754,no,,no,4829.195,4772.185,Y2
2026-01-23,Fri,11:30,03:30,08:30,short,4913.215,4951.615,4874.815,38.4,stop,09:47,17:47,4951.615,-38.8,-1.0104,-1.0208,no,,no,4967.235,4935.995,Y2
2026-01-27,Tue,13:00,05:00,10:00,long,5098.595,5053.71,5143.48,44.885,stop,09:16,17:16,5053.71,-45.285,-1.0089,-1.0178,no,,no,5093.825,5013.595,Y2
2026-01-28,Wed,10:15,02:15,07:15,long,5273.635,5214.155,5333.115,59.48,target,15:00,23:00,5333.115,59.08,0.9933,0.9866,yes,FOMC,no,5271.195,5157.115,Y2
2026-01-29,Thu,18:15,10:15,15:15,short,5383.415,5519.812,5247.018,136.396,target,10:26,18:26,5247.018,135.996,0.9971,0.9941,no,,no,5595.275,5444.348,Y2
2026-01-30,Fri,11:45,03:45,08:45,short,5095.715,5281.072,4910.358,185.356,target,12:13,20:13,4910.358,184.956,0.9978,0.9957,yes,PPI,yes,5450.745,5111.398,Y2
2026-02-03,Tue,10:30,02:30,07:30,long,4899.895,4819.172,4980.619,80.724,target,11:35,19:35,4980.619,80.324,0.995,0.9901,no,,no,4893.535,4744.808,Y2
2026-02-04,Wed,18:45,10:45,15:45,short,4943.785,5017.935,4869.635,74.15,target,11:48,19:48,4869.635,73.75,0.9946,0.9892,no,,no,5090.145,4945.725,Y2
2026-02-06,Fri,16:15,08:15,13:15,long,4909.405,4778.665,5040.145,130.74,16:00 close,16:00,00:00,4953.098,43.293,0.3311,0.3281,no,,no,4902.975,4654.355,Y2
2026-02-09,Mon,18:45,10:45,15:45,long,5055.645,5006.725,5104.565,48.92,16:00 close,16:00,00:00,5079.385,23.34,0.4771,0.4689,no,,no,5045.615,4967.835,Y2
2026-02-10,Tue,17:30,09:30,14:30,long,5070.025,5032.045,5108.005,37.98,stop,09:48,17:48,5032.045,-38.38,-1.0105,-1.0211,no,,no,5055.935,5008.155,Y2
2026-02-11,Wed,12:45,04:45,09:45,long,5064.305,5046.025,5082.585,18.28,target,05:41,13:41,5082.585,17.88,0.9781,0.9562,yes,NFP,no,5064.295,5027.755,Y2
2026-02-12,Thu,18:00,10:00,15:00,short,5044.055,5061.182,5026.928,17.127,stop,10:10,18:10,5061.182,-17.527,-1.0234,-1.0467,no,,no,5077.995,5044.368,Y2
2026-02-13,Fri,17:15,09:15,14:15,long,4998.395,4955.23,5041.56,43.165,target,14:07,22:07,5041.56,42.765,0.9907,0.9815,yes,CPI,no,4996.955,4913.505,Y2
2026-02-18,Wed,16:00,08:00,13:00,long,4942.735,4898.846,4986.624,43.889,target,09:46,17:46,4986.624,43.489,0.9909,0.9818,no,,no,4939.845,4857.848,Y2
2026-02-20,Fri,12:15,04:15,09:15,long,5038.965,5005.495,5072.435,33.47,stop,10:06,18:06,5005.495,-33.87,-1.012,-1.0239,no,,no,5029.675,4981.315,Y2
2026-02-23,Mon,11:30,03:30,08:30,short,5124.885,5152.71,5097.06,27.825,stop,05:02,13:02,5152.71,-28.225,-1.0144,-1.0288,no,,no,5176.385,5129.035,Y2
2026-02-24,Tue,17:00,09:00,14:00,short,5114.635,5191.262,5038.008,76.627,16:00 close,16:00,00:00,5163.655,-49.42,-0.6449,-0.6502,no,,no,5237.825,5144.698,Y2
2026-02-25,Wed,20:00,12:00,17:00,long,5212.005,5173.435,5250.575,38.57,stop,15:45,23:45,5173.435,-38.97,-1.0104,-1.0207,no,,no,5210.335,5136.535,Y2
2026-02-26,Thu,18:30,10:30,15:30,short,5141.375,5180.025,5102.725,38.65,stop,10:45,18:45,5180.025,-39.05,-1.0103,-1.0207,no,,no,5205.215,5154.835,Y2
2026-02-27,Fri,16:15,08:15,13:15,long,5212.618,5183.305,5241.931,29.313,target,10:52,18:52,5241.931,28.913,0.9864,0.9727,yes,PPI,yes,5200.075,5166.535,Y2
2026-03-02,Mon,10:15,02:15,07:15,long,5405.745,5346.1,5465.39,59.645,stop,09:24,17:24,5346.1,-60.045,-1.0067,-1.0134,no,,no,5389.505,5302.695,Y2
2026-03-03,Tue,12:30,04:30,09:30,short,5241.765,5329.176,5154.354,87.411,target,06:28,14:28,5154.354,87.011,0.9954,0.9908,no,,no,5379.755,5278.598,Y2
2026-03-04,Wed,13:15,05:15,10:15,long,5197.658,5148.012,5247.304,49.646,stop,09:48,17:48,5148.012,-50.046,-1.0081,-1.0161,no,,no,5190.675,5105.348,Y2
2026-03-05,Thu,17:00,09:00,14:00,short,5117.755,5157.305,5078.205,39.55,target,10:08,18:08,5078.205,39.15,0.9899,0.9798,no,,no,5194.615,5119.995,Y2
2026-03-06,Fri,18:15,10:15,15:15,long,5148.845,5104.94,5192.75,43.905,16:00 close,16:00,00:00,5153.195,3.95,0.09,0.0809,yes,NFP,no,5143.665,5066.215,Y2
2026-03-10,Tue,11:45,04:45,08:45,long,5189.575,5155.522,5223.628,34.053,target,09:25,16:25,5223.628,33.653,0.9883,0.9765,no,,no,5186.578,5124.465,Y2
2026-03-11,Wed,11:30,04:30,08:30,short,5184.705,5204.755,5164.655,20.05,target,09:00,16:00,5164.655,19.65,0.98,0.9601,yes,CPI,no,5223.015,5186.495,Y2
2026-03-12,Thu,10:45,03:45,07:45,long,5178.675,5150.065,5207.285,28.61,stop,09:53,16:53,5150.065,-29.01,-1.014,-1.028,no,,no,5174.945,5125.185,Y2
2026-03-13,Fri,10:30,03:30,07:30,short,5084.645,5106.84,5062.45,22.195,target,04:22,11:22,5062.45,21.795,0.982,0.964,no,,no,5128.225,5085.455,Y2
2026-03-16,Mon,12:45,05:45,09:45,short,4981.295,5009.025,4953.565,27.73,stop,07:19,14:19,5009.025,-28.13,-1.0144,-1.0288,no,,no,5035.885,4982.165,Y2
2026-03-17,Tue,18:45,11:45,15:45,short,4984.225,5019.48,4948.97,35.255,16:00 close,16:00,23:00,5000.055,-16.23,-0.4604,-0.4717,no,,no,5044.355,4994.605,Y2
2026-03-18,Wed,13:45,06:45,10:45,short,4977.795,4998.745,4956.845,20.95,target,07:05,14:05,4956.845,20.55,0.9809,0.9618,yes,FOMC,no,5016.065,4981.425,Y2
2026-03-19,Thu,10:45,03:45,07:45,short,4739.375,4807.25,4671.5,67.875,target,06:20,13:20,4671.5,67.475,0.9941,0.9882,no,,no,4866.995,4747.505,Y2
2026-03-20,Fri,17:00,10:00,14:00,short,4616.085,4687.525,4544.645,71.44,target,11:25,18:25,4544.645,71.04,0.9944,0.9888,no,,no,4735.835,4639.215,Y2
2026-03-23,Mon,10:15,03:15,07:15,short,4129.598,4317.71,3941.486,188.112,stop,07:05,14:05,4317.71,-188.512,-1.0021,-1.0043,no,,no,4472.975,4162.445,Y2
2026-03-27,Fri,18:00,11:00,15:00,long,4509.495,4425.075,4593.915,84.42,16:00 close,16:00,23:00,4514.115,4.22,0.05,0.0452,no,,no,4474.915,4375.235,Y2
2026-03-30,Mon,09:15,02:15,07:15,long,4530.205,4472.94,4587.47,57.265,16:00 close,16:00,23:00,4513.095,-17.51,-0.3058,-0.3128,no,,no,4528.215,4417.665,Y2
2026-03-31,Tue,18:15,11:15,16:15,long,4622.825,4550.655,4694.995,72.17,16:00 close,16:00,23:00,4682.465,59.24,0.8208,0.8153,no,,no,4619.195,4482.115,Y2
2026-04-01,Wed,10:00,03:00,08:00,long,4730.115,4695.305,4764.925,34.81,target,10:53,17:53,4764.925,34.41,0.9885,0.977,no,,no,4724.005,4666.605,Y2
2026-04-02,Thu,09:15,02:15,07:15,short,4580.495,4692.795,4468.195,112.3,stop,10:36,17:36,4692.795,-112.7,-1.0036,-1.0071,no,,no,4800.185,4585.405,Y2
2026-04-06,Mon,11:00,04:00,09:00,long,4684.485,4639.415,4729.555,45.07,16:00 close,16:00,23:00,4655.098,-29.787,-0.6609,-0.6698,no,,no,4678.445,4600.385,Y2
2026-04-07,Tue,11:30,04:30,09:30,long,4677.968,4640.145,4715.791,37.823,stop,07:12,14:12,4640.145,-38.223,-1.0106,-1.0212,no,,no,4664.265,4616.025,Y2
2026-04-08,Wed,12:45,05:45,10:45,short,4782.185,4822.482,4741.889,40.296,target,10:56,17:56,4741.889,39.896,0.9901,0.9801,no,,no,4856.998,4787.965,Y2
2026-04-09,Thu,13:30,06:30,11:30,long,4737.885,4715.34,4760.43,22.545,target,09:35,16:35,4760.43,22.145,0.9823,0.9645,no,,no,4732.595,4698.085,Y2
2026-04-10,Fri,17:15,10:15,15:15,long,4779.965,4757.375,4802.555,22.59,stop,11:36,18:36,4757.375,-22.99,-1.0177,-1.0354,yes,CPI,no,4777.035,4737.715,Y2
2026-04-13,Mon,09:30,02:30,07:30,long,4731.375,4687.31,4775.44,44.065,16:00 close,16:00,23:00,4740.968,9.193,0.2086,0.1995,no,,no,4730.605,4644.015,Y2
2026-04-14,Tue,10:00,03:00,08:00,long,4782.005,4764.18,4799.83,17.825,stop,06:39,13:39,4764.18,-18.225,-1.0224,-1.0449,yes,PPI,yes,4777.075,4751.285,Y2
2026-04-15,Wed,10:00,03:00,08:00,short,4811.345,4841.805,4780.885,30.46,16:00 close,16:00,23:00,4795.605,15.34,0.5036,0.4905,no,,no,4871.165,4812.445,Y2
2026-04-16,Thu,13:15,06:15,11:15,short,4806.765,4822.642,4790.889,15.876,stop,08:00,15:00,4822.642,-16.276,-1.0252,-1.0504,no,,no,4838.335,4806.948,Y2
2026-04-17,Fri,15:30,08:30,13:30,long,4816.688,4786.968,4846.408,29.72,target,08:56,15:56,4846.408,29.32,0.9865,0.9731,no,,no,4805.935,4768.0,Y2
2026-04-20,Mon,16:15,09:15,14:15,long,4815.315,4775.335,4855.295,39.98,16:00 close,16:00,23:00,4814.135,-1.58,-0.0395,-0.0495,no,,no,4814.035,4736.635,Y2
2026-04-21,Tue,09:30,02:30,07:30,short,4778.555,4807.062,4750.049,28.506,target,10:40,17:40,4750.049,28.106,0.986,0.9719,no,,no,4831.338,4782.785,Y2
2026-04-23,Thu,13:15,06:15,11:15,short,4688.925,4722.832,4655.018,33.907,stop,08:00,15:00,4722.832,-34.307,-1.0118,-1.0236,no,,no,4753.585,4692.078,Y2
2026-04-24,Fri,14:30,07:30,12:30,long,4715.205,4684.21,4746.2,30.995,16:00 close,16:00,23:00,4716.265,0.66,0.0213,0.0084,no,,no,4710.935,4657.485,Y2
2026-04-27,Mon,19:00,12:00,17:00,short,4669.805,4700.95,4638.66,31.145,16:00 close,16:00,23:00,4680.695,-11.29,-0.3625,-0.3753,no,,no,4729.875,4672.025,Y2
2026-04-28,Tue,11:15,04:15,09:15,short,4620.095,4662.317,4577.874,42.222,target,07:37,14:37,4577.874,41.822,0.9905,0.9811,no,,no,4701.015,4623.618,Y2
2026-04-29,Wed,10:30,03:30,08:30,short,4575.055,4593.01,4557.1,17.955,target,04:37,11:37,4557.1,17.555,0.9777,0.9554,yes,FOMC,no,4610.195,4575.825,Y2
2026-04-30,Thu,10:00,03:00,08:00,long,4589.345,4561.362,4617.329,27.984,target,04:04,11:04,4617.329,27.584,0.9857,0.9714,no,,no,4582.178,4540.545,Y2
2026-05-01,Fri,09:15,02:15,07:15,short,4601.275,4619.185,4583.365,17.91,target,03:46,10:46,4583.365,17.51,0.9777,0.9553,no,,no,4635.695,4602.675,Y2
2026-05-04,Mon,09:45,02:45,07:45,short,4585.235,4605.626,4564.843,20.392,target,06:03,13:03,4564.843,19.992,0.9804,0.9608,no,,no,4620.458,4590.795,Y2
2026-05-05,Tue,10:15,03:15,08:15,long,4553.885,4532.31,4575.46,21.575,target,09:05,16:05,4575.46,21.175,0.9815,0.9629,no,,no,4551.355,4513.265,Y2
2026-05-06,Wed,09:30,02:30,07:30,long,4665.925,4616.256,4715.594,49.669,target,06:44,13:44,4715.594,49.269,0.9919,0.9839,no,,no,4663.605,4568.908,Y2
2026-05-07,Thu,09:45,02:45,07:45,long,4745.685,4703.095,4788.275,42.59,stop,13:25,20:25,4703.095,-42.99,-1.0094,-1.0188,no,,no,4721.225,4684.965,Y2
2026-05-08,Fri,09:30,02:30,07:30,long,4733.385,4708.296,4758.474,25.088,stop,03:22,10:22,4708.296,-25.488,-1.0159,-1.0319,yes,NFP,no,4732.615,4683.978,Y2
2026-05-11,Mon,16:15,09:15,14:15,long,4720.805,4676.535,4765.075,44.27,16:00 close,16:00,23:00,4733.315,12.11,0.2735,0.2645,no,,no,4705.245,4647.825,Y2
2026-05-12,Tue,09:15,02:15,07:15,short,4705.025,4740.905,4669.145,35.88,target,11:01,18:01,4669.145,35.48,0.9889,0.9777,yes,CPI,no,4773.335,4708.475,Y2
2026-05-13,Wed,15:30,08:30,13:30,short,4684.058,4706.908,4661.208,22.85,stop,12:24,19:24,4706.908,-23.25,-1.0175,-1.035,yes,PPI,yes,4726.618,4687.198,Y2
2026-05-15,Fri,11:30,04:30,09:30,short,4558.175,4611.785,4504.565,53.61,16:00 close,16:00,23:00,4545.585,12.19,0.2274,0.2199,no,,no,4665.145,4558.425,Y2
2026-05-18,Mon,14:45,07:45,12:45,long,4561.865,4515.885,4607.845,45.98,16:00 close,16:00,23:00,4558.305,-3.96,-0.0861,-0.0948,no,,no,4551.705,4480.065,Y2
2026-05-19,Tue,13:45,06:45,11:45,short,4529.085,4560.02,4498.15,30.935,target,09:28,16:28,4498.15,30.535,0.9871,0.9741,no,,no,4589.295,4530.745,Y2
2026-05-20,Wed,17:45,10:45,15:45,long,4520.345,4480.945,4559.745,39.4,16:00 close,16:00,23:00,4545.535,24.79,0.6292,0.619,no,,no,4508.745,4453.145,Y2
2026-05-21,Thu,10:30,03:30,08:30,short,4512.605,4544.455,4480.755,31.85,stop,13:21,20:21,4544.455,-32.25,-1.0126,-1.0251,no,,no,4570.725,4518.185,Y2
2026-05-22,Fri,17:15,10:15,15:15,short,4497.485,4525.786,4469.183,28.302,stop,12:30,19:30,4525.786,-28.702,-1.0141,-1.0283,no,,no,4544.595,4506.978,Y2
2026-05-27,Wed,09:30,02:30,07:30,short,4486.065,4509.455,4462.675,23.39,target,06:39,13:39,4462.675,22.99,0.9829,0.9658,no,,no,4527.555,4491.355,Y2
2026-05-28,Thu,17:15,10:15,15:15,long,4463.738,4412.201,4515.275,51.537,target,14:03,21:03,4515.275,51.137,0.9922,0.9845,no,,no,4458.355,4366.048,Y2
2026-05-29,Fri,10:00,03:00,08:00,long,4523.515,4504.565,4542.465,18.95,target,06:37,13:37,4542.465,18.55,0.9789,0.9578,no,,no,4520.445,4488.685,Y2
2026-06-01,Mon,09:45,02:45,07:45,short,4504.385,4527.045,4481.725,22.66,target,09:11,16:11,4481.725,22.26,0.9823,0.9647,no,,no,4545.695,4508.395,Y2
2026-06-02,Tue,09:30,02:30,07:30,long,4532.815,4495.317,4570.313,37.498,stop,10:00,17:00,4495.317,-37.898,-1.0107,-1.0213,no,,no,4527.975,4462.658,Y2
2026-06-03,Wed,10:30,03:30,08:30,short,4456.005,4476.406,4435.604,20.401,target,09:42,16:42,4435.604,20.001,0.9804,0.9608,no,,no,4496.515,4456.298,Y2
2026-06-04,Thu,14:30,07:30,12:30,long,4489.445,4463.395,4515.495,26.05,stop,10:51,17:51,4463.395,-26.45,-1.0154,-1.0307,no,,no,4483.845,4442.945,Y2
2026-06-05,Fri,16:00,09:00,14:00,short,4406.075,4454.445,4357.705,48.37,target,10:22,17:22,4357.705,47.97,0.9917,0.9835,yes,NFP,no,4473.915,4434.975,Y2
2026-06-09,Tue,17:45,10:45,15:45,short,4284.708,4331.835,4237.581,47.127,target,12:39,19:39,4237.581,46.727,0.9915,0.983,no,,no,4351.075,4312.595,Y2
2026-06-10,Wed,11:15,04:15,09:15,short,4166.405,4209.496,4123.313,43.092,target,10:57,17:57,4123.313,42.692,0.9907,0.9814,yes,CPI,no,4246.858,4172.135,Y2
2026-06-15,Mon,11:45,04:45,09:45,long,4340.745,4308.155,4373.335,32.59,16:00 close,16:00,23:00,4320.525,-20.62,-0.6327,-0.645,no,,no,4335.425,4280.885,Y2
2026-06-16,Tue,11:00,04:00,09:00,long,4334.945,4319.755,4350.135,15.19,target,08:46,15:46,4350.135,14.79,0.9737,0.9473,no,,no,4332.845,4306.665,Y2
2026-06-17,Wed,17:30,10:30,15:30,long,4360.078,4333.415,4386.741,26.663,stop,10:47,17:47,4333.415,-27.063,-1.015,-1.03,yes,FOMC,no,4349.415,4317.415,Y2
2026-06-18,Thu,14:00,07:00,12:00,short,4255.325,4296.756,4213.894,41.431,target,15:02,22:02,4213.894,41.031,0.9903,0.9807,no,,no,4329.865,4263.648,Y2
2026-06-23,Tue,09:45,02:45,07:45,short,4113.285,4156.465,4070.105,43.18,16:00 close,16:00,23:00,4111.435,1.45,0.0336,0.0243,no,,no,4198.435,4114.495,Y2
2026-06-24,Wed,14:15,07:15,12:15,short,4045.625,4081.075,4010.175,35.45,target,08:25,15:25,4010.175,35.05,0.9887,0.9774,no,,no,4111.965,4050.185,Y2
2026-06-25,Thu,16:15,09:15,14:15,long,4030.775,3990.07,4071.48,40.705,16:00 close,16:00,23:00,4026.525,-4.65,-0.1142,-0.1241,no,,no,4018.385,3961.755,Y2
2026-06-26,Fri,10:00,03:00,08:00,long,4031.855,4006.405,4057.305,25.45,target,08:58,15:58,4057.305,25.05,0.9843,0.9686,no,,no,4030.175,3982.635,Y2
2026-06-29,Mon,13:00,06:00,11:00,short,4031.465,4057.265,4005.665,25.8,target,10:15,17:15,4005.665,25.4,0.9845,0.969,no,,no,4075.515,4039.015,Y2
2026-06-30,Tue,09:45,02:45,07:45,long,4024.535,3981.828,4067.242,42.707,16:00 close,16:00,23:00,4015.605,-9.33,-0.2185,-0.2278,no,,no,4022.128,3941.528,Y2
2026-07-01,Wed,09:15,02:15,07:15,short,3964.915,3993.625,3936.205,28.71,stop,06:37,13:37,3993.625,-29.11,-1.0139,-1.0279,no,,no,4017.655,3969.595,B
2026-07-02,Thu,09:30,02:30,07:30,long,4073.995,4052.245,4095.745,21.75,target,08:30,15:30,4095.745,21.35,0.9816,0.9632,yes,NFP,no,4073.965,4030.525,B
2026-07-07,Tue,15:15,08:15,13:15,long,4173.085,4141.015,4205.155,32.07,stop,11:51,18:51,4141.015,-32.47,-1.0125,-1.0249,no,,no,4165.515,4116.515,B
2026-07-08,Wed,11:30,04:30,09:30,short,4088.445,4114.535,4062.355,26.09,target,04:41,11:41,4062.355,25.69,0.9847,0.9693,no,,no,4133.685,4095.385,B
2026-07-09,Thu,09:15,02:15,07:15,long,4091.795,4071.88,4111.71,19.915,target,04:17,11:17,4111.71,19.515,0.9799,0.9598,no,,no,4089.775,4053.985,B
2026-07-10,Fri,10:45,03:45,08:45,short,4106.595,4121.255,4091.935,14.66,target,09:27,16:27,4091.935,14.26,0.9727,0.9454,no,,no,4134.555,4107.955,B
2026-07-13,Mon,17:00,10:00,15:00,short,4043.035,4070.445,4015.625,27.41,target,10:16,17:16,4015.625,27.01,0.9854,0.9708,no,,no,4090.805,4050.085,B
2026-07-14,Tue,15:45,08:45,13:45,long,4092.615,4008.645,4176.585,83.97,16:00 close,16:00,23:00,4055.555,-37.46,-0.4461,-0.4509,yes,CPI,no,4034.005,3983.285,B
2026-07-15,Wed,11:15,04:15,09:15,short,4017.705,4041.77,3993.64,24.065,stop,08:04,15:04,4041.77,-24.465,-1.0166,-1.0332,yes,PPI,no,4061.875,4021.665,B
2026-07-16,Thu,15:45,08:45,13:45,short,4002.545,4042.43,3962.66,39.885,16:00 close,16:00,23:00,3979.795,22.35,0.5604,0.5503,no,,no,4061.275,4023.585,B
2026-07-17,Fri,15:45,08:45,13:45,short,3969.415,3989.405,3949.425,19.99,stop,09:38,16:38,3989.405,-20.39,-1.02,-1.04,no,,no,4008.395,3970.415,B
2026-07-20,Mon,14:45,07:45,12:45,long,4032.285,4005.39,4059.18,26.895,stop,09:58,16:58,4005.39,-27.295,-1.0149,-1.0297,no,,no,4028.845,3981.935,B
2026-07-21,Tue,09:15,02:15,07:15,long,4071.025,4033.49,4108.56,37.535,16:00 close,16:00,23:00,4084.435,13.01,0.3466,0.336,no,,no,4067.445,3999.535,B
2026-07-22,Wed,16:45,09:45,14:45,long,4142.605,4108.895,4176.315,33.71,16:00 close,16:00,23:00,4131.675,-11.33,-0.3361,-0.348,no,,no,4141.465,4076.325,B
2026-07-23,Thu,10:15,03:15,08:15,short,4106.445,4126.355,4086.535,19.91,target,06:21,13:21,4086.535,19.51,0.9799,0.9598,no,,no,4140.895,4111.815,B
2026-07-24,Fri,11:30,04:30,09:30,long,4052.355,4036.255,4068.455,16.1,target,10:00,17:00,4068.455,15.7,0.9752,0.9503,no,,no,4050.845,4021.665,B
2026-07-27,Mon,16:30,09:30,14:30,short,4075.845,4098.385,4053.305,22.54,16:00 close,16:00,23:00,4083.075,-7.63,-0.3385,-0.3563,no,,no,4116.145,4080.625,B
2026-07-28,Tue,12:45,05:45,10:45,short,4033.025,4054.61,4011.44,21.585,target,10:23,17:23,4011.44,21.185,0.9815,0.9629,no,,no,4074.805,4034.415,B
2026-07-29,Wed,09:30,02:30,07:30,long,4040.775,4024.905,4056.645,15.87,stop,07:07,14:07,4024.905,-16.27,-1.0252,-1.0504,yes,FOMC,no,4039.755,4010.055,B
2026-07-30,Thu,17:00,10:00,15:00,long,4112.055,4063.69,4160.42,48.365,16:00 close,16:00,23:00,4111.775,-0.68,-0.0141,-0.0223,no,,no,4099.225,4028.155,B
2026-07-31,Fri,11:00,04:00,09:00,short,4067.455,4091.45,4043.46,23.995,target,08:42,15:42,4043.46,23.595,0.9833,0.9667,no,,no,4111.305,4071.595,B
2026-08-03,Mon,15:45,08:45,13:45,short,4044.855,4063.12,4026.59,18.265,target,09:36,16:36,4026.59,17.865,0.9781,0.9562,no,,no,4079.155,4047.085,B
2026-08-04,Tue,14:45,07:45,12:45,long,4069.455,4055.68,4083.23,13.775,target,07:52,14:52,4083.23,13.375,0.971,0.9419,no,,no,4069.015,4042.345,B
2026-08-05,Wed,09:15,02:15,07:15,long,4173.045,4118.855,4227.235,54.19,target,10:09,17:09,4227.235,53.79,0.9926,0.9852,no,,no,4172.645,4065.065,B
2026-08-06,Thu,16:15,09:15,14:15,short,4238.245,4275.335,4201.155,37.09,16:00 close,16:00,23:00,4248.645,-10.8,-0.2912,-0.302,no,,no,4303.745,4246.925,B
2026-08-07,Fri,09:15,02:15,07:15,long,4286.425,4254.87,4317.98,31.555,target,05:44,12:44,4317.98,31.155,0.9873,0.9746,yes,NFP,no,4280.355,4229.385,B
2026-08-10,Mon,09:45,02:45,07:45,long,4354.875,4332.375,4377.375,22.5,stop,07:13,14:13,4332.375,-22.9,-1.0178,-1.0356,no,,no,4351.815,4312.935,B
2026-08-11,Tue,09:30,02:30,07:30,short,4363.195,4401.02,4325.37,37.825,stop,09:41,16:41,4401.045,-38.25,-1.0112,-1.0218,no,,no,4434.965,4367.075,B
2026-08-12,Wed,13:00,06:00,11:00,long,4415.525,4388.47,4442.58,27.055,stop,08:31,15:31,4388.47,-27.455,-1.0148,-1.0296,yes,CPI,no,4415.445,4361.495,B
2026-08-13,Thu,09:15,02:15,07:15,short,4375.645,4414.89,4336.4,39.245,16:00 close,16:00,23:00,4349.925,25.32,0.6452,0.635,yes,PPI,no,4449.455,4380.325,B
2026-08-14,Fri,15:00,08:00,13:00,long,4369.035,4337.19,4400.88,31.845,16:00 close,16:00,23:00,4375.875,6.44,0.2022,0.1897,no,,no,4364.005,4310.375,B
2026-08-17,Mon,17:30,10:30,15:30,long,4417.975,4391.55,4444.4,26.425,16:00 close,16:00,23:00,4419.715,1.34,0.0507,0.0356,no,,no,4416.235,4366.865,B
2026-08-18,Tue,17:45,10:45,15:45,short,4379.395,4410.775,4348.015,31.38,target,15:48,22:48,4348.015,30.98,0.9873,0.9745,no,,no,4435.905,4385.645,B
2026-08-19,Wed,11:45,04:45,09:45,long,4362.275,4342.885,4381.665,19.39,target,08:35,15:35,4381.665,18.99,0.9794,0.9587,no,,no,4361.845,4323.925,B
2026-08-20,Thu,14:45,07:45,12:45,short,4474.575,4500.015,4449.135,25.44,stop,10:36,17:36,4500.015,-25.84,-1.0157,-1.0314,no,,no,4522.515,4477.515,B
2026-08-21,Fri,09:45,02:45,07:45,long,4562.305,4532.29,4592.32,30.015,target,05:08,12:08,4592.32,29.615,0.9867,0.9733,no,,no,4556.035,4508.545,B
2026-08-24,Mon,14:45,07:45,12:45,long,4658.495,4625.385,4691.605,33.11,stop,14:09,21:09,4625.385,-33.51,-1.0121,-1.0242,no,,no,4656.765,4594.005,B
2026-08-25,Tue,16:30,09:30,14:30,short,4609.485,4656.725,4562.245,47.24,stop,11:36,18:36,4656.725,-47.64,-1.0085,-1.0169,no,,no,4696.635,4616.815,B
2026-08-26,Wed,09:30,02:30,07:30,short,4626.565,4650.69,4602.44,24.125,target,09:16,16:16,4602.44,23.725,0.9834,0.9668,no,,no,4672.145,4629.235,B
2026-08-27,Thu,10:00,03:00,08:00,short,4600.065,4621.35,4578.78,21.285,target,05:37,12:37,4578.78,20.885,0.9812,0.9624,no,,no,4642.535,4600.165,B
2026-08-28,Fri,10:00,03:00,08:00,long,4612.435,4590.385,4634.485,22.05,stop,08:36,15:36,4590.385,-22.45,-1.0181,-1.0363,no,,no,4609.685,4571.085,B
2026-09-01,Tue,10:45,03:45,08:45,short,4418.045,4442.385,4393.705,24.34,target,04:09,11:09,4393.705,23.94,0.9836,0.9671,no,,no,4461.275,4423.495,B
2026-09-02,Wed,15:30,08:30,13:30,long,4336.165,4308.845,4363.485,27.32,target,09:30,16:30,4363.485,26.92,0.9854,0.9707,no,,no,4335.655,4282.035,B
2026-09-03,Thu,15:00,08:00,13:00,long,4443.965,4410.445,4477.485,33.52,target,08:38,15:38,4477.485,33.12,0.9881,0.9761,no,,no,4440.145,4380.745,B
2026-09-04,Fri,09:45,02:45,07:45,short,4463.905,4476.08,4451.73,12.175,stop,03:37,10:37,4476.08,-12.575,-1.0329,-1.0657,yes,NFP,no,4487.015,4465.145,B
2026-09-09,Wed,09:15,02:15,07:15,long,4401.135,4370.865,4431.405,30.27,target,09:30,16:30,4431.405,29.87,0.9868,0.9736,no,,no,4400.765,4340.965,B
2026-09-10,Thu,13:45,06:45,11:45,short,4383.585,4410.266,4356.904,26.681,target,08:31,15:31,4356.904,26.281,0.985,0.97,yes,PPI,no,4431.135,4389.398,B
2026-09-11,Fri,09:15,02:15,07:15,long,4358.735,4326.131,4391.338,32.604,stop,08:09,15:09,4326.131,-33.004,-1.0123,-1.0245,yes,CPI,no,4351.768,4300.495,B
2026-09-14,Mon,10:30,03:30,08:30,short,4316.735,4338.556,4294.914,21.821,target,05:19,12:19,4294.914,21.421,0.9817,0.9633,no,,no,4355.277,4321.835,B
2026-09-15,Tue,11:00,04:00,09:00,short,4280.655,4300.172,4261.138,19.517,target,04:59,11:59,4261.138,19.117,0.9795,0.959,no,,no,4317.245,4283.098,B
2026-09-16,Wed,13:15,06:15,11:15,long,4342.615,4307.935,4377.295,34.68,stop,14:14,21:14,4307.935,-35.08,-1.0115,-1.0231,yes,FOMC,no,4340.715,4275.155,B
2026-09-17,Thu,10:15,03:15,08:15,long,4322.855,4287.835,4357.875,35.02,target,08:16,15:16,4357.875,34.62,0.9886,0.9772,no,,no,4318.125,4257.545,B
2026-09-18,Fri,09:15,02:15,07:15,long,4388.495,4356.015,4420.975,32.48,stop,08:27,15:27,4356.015,-32.88,-1.0123,-1.0246,no,,no,4377.925,4334.105,B
2026-09-21,Mon,09:30,02:30,07:30,short,4346.975,4366.045,4327.905,19.07,stop,07:44,14:44,4366.045,-19.47,-1.021,-1.042,no,,no,4383.165,4348.925,B
2026-09-22,Tue,10:30,03:30,08:30,short,4315.195,4345.778,4284.612,30.583,stop,13:52,20:52,4345.778,-30.983,-1.0131,-1.0262,no,,no,4375.67,4315.885,B
2026-09-23,Wed,10:15,03:15,08:15,short,4324.605,4348.46,4300.75,23.855,target,07:32,14:32,4300.75,23.455,0.9832,0.9665,no,,no,4369.185,4327.735,B
2026-09-24,Thu,11:30,04:30,09:30,short,4264.305,4288.005,4240.605,23.7,stop,12:18,19:18,4288.005,-24.1,-1.0169,-1.0338,no,,no,4302.865,4273.145,B
2026-09-29,Tue,09:15,02:15,07:15,long,4146.605,4129.005,4164.205,17.6,target,09:53,16:53,4164.205,17.2,0.9773,0.9545,no,,no,4144.855,4113.155,B
2026-09-30,Wed,10:00,03:00,08:00,long,4190.575,4176.375,4204.775,14.2,stop,07:20,14:20,4176.375,-14.6,-1.0282,-1.0563,no,,no,4187.495,4165.255,B
