week,monday,period,trades,wins,losses,R,notes,cum
03 Oct 2022 – 07 Oct 2022,2022-10-03,C,4,3,1,0.9861232587431068,1 closed at 16:00 NY,0.9861232587431068
10 Oct 2022 – 14 Oct 2022,2022-10-10,C,4,2,2,-0.9182415526862598,news: PPI +0.2; 1 closed at 16:00 NY,0.06788170605684696
17 Oct 2022 – 21 Oct 2022,2022-10-17,C,5,2,3,-0.17191389239453614,2 closed at 16:00 NY,-0.10403218633768918
24 Oct 2022 – 28 Oct 2022,2022-10-24,C,4,2,2,-0.9794408776576037,3 closed at 16:00 NY,-1.0834730639952928
31 Oct 2022 – 04 Nov 2022,2022-10-31,C,4,2,2,0.802722118727914,"news: FOMC -1.0, NFP +1.0; 1 closed at 16:00 NY",-0.28075094526737876
07 Nov 2022 – 11 Nov 2022,2022-11-07,C,2,1,1,-0.9264433119409032,1 closed at 16:00 NY,-1.207194257208282
14 Nov 2022 – 18 Nov 2022,2022-11-14,C,4,1,3,-1.7216312613957183,news: PPI +0.1; 3 closed at 16:00 NY,-2.9288255186040004
21 Nov 2022 – 25 Nov 2022,2022-11-21,C,2,1,1,-0.07736910723871271,,-3.006194625842713
28 Nov 2022 – 02 Dec 2022,2022-11-28,C,4,2,2,0.703736770962768,news: NFP -0.8; 2 closed at 16:00 NY,-2.302457854879945
05 Dec 2022 – 09 Dec 2022,2022-12-05,C,3,1,2,-0.06480734033365321,news: PPI -0.4; 2 closed at 16:00 NY,-2.3672651952135983
12 Dec 2022 – 16 Dec 2022,2022-12-12,C,3,1,2,-1.4740708945490502,1 closed at 16:00 NY,-3.8413360897626485
19 Dec 2022 – 23 Dec 2022,2022-12-19,C,1,1,0,0.969558599695586,,-2.8717774900670623
26 Dec 2022 – 30 Dec 2022,2022-12-26,C,0,0,0,0.0,,-2.8717774900670623
02 Jan 2023 – 06 Jan 2023,2023-01-02,C,4,3,1,1.7258978063440926,news: NFP +1.0; 2 closed at 16:00 NY,-1.1458796837229697
09 Jan 2023 – 13 Jan 2023,2023-01-09,C,4,2,2,-0.9333590207711625,news: CPI -1.0; 1 closed at 16:00 NY,-2.079238704494132
16 Jan 2023 – 20 Jan 2023,2023-01-16,C,3,1,2,-0.6505544960162218,news: PPI -0.6; 1 closed at 16:00 NY,-2.729793200510354
23 Jan 2023 – 27 Jan 2023,2023-01-23,C,4,1,3,-1.8494509329483075,1 closed at 16:00 NY,-4.579244133458662
30 Jan 2023 – 03 Feb 2023,2023-01-30,C,1,0,1,-1.0456725279744234,,-5.624916661433085
06 Feb 2023 – 10 Feb 2023,2023-02-06,C,4,0,4,-3.282102973971066,1 closed at 16:00 NY,-8.90701963540415
13 Feb 2023 – 17 Feb 2023,2023-02-13,C,5,1,4,-3.050145287043038,"news: CPI -1.0, PPI -1.0; 2 closed at 16:00 NY",-11.957164922447188
20 Feb 2023 – 24 Feb 2023,2023-02-20,C,0,0,0,0.0,C data gap: most days skipped,-11.957164922447188
27 Feb 2023 – 03 Mar 2023,2023-02-27,C,0,0,0,0.0,C data gap: most days skipped,-11.957164922447188
06 Mar 2023 – 10 Mar 2023,2023-03-06,C,0,0,0,0.0,C data gap: most days skipped,-11.957164922447188
13 Mar 2023 – 17 Mar 2023,2023-03-13,C,0,0,0,0.0,C data gap: most days skipped,-11.957164922447188
20 Mar 2023 – 24 Mar 2023,2023-03-20,C,0,0,0,0.0,C data gap: most days skipped,-11.957164922447188
27 Mar 2023 – 31 Mar 2023,2023-03-27,C,0,0,0,0.0,C data gap: most days skipped,-11.957164922447188
03 Apr 2023 – 07 Apr 2023,2023-04-03,C,0,0,0,0.0,C data gap: most days skipped,-11.957164922447188
10 Apr 2023 – 14 Apr 2023,2023-04-10,C,0,0,0,0.0,C data gap: most days skipped,-11.957164922447188
17 Apr 2023 – 21 Apr 2023,2023-04-17,C,0,0,0,0.0,C data gap: most days skipped,-11.957164922447188
24 Apr 2023 – 28 Apr 2023,2023-04-24,C,0,0,0,0.0,C data gap: most days skipped,-11.957164922447188
01 May 2023 – 05 May 2023,2023-05-01,C,0,0,0,0.0,C data gap: most days skipped,-11.957164922447188
08 May 2023 – 12 May 2023,2023-05-08,C,0,0,0,0.0,C data gap: most days skipped,-11.957164922447188
15 May 2023 – 19 May 2023,2023-05-15,C,0,0,0,0.0,C data gap: most days skipped,-11.957164922447188
22 May 2023 – 26 May 2023,2023-05-22,C,0,0,0,0.0,C data gap: most days skipped,-11.957164922447188
29 May 2023 – 02 Jun 2023,2023-05-29,C,0,0,0,0.0,C data gap: most days skipped,-11.957164922447188
05 Jun 2023 – 09 Jun 2023,2023-06-05,C,0,0,0,0.0,C data gap: most days skipped,-11.957164922447188
12 Jun 2023 – 16 Jun 2023,2023-06-12,C,0,0,0,0.0,C data gap: most days skipped,-11.957164922447188
19 Jun 2023 – 23 Jun 2023,2023-06-19,C,0,0,0,0.0,C data gap: most days skipped,-11.957164922447188
26 Jun 2023 – 30 Jun 2023,2023-06-26,C,0,0,0,0.0,C data gap: most days skipped,-11.957164922447188
03 Jul 2023 – 07 Jul 2023,2023-07-03,C,0,0,0,0.0,C data gap: most days skipped,-11.957164922447188
10 Jul 2023 – 14 Jul 2023,2023-07-10,C,0,0,0,0.0,C data gap: most days skipped,-11.957164922447188
17 Jul 2023 – 21 Jul 2023,2023-07-17,C,0,0,0,0.0,C data gap: most days skipped,-11.957164922447188
24 Jul 2023 – 28 Jul 2023,2023-07-24,C,0,0,0,0.0,C data gap: most days skipped,-11.957164922447188
31 Jul 2023 – 04 Aug 2023,2023-07-31,C,2,2,0,1.9069014369560817,,-10.050263485491106
07 Aug 2023 – 11 Aug 2023,2023-08-07,C,2,1,1,0.8414959231302288,1 closed at 16:00 NY,-9.208767562360878
14 Aug 2023 – 18 Aug 2023,2023-08-14,C,0,0,0,0.0,,-9.208767562360878
21 Aug 2023 – 25 Aug 2023,2023-08-21,C,1,0,1,-0.2274092508366944,1 closed at 16:00 NY,-9.436176813197573
28 Aug 2023 – 01 Sep 2023,2023-08-28,C,0,0,0,0.0,,-9.436176813197573
04 Sep 2023 – 08 Sep 2023,2023-09-04,C,1,0,1,-1.0444444444444445,,-10.480621257642017
11 Sep 2023 – 15 Sep 2023,2023-09-11,C,1,0,1,-0.513283466597885,1 closed at 16:00 NY,-10.993904724239902
18 Sep 2023 – 22 Sep 2023,2023-09-18,C,1,1,0,0.95,,-10.043904724239903
25 Sep 2023 – 29 Sep 2023,2023-09-25,C,1,1,0,0.9520383693045563,,-9.091866354935346
02 Oct 2023 – 06 Oct 2023,2023-10-02,A,2,1,1,0.5717815665925376,1 closed at 16:00 NY,-8.520084788342809
09 Oct 2023 – 13 Oct 2023,2023-10-09,A,1,1,0,0.9553072625698323,,-7.564777525772977
16 Oct 2023 – 20 Oct 2023,2023-10-16,A,5,3,2,1.598452296849929,3 closed at 16:00 NY,-5.966325228923047
23 Oct 2023 – 27 Oct 2023,2023-10-23,A,5,1,4,-2.5856172643337576,1 closed at 16:00 NY,-8.551942493256805
30 Oct 2023 – 03 Nov 2023,2023-10-30,A,2,0,2,-1.2447739539258373,news: FOMC -1.0; 1 closed at 16:00 NY,-9.796716447182643
06 Nov 2023 – 10 Nov 2023,2023-11-06,A,2,2,0,1.2096890719910536,1 closed at 16:00 NY,-8.587027375191589
13 Nov 2023 – 17 Nov 2023,2023-11-13,A,4,2,2,-0.14940965805213924,"news: CPI +1.0, PPI -1.0",-8.736437033243728
20 Nov 2023 – 24 Nov 2023,2023-11-20,A,2,1,1,-0.18808930263886983,2 closed at 16:00 NY,-8.924526335882598
27 Nov 2023 – 01 Dec 2023,2023-11-27,A,1,0,1,-0.3268599033816425,1 closed at 16:00 NY,-9.25138623926424
04 Dec 2023 – 08 Dec 2023,2023-12-04,A,3,2,1,1.578845679020642,2 closed at 16:00 NY,-7.672540560243599
11 Dec 2023 – 15 Dec 2023,2023-12-11,A,4,2,2,-0.14632023862482646,"news: CPI -1.0, PPI+FOMC +1.0",-7.8188607988684256
18 Dec 2023 – 22 Dec 2023,2023-12-18,A,2,1,1,0.037957907853469475,2 closed at 16:00 NY,-7.780902891014956
25 Dec 2023 – 29 Dec 2023,2023-12-25,A,2,1,1,-0.08346660639475034,,-7.864369497409706
01 Jan 2024 – 05 Jan 2024,2024-01-01,A,3,1,2,-1.110815544942263,news: NFP +1.0,-8.975185042351969
08 Jan 2024 – 12 Jan 2024,2024-01-08,A,3,0,3,-2.170414509480699,news: CPI -1.0; 1 closed at 16:00 NY,-11.145599551832667
15 Jan 2024 – 19 Jan 2024,2024-01-15,A,1,1,0,0.27290260366441654,1 closed at 16:00 NY,-10.872696948168251
22 Jan 2024 – 26 Jan 2024,2024-01-22,A,2,0,2,-1.2646341882102516,1 closed at 16:00 NY,-12.137331136378503
29 Jan 2024 – 02 Feb 2024,2024-01-29,A,4,3,1,0.1641587029605749,news: NFP +0.1; 2 closed at 16:00 NY,-11.973172433417927
05 Feb 2024 – 09 Feb 2024,2024-02-05,A,2,1,1,0.9223557016614888,1 closed at 16:00 NY,-11.050816731756438
12 Feb 2024 – 16 Feb 2024,2024-02-12,A,0,0,0,0.0,,-11.050816731756438
19 Feb 2024 – 23 Feb 2024,2024-02-19,A,1,0,1,-1.0406091370558377,,-12.091425868812276
26 Feb 2024 – 01 Mar 2024,2024-02-26,A,0,0,0,0.0,,-12.091425868812276
04 Mar 2024 – 08 Mar 2024,2024-03-04,A,2,2,0,1.9200564870331143,news: NFP +1.0,-10.171369381779162
11 Mar 2024 – 15 Mar 2024,2024-03-11,A,4,2,2,0.4837001410783184,"news: CPI +1.0, PPI +1.0; 1 closed at 16:00 NY",-9.687669240700844
18 Mar 2024 – 22 Mar 2024,2024-03-18,A,4,3,1,0.7378873148239032,3 closed at 16:00 NY,-8.949781925876941
25 Mar 2024 – 29 Mar 2024,2024-03-25,A,4,3,1,1.6431126884988014,2 closed at 16:00 NY,-7.30666923737814
01 Apr 2024 – 05 Apr 2024,2024-04-01,A,5,3,2,1.6048780842076074,news: NFP +1.0; 1 closed at 16:00 NY,-5.701791153170532
08 Apr 2024 – 12 Apr 2024,2024-04-08,A,4,2,2,0.09447596905787137,"news: CPI +0.4, PPI -1.0; 2 closed at 16:00 NY",-5.607315184112661
15 Apr 2024 – 19 Apr 2024,2024-04-15,A,4,2,2,-1.0284038555211985,1 closed at 16:00 NY,-6.63571903963386
22 Apr 2024 – 26 Apr 2024,2024-04-22,A,5,3,2,1.209386576243933,1 closed at 16:00 NY,-5.426332463389927
29 Apr 2024 – 03 May 2024,2024-04-29,A,5,3,2,1.768752773303691,"news: FOMC +1.0, NFP -1.0; 1 closed at 16:00 NY",-3.657579690086236
06 May 2024 – 10 May 2024,2024-05-06,A,5,3,2,0.5207774896755942,3 closed at 16:00 NY,-3.1368022004106417
13 May 2024 – 17 May 2024,2024-05-13,A,4,4,0,3.8635040693048834,news: PPI +1.0,0.7267018688942417
20 May 2024 – 24 May 2024,2024-05-20,A,4,2,2,0.9607178245278751,3 closed at 16:00 NY,1.6874196934221168
27 May 2024 – 31 May 2024,2024-05-27,A,2,1,1,-0.9988662800046317,1 closed at 16:00 NY,0.6885534134174851
03 Jun 2024 – 07 Jun 2024,2024-06-03,A,5,4,1,3.4093580201881295,news: NFP +1.0; 2 closed at 16:00 NY,4.097911433605614
10 Jun 2024 – 14 Jun 2024,2024-06-10,A,5,2,3,-1.5242385368089013,"news: CPI+FOMC -0.5, PPI -1.0; 2 closed at 16:00 NY",2.573672896796713
17 Jun 2024 – 21 Jun 2024,2024-06-17,A,2,0,2,-1.3378041388818351,1 closed at 16:00 NY,1.235868757914878
24 Jun 2024 – 28 Jun 2024,2024-06-24,A,4,3,1,0.8969408619091654,2 closed at 16:00 NY,2.1328096198240436
01 Jul 2024 – 05 Jul 2024,2024-07-01,A,3,2,1,0.07747167699762614,1 closed at 16:00 NY,2.2102812968216696
08 Jul 2024 – 12 Jul 2024,2024-07-08,A,5,4,1,2.8049536587479613,"news: CPI +1.0, PPI +1.0",5.015234955569631
15 Jul 2024 – 19 Jul 2024,2024-07-15,A,5,2,3,-1.5149739465698617,1 closed at 16:00 NY,3.500261008999769
22 Jul 2024 – 26 Jul 2024,2024-07-22,A,5,3,2,-0.9201067736833307,2 closed at 16:00 NY,2.580154235316438
29 Jul 2024 – 02 Aug 2024,2024-07-29,A,5,3,2,0.8944342663377394,"news: FOMC +1.0, NFP -1.0",3.4745885016541775
05 Aug 2024 – 09 Aug 2024,2024-08-05,A,5,3,2,0.6496478111220342,4 closed at 16:00 NY,4.124236312776212
12 Aug 2024 – 16 Aug 2024,2024-08-12,A,4,3,1,1.8743129508180725,news: CPI -1.0,5.998549263594285
19 Aug 2024 – 23 Aug 2024,2024-08-19,A,5,3,2,0.8398365214941033,,6.838385785088388
26 Aug 2024 – 30 Aug 2024,2024-08-26,A,5,1,4,-2.267019182466227,1 closed at 16:00 NY,4.571366602622161
02 Sep 2024 – 06 Sep 2024,2024-09-02,A,2,1,1,-0.0740416250559065,news: NFP -1.0,4.4973249775662545
09 Sep 2024 – 13 Sep 2024,2024-09-09,A,4,2,2,-0.1376538328734107,"news: CPI -1.0, PPI +1.0",4.359671144692844
16 Sep 2024 – 20 Sep 2024,2024-09-16,A,4,4,0,3.3101548417783677,news: FOMC +1.0; 1 closed at 16:00 NY,7.669825986471212
23 Sep 2024 – 27 Sep 2024,2024-09-23,A,5,2,3,-0.5002582454936315,1 closed at 16:00 NY,7.16956774097758
30 Sep 2024 – 04 Oct 2024,2024-09-30,A/Y1,5,2,3,-0.9246304924094312,news: NFP -1.0; 3 closed at 16:00 NY,6.244937248568149
07 Oct 2024 – 11 Oct 2024,2024-10-07,Y1,5,2,3,-2.440809781378261,"news: CPI -1.0, PPI +0.4; 2 closed at 16:00 NY",3.8041274671898884
14 Oct 2024 – 18 Oct 2024,2024-10-14,Y1,5,3,2,-0.8998222598492315,4 closed at 16:00 NY,2.904305207340657
21 Oct 2024 – 25 Oct 2024,2024-10-21,Y1,5,2,3,-1.942970250378771,2 closed at 16:00 NY,0.9613349569618861
28 Oct 2024 – 01 Nov 2024,2024-10-28,Y1,4,2,2,-0.44967263678130576,news: NFP -1.0; 1 closed at 16:00 NY,0.5116623201805803
04 Nov 2024 – 08 Nov 2024,2024-11-04,Y1,5,3,2,0.738226319587686,news: FOMC +1.0; 3 closed at 16:00 NY,1.2498886397682663
11 Nov 2024 – 15 Nov 2024,2024-11-11,Y1,5,1,4,-1.7445615336349294,"news: CPI -1.0, PPI -1.0; 2 closed at 16:00 NY",-0.49467289386666313
18 Nov 2024 – 22 Nov 2024,2024-11-18,Y1,5,4,1,0.5245258984048621,4 closed at 16:00 NY,0.029853004538198946
25 Nov 2024 – 29 Nov 2024,2024-11-25,Y1,3,1,2,-0.34614484209415924,3 closed at 16:00 NY,-0.3162918375559603
02 Dec 2024 – 06 Dec 2024,2024-12-02,Y1,3,1,2,-0.6530596127836578,1 closed at 16:00 NY,-0.9693514503396181
09 Dec 2024 – 13 Dec 2024,2024-12-09,Y1,5,5,0,3.1101340903452486,"news: CPI +0.3, PPI +0.6; 3 closed at 16:00 NY",2.1407826400056305
16 Dec 2024 – 20 Dec 2024,2024-12-16,Y1,5,3,2,0.5386440798778634,news: FOMC +1.0; 2 closed at 16:00 NY,2.679426719883494
23 Dec 2024 – 27 Dec 2024,2024-12-23,Y1,2,2,0,1.2579362424837037,1 closed at 16:00 NY,3.9373629623671977
30 Dec 2024 – 03 Jan 2025,2024-12-30,Y1,4,4,0,3.867738247553405,,7.805101209920602
06 Jan 2025 – 10 Jan 2025,2025-01-06,Y1,5,3,2,-0.05487687672963948,news: NFP -1.0; 1 closed at 16:00 NY,7.750224333190963
13 Jan 2025 – 17 Jan 2025,2025-01-13,Y1,5,4,1,2.236014247708497,"news: PPI -1.0, CPI +0.9; 2 closed at 16:00 NY",9.98623858089946
20 Jan 2025 – 24 Jan 2025,2025-01-20,Y1,3,0,3,-1.642718155803474,2 closed at 16:00 NY,8.343520425095987
27 Jan 2025 – 31 Jan 2025,2025-01-27,Y1,2,1,1,-0.7614503775794099,1 closed at 16:00 NY,7.582070047516577
03 Feb 2025 – 07 Feb 2025,2025-02-03,Y1,5,2,3,-0.16805481128074473,news: NFP -1.0; 1 closed at 16:00 NY,7.414015236235833
10 Feb 2025 – 14 Feb 2025,2025-02-10,Y1,4,2,2,-1.3343400704829842,news: CPI -1.0; 2 closed at 16:00 NY,6.079675165752849
17 Feb 2025 – 21 Feb 2025,2025-02-17,Y1,3,0,3,-2.4771952798862595,1 closed at 16:00 NY,3.602479885866589
24 Feb 2025 – 28 Feb 2025,2025-02-24,Y1,5,4,1,1.0231597177662228,4 closed at 16:00 NY,4.625639603632812
03 Mar 2025 – 07 Mar 2025,2025-03-03,Y1,5,3,2,1.6051468764199286,news: NFP -0.3; 1 closed at 16:00 NY,6.230786480052741
10 Mar 2025 – 14 Mar 2025,2025-03-10,Y1,5,2,3,-1.5628933706137118,"news: CPI -1.0, PPI -1.0; 1 closed at 16:00 NY",4.667893109439029
17 Mar 2025 – 21 Mar 2025,2025-03-17,Y1,5,3,2,1.1000457530762044,news: FOMC -1.0; 2 closed at 16:00 NY,5.7679388625152335
24 Mar 2025 – 28 Mar 2025,2025-03-24,Y1,4,2,2,-0.10587076028253817,,5.662068102232695
31 Mar 2025 – 04 Apr 2025,2025-03-31,Y1,4,1,3,-0.19247642686330557,news: NFP -1.0; 2 closed at 16:00 NY,5.469591675369389
07 Apr 2025 – 11 Apr 2025,2025-04-07,Y1,4,3,1,0.8830979759795542,"news: CPI +0.7, PPI +0.2; 2 closed at 16:00 NY",6.3526896513489435
14 Apr 2025 – 18 Apr 2025,2025-04-14,Y1,3,1,2,0.45337056382651186,3 closed at 16:00 NY,6.806060215175456
21 Apr 2025 – 25 Apr 2025,2025-04-21,Y1,4,2,2,-0.22353135847919792,3 closed at 16:00 NY,6.582528856696258
28 Apr 2025 – 02 May 2025,2025-04-28,Y1,4,1,3,-1.0722133624691357,news: NFP -1.0; 3 closed at 16:00 NY,5.510315494227122
05 May 2025 – 09 May 2025,2025-05-05,Y1,4,3,1,1.9737335324851253,3 closed at 16:00 NY,7.484049026712247
12 May 2025 – 16 May 2025,2025-05-12,Y1,5,4,1,1.5344356119290155,"news: CPI -0.3, PPI +0.5; 4 closed at 16:00 NY",9.018484638641263
19 May 2025 – 23 May 2025,2025-05-19,Y1,4,3,1,2.6833328409390877,2 closed at 16:00 NY,11.70181747958035
26 May 2025 – 30 May 2025,2025-05-26,Y1,3,1,2,-0.5545916263589215,2 closed at 16:00 NY,11.147225853221428
02 Jun 2025 – 06 Jun 2025,2025-06-02,Y1,5,3,2,0.7532264529746993,news: NFP +1.0; 2 closed at 16:00 NY,11.900452306196128
09 Jun 2025 – 13 Jun 2025,2025-06-09,Y1,4,2,2,-0.7036751908935335,"news: CPI +0.0, PPI -1.0; 3 closed at 16:00 NY",11.196777115302595
16 Jun 2025 – 20 Jun 2025,2025-06-16,Y1,1,1,0,0.8903698672779239,1 closed at 16:00 NY,12.087146982580519
23 Jun 2025 – 27 Jun 2025,2025-06-23,Y1,5,2,3,-1.6809011349901386,3 closed at 16:00 NY,10.40624584759038
30 Jun 2025 – 04 Jul 2025,2025-06-30,Y1,4,3,1,0.6882909773308327,news: NFP -0.3; 4 closed at 16:00 NY,11.094536824921214
07 Jul 2025 – 11 Jul 2025,2025-07-07,Y1,4,3,1,1.09568248113829,1 closed at 16:00 NY,12.190219306059504
14 Jul 2025 – 18 Jul 2025,2025-07-14,Y1,5,3,2,0.31070216196236156,"news: CPI +0.4, PPI -1.0; 1 closed at 16:00 NY",12.500921468021865
21 Jul 2025 – 25 Jul 2025,2025-07-21,Y1,5,4,1,1.968004234124045,1 closed at 16:00 NY,14.46892570214591
28 Jul 2025 – 01 Aug 2025,2025-07-28,Y1,5,4,1,1.9529528143769657,"news: FOMC +1.0, NFP +1.0; 3 closed at 16:00 NY",16.421878516522874
04 Aug 2025 – 08 Aug 2025,2025-08-04,Y1,4,3,1,2.522822681447563,2 closed at 16:00 NY,18.94470119797044
11 Aug 2025 – 15 Aug 2025,2025-08-11,Y1,4,3,1,1.3919699943975958,"news: CPI -1.0, PPI +1.0; 1 closed at 16:00 NY",20.336671192368033
18 Aug 2025 – 22 Aug 2025,2025-08-18,Y1,4,1,3,-1.3948841191225194,1 closed at 16:00 NY,18.941787073245514
25 Aug 2025 – 29 Aug 2025,2025-08-25,Y1,3,1,2,-0.6846045742349738,1 closed at 16:00 NY,18.25718249901054
01 Sep 2025 – 05 Sep 2025,2025-09-01,Y1,2,2,0,1.229748375913266,news: NFP +0.2; 1 closed at 16:00 NY,19.486930874923807
08 Sep 2025 – 12 Sep 2025,2025-09-08,Y1,4,1,3,-0.8253756802356567,"news: PPI -0.2, CPI -0.6; 2 closed at 16:00 NY",18.66155519468815
15 Sep 2025 – 19 Sep 2025,2025-09-15,Y1,5,2,3,-0.42199064918444795,news: FOMC -1.0; 2 closed at 16:00 NY,18.239564545503704
22 Sep 2025 – 26 Sep 2025,2025-09-22,Y1,5,3,2,0.9025981263213738,,19.142162671825076
29 Sep 2025 – 03 Oct 2025,2025-09-29,Y1/Y2,5,3,2,0.4012788884139462,2 closed at 16:00 NY,19.54344156023902
06 Oct 2025 – 10 Oct 2025,2025-10-06,Y2,5,3,2,-1.4752859617913092,3 closed at 16:00 NY,18.06815559844771
13 Oct 2025 – 17 Oct 2025,2025-10-13,Y2,5,4,1,1.78152814721809,4 closed at 16:00 NY,19.8496837456658
20 Oct 2025 – 24 Oct 2025,2025-10-20,Y2,5,2,3,1.088277177241115,news: CPI -0.3; 3 closed at 16:00 NY,20.937960922906914
27 Oct 2025 – 31 Oct 2025,2025-10-27,Y2,4,2,2,-0.15249609984986337,news: FOMC -1.0; 2 closed at 16:00 NY,20.78546482305705
03 Nov 2025 – 07 Nov 2025,2025-11-03,Y2,5,1,4,-2.6895385900784436,3 closed at 16:00 NY,18.095926232978606
10 Nov 2025 – 14 Nov 2025,2025-11-10,Y2,5,3,2,0.40257745005925605,3 closed at 16:00 NY,18.49850368303786
17 Nov 2025 – 21 Nov 2025,2025-11-17,Y2,3,0,3,-2.1215766270686425,2 closed at 16:00 NY,16.37692705596922
24 Nov 2025 – 28 Nov 2025,2025-11-24,Y2,3,1,2,-0.21497732287914437,news: PPI -1.0; 1 closed at 16:00 NY,16.161949733090076
01 Dec 2025 – 05 Dec 2025,2025-12-01,Y2,2,0,2,-2.026553267932578,,14.135396465157498
08 Dec 2025 – 12 Dec 2025,2025-12-08,Y2,4,3,1,0.6251111481367606,news: FOMC -1.0; 2 closed at 16:00 NY,14.760507613294259
15 Dec 2025 – 19 Dec 2025,2025-12-15,Y2,5,0,5,-2.4728965662983557,"news: NFP -0.3, CPI -1.0; 3 closed at 16:00 NY",12.287611046995902
22 Dec 2025 – 26 Dec 2025,2025-12-22,Y2,2,1,1,-0.8248434353806682,1 closed at 16:00 NY,11.462767611615234
29 Dec 2025 – 02 Jan 2026,2025-12-29,Y2,3,1,2,-0.7257697693586433,1 closed at 16:00 NY,10.73699784225659
05 Jan 2026 – 09 Jan 2026,2026-01-05,Y2,5,3,2,-0.12721686812402044,news: NFP +0.6; 4 closed at 16:00 NY,10.609780974132569
12 Jan 2026 – 16 Jan 2026,2026-01-12,Y2,4,1,3,-0.5882056906599058,news: CPI +1.0; 2 closed at 16:00 NY,10.021575283472663
19 Jan 2026 – 23 Jan 2026,2026-01-19,Y2,2,1,1,-0.01395559844693628,,10.007619685025727
26 Jan 2026 – 30 Jan 2026,2026-01-26,Y2,4,4,0,3.9059406436126616,"news: FOMC +1.0, PPI +1.0; 1 closed at 16:00 NY",13.913560328638388
02 Feb 2026 – 06 Feb 2026,2026-02-02,Y2,3,3,0,0.4902837942400934,3 closed at 16:00 NY,14.403844122878482
09 Feb 2026 – 13 Feb 2026,2026-02-09,Y2,5,4,1,1.6314705179888256,"news: NFP +1.0, CPI +0.4; 2 closed at 16:00 NY",16.03531464086731
16 Feb 2026 – 20 Feb 2026,2026-02-16,Y2,2,2,0,1.4814755877031403,1 closed at 16:00 NY,17.51679022857045
23 Feb 2026 – 27 Feb 2026,2026-02-23,Y2,5,1,4,-2.0860889228425936,news: PPI +1.0; 3 closed at 16:00 NY,15.430701305727856
02 Mar 2026 – 06 Mar 2026,2026-03-02,Y2,5,3,2,-0.11466364668253685,news: NFP +0.0; 3 closed at 16:00 NY,15.31603765904532
09 Mar 2026 – 13 Mar 2026,2026-03-09,Y2,4,3,1,0.15152660184751254,news: CPI +0.0; 2 closed at 16:00 NY,15.467564260892832
16 Mar 2026 – 20 Mar 2026,2026-03-16,Y2,5,3,2,1.7058308184416207,news: FOMC +1.0; 1 closed at 16:00 NY,17.17339507933445
23 Mar 2026 – 27 Mar 2026,2026-03-23,Y2,2,1,1,-0.9697333496639768,1 closed at 16:00 NY,16.203661729670475
30 Mar 2026 – 03 Apr 2026,2026-03-30,Y2,4,2,2,0.403025801380933,4 closed at 16:00 NY,16.60668753105141
06 Apr 2026 – 10 Apr 2026,2026-04-06,Y2,5,2,3,0.13212572172437342,news: CPI -0.5; 2 closed at 16:00 NY,16.738813252775785
13 Apr 2026 – 17 Apr 2026,2026-04-13,Y2,5,4,1,1.3277605350571497,news: PPI -1.0; 2 closed at 16:00 NY,18.066573787832933
20 Apr 2026 – 24 Apr 2026,2026-04-20,Y2,4,2,2,0.8694848387599914,3 closed at 16:00 NY,18.936058626592924
27 Apr 2026 – 01 May 2026,2026-04-27,Y2,5,4,1,3.081271862284191,news: FOMC +1.0; 2 closed at 16:00 NY,22.017330488877114
04 May 2026 – 08 May 2026,2026-05-04,Y2,5,3,2,0.34416375165049273,news: NFP -0.2; 4 closed at 16:00 NY,22.361494240527605
11 May 2026 – 15 May 2026,2026-05-11,Y2,4,2,2,0.0190358161432177,"news: CPI -0.2, PPI -0.1; 4 closed at 16:00 NY",22.380530056670825
18 May 2026 – 22 May 2026,2026-05-18,Y2,5,2,3,0.5532091704992081,4 closed at 16:00 NY,22.933739227170033
25 May 2026 – 29 May 2026,2026-05-25,Y2,3,3,0,2.3233317257866584,1 closed at 16:00 NY,25.257070952956692
01 Jun 2026 – 05 Jun 2026,2026-06-01,Y2,5,3,2,1.4369434250691355,news: NFP +1.0; 3 closed at 16:00 NY,26.694014378025827
08 Jun 2026 – 12 Jun 2026,2026-06-08,Y2,2,2,0,1.3857343775621997,news: CPI +1.0; 1 closed at 16:00 NY,28.079748755588028
15 Jun 2026 – 19 Jun 2026,2026-06-15,Y2,4,1,3,-0.8822655204627501,news: FOMC -1.0; 3 closed at 16:00 NY,27.19748323512528
22 Jun 2026 – 26 Jun 2026,2026-06-22,Y2,4,3,1,1.935500673955239,2 closed at 16:00 NY,29.13298390908052
29 Jun 2026 – 03 Jul 2026,2026-06-29,Y2/B,4,2,2,0.22200554392881067,news: NFP +1.0; 2 closed at 16:00 NY,29.35498945300933
06 Jul 2026 – 10 Jul 2026,2026-07-06,B,4,3,1,1.9592020178979865,,31.314191470907318
13 Jul 2026 – 17 Jul 2026,2026-07-13,B,5,2,3,-0.9897683638524496,"news: CPI -0.3, PPI -1.0; 2 closed at 16:00 NY",30.32442310705487
20 Jul 2026 – 24 Jul 2026,2026-07-20,B,5,3,2,0.506776101082765,4 closed at 16:00 NY,30.831199208137633
27 Jul 2026 – 31 Jul 2026,2026-07-27,B,5,2,3,-0.06639441044706607,news: FOMC -1.0; 3 closed at 16:00 NY,30.764804797690566
03 Aug 2026 – 07 Aug 2026,2026-08-03,B,5,3,2,2.2783950732011466,news: NFP +1.0; 3 closed at 16:00 NY,33.04319987089171
10 Aug 2026 – 14 Aug 2026,2026-08-10,B,5,3,2,1.0832761879693469,"news: CPI -0.0, PPI +0.3; 5 closed at 16:00 NY",34.12647605886106
17 Aug 2026 – 21 Aug 2026,2026-08-17,B,5,4,1,1.594234583852173,2 closed at 16:00 NY,35.72071064271323
24 Aug 2026 – 28 Aug 2026,2026-08-24,B,5,1,4,-1.3050726369599888,4 closed at 16:00 NY,34.41563800575324
31 Aug 2026 – 04 Sep 2026,2026-08-31,B,4,3,1,1.9597219126105838,news: NFP -1.0,36.37535991836382
07 Sep 2026 – 11 Sep 2026,2026-09-07,B,3,1,2,-0.06508920440935606,"news: PPI +1.0, CPI -1.0; 1 closed at 16:00 NY",36.310270713954466
14 Sep 2026 – 18 Sep 2026,2026-09-14,B,5,2,3,-0.3760953123476557,news: FOMC -1.0; 3 closed at 16:00 NY,35.93417540160681
21 Sep 2026 – 25 Sep 2026,2026-09-21,B,4,2,2,-0.018590280684594895,3 closed at 16:00 NY,35.915585120922216
28 Sep 2026 – 02 Oct 2026,2026-09-28,B,2,2,0,1.8795684299265367,1 closed at 16:00 NY,37.79515355084875
