time,dir,entry,sl,tp,risk,R,mins,exit,pair
2025-10-15 07:00:00+00:00,1,4199.255,4173.3915,4276.845500000001,25.863500000000386,-1.0193322636147464,141,SL,XAUUSD
2025-10-21 08:00:00+00:00,-1,4298.005,4344.5365,4158.4105,46.53150000000005,0.9533326886087838,240,TIME,XAUUSD
2025-10-24 06:30:00+00:00,-1,4089.265,4123.225,3987.3849999999984,33.96000000000049,0.876325088339203,240,TIME,XAUUSD
2025-10-27 09:00:00+00:00,-1,4043.045,4075.525,3945.605,32.48000000000002,-0.09482758620689426,240,TIME,XAUUSD
2025-10-28 06:30:00+00:00,-1,3952.565,3989.15,3842.81,36.585000000000036,1.2863195298619625,240,TIME,XAUUSD
2025-11-03 07:30:00+00:00,1,4018.795,3990.2,4104.580000000001,28.595000000000255,-0.4528763769889896,240,TIME,XAUUSD
2025-11-06 07:00:00+00:00,1,3991.265,3977.45,4032.71,13.815000000000055,1.1834961997828335,240,TIME,XAUUSD
2025-11-07 07:00:00+00:00,1,4006.545,3993.705,4045.0650000000005,12.840000000000146,0.05218068535826052,240,TIME,XAUUSD
2025-11-10 06:30:00+00:00,1,4072.785,4040.315,4170.195,32.4699999999998,0.1336618417000361,240,TIME,XAUUSD
2025-11-13 08:00:00+00:00,1,4219.965,4199.375,4281.735000000001,20.590000000000146,0.4783875667799604,240,TIME,XAUUSD
2025-11-14 07:30:00+00:00,-1,4163.065,4192.18,4075.7199999999975,29.11500000000069,0.48256912244543837,240,TIME,XAUUSD
2025-11-18 07:30:00+00:00,-1,4002.175,4024.6769999999997,3934.6690000000017,22.501999999999498,-1.0222202470891482,36,SL,XAUUSD
2025-11-21 06:30:00+00:00,-1,4031.565,4060.325,3945.2850000000008,28.759999999999764,-1.0173852573018083,169,SL,XAUUSD
2025-12-03 07:30:00+00:00,-1,4202.375,4215.96,4161.62,13.585000000000036,-0.2318733897680992,240,TIME,XAUUSD
2025-12-05 06:30:00+00:00,1,4227.535,4207.83,4286.65,19.704999999999927,-0.21009895965488115,240,TIME,XAUUSD
2025-12-10 09:00:00+00:00,-1,4197.715,4210.07,4160.6500000000015,12.354999999999563,0.07689194658031984,240,TIME,XAUUSD
2025-12-12 06:30:00+00:00,1,4280.875,4272.2865,4306.6404999999995,8.58849999999984,2.9417826162892227,141,TP,XAUUSD
2025-12-15 08:30:00+00:00,1,4345.585,4322.049999999999,4416.190000000002,23.535000000000764,0.005098789037598767,240,TIME,XAUUSD
2025-12-29 07:30:00+00:00,-1,4470.969,4499.5215,4385.311500000001,28.55249999999978,0.19066631643465393,240,TIME,XAUUSD
2026-01-02 08:00:00+00:00,1,4382.525,4361.285,4446.244999999999,21.23999999999978,0.44774011299436517,240,TIME,XAUUSD
2026-01-05 06:30:00+00:00,1,4423.655,4395.61,4507.79,28.045000000000073,0.30996612586914557,240,TIME,XAUUSD
2026-01-20 07:30:00+00:00,1,4717.735,4687.82,4807.48,29.914999999999964,0.28112986795924366,240,TIME,XAUUSD
2026-01-22 06:30:00+00:00,1,4825.405,4796.725,4911.444999999998,28.67999999999938,0.026847977684813572,240,TIME,XAUUSD
2026-01-26 07:30:00+00:00,1,5095.255,5060.764999999999,5198.725000000002,34.49000000000069,-0.24876775877065105,240,TIME,XAUUSD
2026-01-27 07:00:00+00:00,1,5085.575,5049.355,5194.235000000001,36.220000000000255,0.0033130866924320837,240,TIME,XAUUSD
2026-01-28 07:00:00+00:00,1,5269.798,5211.755,5443.926999999999,58.042999999999665,-0.008252502455065425,240,TIME,XAUUSD
2026-01-29 06:30:00+00:00,1,5585.555,5504.3415,5829.1955,81.21349999999984,-1.006156611893343,133,SL,XAUUSD
2026-02-11 07:00:00+00:00,1,5063.865,5045.715,5118.314999999999,18.149999999999636,-1.0275482093663917,91,SL,XAUUSD
2026-02-19 06:30:00+00:00,1,5001.015,4979.2265,5066.380500000002,21.788500000000568,-0.6852238566216078,240,TIME,XAUUSD
2026-02-20 06:30:00+00:00,1,5021.855,4997.915,5093.674999999998,23.9399999999996,0.16248955722641573,240,TIME,XAUUSD
2026-03-02 07:30:00+00:00,1,5408.285,5345.17,5597.629999999999,63.11499999999978,-0.29374950487205936,240,TIME,XAUUSD
2026-03-03 09:00:00+00:00,-1,5295.445,5342.110000000001,5155.449999999997,46.66500000000087,2.9892853316189867,148,TP,XAUUSD
2026-03-05 06:30:00+00:00,-1,5142.655,5171.299999999999,5056.720000000001,28.644999999999527,-1.0174550532379127,32,SL,XAUUSD
2026-03-12 08:00:00+00:00,1,5181.858,5150.0650000000005,5277.236999999999,31.792999999999665,-0.11081055578272499,240,TIME,XAUUSD
2026-03-13 06:30:00+00:00,-1,5095.535,5112.735000000001,5043.934999999998,17.200000000000728,0.3470930232558141,240,TIME,XAUUSD
2026-03-19 06:30:00+00:00,-1,4813.555,4846.835,4713.715000000001,33.279999999999745,2.9849759615384612,98,TP,XAUUSD
2026-03-26 08:30:00+00:00,-1,4427.995,4491.43,4237.689999999999,63.4350000000004,-0.1396705288878319,240,TIME,XAUUSD
2026-03-30 06:30:00+00:00,1,4528.365,4472.9400000000005,4694.639999999998,55.42499999999927,0.03879115922418717,240,TIME,XAUUSD
2026-04-01 07:00:00+00:00,1,4730.115,4695.305,4834.544999999998,34.80999999999949,0.01062912956046815,240,TIME,XAUUSD
2026-04-06 08:00:00+00:00,1,4684.485,4639.415,4819.694999999999,45.06999999999971,-0.16263589971155923,240,TIME,XAUUSD
2026-04-14 07:00:00+00:00,1,4782.005,4764.18,4835.48,17.824999999999818,-1.0280504908835908,219,SL,XAUUSD
2026-04-21 06:30:00+00:00,-1,4778.555,4806.674999999999,4694.195000000003,28.11999999999898,-0.16571834992887707,240,TIME,XAUUSD
2026-04-29 07:30:00+00:00,-1,4575.055,4593.01,4521.1900000000005,17.954999999999927,0.5547201336675064,240,TIME,XAUUSD
2026-04-30 07:00:00+00:00,1,4589.345,4561.3615,4673.295500000001,27.983500000000276,1.7735451248056755,240,TIME,XAUUSD
2026-05-01 06:30:00+00:00,-1,4593.245,4619.1849999999995,4515.425000000001,25.9399999999996,0.8010794140323849,240,TIME,XAUUSD
2026-05-04 07:00:00+00:00,-1,4588.485,4604.58,4540.199999999999,16.095000000000255,2.9689344516930727,192,TP,XAUUSD
2026-05-06 06:30:00+00:00,1,4665.925,4625.8099999999995,4786.270000000002,40.11500000000069,0.9472765798329638,240,TIME,XAUUSD
2026-05-07 07:00:00+00:00,1,4738.885,4703.095,4846.255,35.789999999999964,-0.10617490919251707,240,TIME,XAUUSD
2026-05-08 06:30:00+00:00,1,4733.385,4713.225,4793.865,20.159999999999854,-1.0248015873015874,47,SL,XAUUSD
2026-05-15 08:30:00+00:00,-1,4558.175,4608.275,4407.875000000002,50.099999999999454,0.055289421157693946,240,TIME,XAUUSD
2026-05-21 07:30:00+00:00,-1,4512.605,4544.455,4417.0549999999985,31.850000000000364,-0.055572998430154355,240,TIME,XAUUSD
2026-05-26 08:30:00+00:00,-1,4522.195,4541.3150000000005,4464.834999999997,19.1200000000008,0.8158995815898954,240,TIME,XAUUSD
2026-05-27 06:30:00+00:00,-1,4486.065,4508.5,4418.759999999998,22.4350000000004,0.39001560062401797,240,TIME,XAUUSD
2026-05-29 07:00:00+00:00,1,4523.515,4506.07,4575.850000000002,17.44500000000062,0.8265978790484128,240,TIME,XAUUSD
2026-06-01 07:00:00+00:00,-1,4501.505,4527.045,4424.885,25.539999999999964,-0.10884886452622354,240,TIME,XAUUSD
2026-06-02 06:30:00+00:00,1,4532.815,4495.316500000001,4645.310499999996,37.498499999998785,-0.13787218155391098,240,TIME,XAUUSD
2026-06-03 07:30:00+00:00,-1,4456.005,4476.4065,4394.8005,20.401499999999942,-0.44016371345242206,240,TIME,XAUUSD
2026-06-10 09:00:00+00:00,-1,4168.865,4200.12,4075.0999999999995,31.25500000000011,0.6939689649655902,240,TIME,XAUUSD
2026-06-16 08:00:00+00:00,1,4334.945,4319.755,4380.5149999999985,15.1899999999996,0.3495720868993114,240,TIME,XAUUSD
2026-06-18 09:00:00+00:00,-1,4266.635,4303.045,4157.405000000001,36.409999999999854,0.5402361988464749,240,TIME,XAUUSD
2026-06-23 07:00:00+00:00,-1,4114.205,4156.465,3987.4249999999993,42.26000000000022,-0.13629910080454777,240,TIME,XAUUSD
2026-06-26 07:00:00+00:00,1,4031.855,4005.985,4109.465,25.86999999999989,0.8600695786625471,240,TIME,XAUUSD
2026-06-30 07:00:00+00:00,1,4029.258,3978.2365,4182.322499999999,51.02149999999983,-0.006722656135155736,240,TIME,XAUUSD
2026-07-01 06:30:00+00:00,-1,3967.305,3989.535,3900.615,22.230000000000018,-0.8987854251012146,240,TIME,XAUUSD
2026-07-02 06:30:00+00:00,1,4073.995,4052.245,4139.245,21.75,-0.39172413793103367,240,TIME,XAUUSD
2026-07-08 08:30:00+00:00,-1,4088.445,4114.875,4009.1550000000007,26.429999999999836,0.6617480136208984,240,TIME,XAUUSD
2026-07-10 08:30:00+00:00,-1,4104.165,4121.255,4052.8949999999995,17.090000000000146,-0.1322410766530251,240,TIME,XAUUSD
2026-07-21 06:30:00+00:00,1,4071.945,4035.4700000000003,4181.37,36.47499999999991,-0.16202878684031047,240,TIME,XAUUSD
2026-07-31 08:00:00+00:00,-1,4067.455,4089.175,4002.294999999999,21.720000000000255,0.622928176795561,240,TIME,XAUUSD
2026-08-07 06:30:00+00:00,1,4283.195,4254.87,4368.169999999999,28.324999999999818,1.0538393645189958,240,TIME,XAUUSD
2026-08-10 07:00:00+00:00,1,4357.835,4332.375,4434.215,25.460000000000036,-0.8955223880597074,240,TIME,XAUUSD
2026-08-13 06:30:00+00:00,-1,4375.715,4414.889999999999,4258.190000000002,39.17499999999927,-0.2991703892788889,240,TIME,XAUUSD
2026-08-21 07:00:00+00:00,1,4560.725,4532.29,4646.030000000002,28.4350000000004,0.9505890627747271,240,TIME,XAUUSD
2026-08-27 07:00:00+00:00,-1,4600.065,4621.35,4536.209999999997,21.285000000000764,0.45618980502699963,240,TIME,XAUUSD
2026-08-28 07:00:00+00:00,1,4612.435,4586.745,4689.505000000002,25.69000000000051,-0.5044764499805285,240,TIME,XAUUSD
2026-09-01 08:00:00+00:00,-1,4419.825,4442.385,4352.144999999999,22.5600000000004,1.999113475177245,240,TIME,XAUUSD
2026-09-08 06:30:00+00:00,-1,4399.885,4428.73,4313.350000000002,28.844999999999345,0.005893569076099031,240,TIME,XAUUSD
2026-09-09 07:30:00+00:00,1,4407.485,4370.865,4517.344999999999,36.61999999999989,0.004369197160042722,240,TIME,XAUUSD
2026-09-14 07:30:00+00:00,-1,4316.735,4338.5560000000005,4251.271999999997,21.821000000000822,0.9307547775078469,240,TIME,XAUUSD
2026-09-15 08:00:00+00:00,-1,4280.655,4300.1715,4222.105499999998,19.516500000000633,-0.2200189583173074,240,TIME,XAUUSD
2026-09-17 07:30:00+00:00,1,4329.065,4292.0650000000005,4440.064999999997,36.99999999999909,-0.039189189189185236,240,TIME,XAUUSD
2026-09-18 06:30:00+00:00,1,4392.305,4356.014999999999,4501.175000000003,36.29000000000087,-0.3199228437586195,240,TIME,XAUUSD
2026-09-21 06:30:00+00:00,-1,4346.975,4366.045,4289.765000000001,19.06999999999971,-0.22076560041951235,240,TIME,XAUUSD
2026-09-22 07:30:00+00:00,-1,4315.195,4345.7775,4223.447499999998,30.582500000000437,-0.09417150331071913,240,TIME,XAUUSD
2026-09-23 07:30:00+00:00,-1,4323.625,4348.46,4249.12,24.835000000000036,0.68773907791423,240,TIME,XAUUSD
2026-09-24 08:30:00+00:00,-1,4264.305,4288.005,4193.205000000001,23.699999999999818,-0.3050632911392245,240,TIME,XAUUSD
2026-09-30 07:00:00+00:00,1,4190.575,4176.225,4233.624999999998,14.349999999999454,-0.4578397212543525,240,TIME,XAUUSD
2026-10-06 09:00:00+00:00,1,4155.345,4127.945,4237.545000000002,27.400000000000546,0.5094890510948817,240,TIME,XAUUSD
