,trades,pnl,green
2025-10-06,0,0.0,0
2025-10-13,1,-1.0193322636147464,0
2025-10-20,2,1.829657776947987,2
2025-10-27,2,1.1914919436550682,1
2025-11-03,3,0.7828005081521043,2
2025-11-10,3,1.0946185309254348,3
2025-11-17,2,-2.0396055043909564,0
2025-11-24,0,0.0,0
2025-12-01,2,-0.4419723494229803,0
2025-12-08,2,3.0186745628695424,2
2025-12-15,1,0.0050987890375987,1
2025-12-22,0,0.0,0
2025-12-29,2,0.638406429429019,2
2026-01-05,1,0.3099661258691455,1
2026-01-12,0,0.0,0
2026-01-19,2,0.3079778456440571,2
2026-01-26,4,-1.2598637864266273,1
2026-02-02,0,0.0,0
2026-02-09,1,-1.0275482093663917,0
2026-02-16,2,-0.5227342993951921,1
2026-02-23,0,0.0,0
2026-03-02,3,1.6780807735090146,1
2026-03-09,2,0.23628246747308917,1
2026-03-16,1,2.984975961538461,1
2026-03-23,1,-0.1396705288878319,0
2026-03-30,2,0.049420288784655195,2
2026-04-06,1,-0.1626358997115592,0
2026-04-13,1,-1.0280504908835908,0
2026-04-20,1,-0.165718349928877,0
2026-04-27,3,3.129344672505567,3
2026-05-04,4,2.785234535031932,2
2026-05-11,1,0.0552894211576939,1
2026-05-18,1,-0.0555729984301543,0
2026-05-25,3,2.032513061262326,3
2026-06-01,3,-0.6868847595325565,0
2026-06-08,1,0.6939689649655902,1
2026-06-15,2,0.8898082857457863,2
2026-06-22,2,0.7237704778579994,1
2026-06-29,3,-1.297232219167404,0
2026-07-06,2,0.5295069369678733,1
2026-07-13,0,0.0,0
2026-07-20,1,-0.1620287868403104,0
2026-07-27,1,0.622928176795561,1
2026-08-03,1,1.0538393645189958,1
2026-08-10,2,-1.1946927773385962,0
2026-08-17,1,0.9505890627747272,1
2026-08-24,2,-0.04828664495352897,1
2026-08-31,1,1.999113475177245,1
2026-09-07,2,0.0102627662361417,2
2026-09-14,4,0.35162378624273477,1
2026-09-21,4,0.06773868304477404,1
2026-09-28,1,-0.4578397212543525,0
2026-10-05,1,0.5094890510948817,1
