pair,strat,params,IS_n,IS_win,IS_avgR,IS_PF,OOS_n,OOS_win,OOS_avgR,OOS_PF,ALL_totR,ALL_dd
GBPUSD,ASR,"{'tf': '5min', 'win': 'W1', 'rr': 2, 'bias': False}",60,0.33,-0.204,0.72,47,0.34,-0.198,0.72,-21.6,-25.3
GBPUSD,ASR,"{'tf': '5min', 'win': 'W1', 'rr': 2, 'bias': True}",38,0.42,0.027,1.04,30,0.33,-0.203,0.72,-5.0,-14.8
GBPUSD,ASR,"{'tf': '5min', 'win': 'W1', 'rr': 3, 'bias': False}",60,0.3,-0.183,0.77,47,0.32,-0.099,0.87,-15.6,-21.3
GBPUSD,ASR,"{'tf': '5min', 'win': 'W1', 'rr': 3, 'bias': True}",38,0.37,0.031,1.04,30,0.3,-0.126,0.83,-2.6,-13.5
GBPUSD,ASR,"{'tf': '5min', 'win': 'BOTH', 'rr': 2, 'bias': False}",70,0.33,-0.206,0.71,52,0.35,-0.19,0.72,-24.3,-28.1
GBPUSD,ASR,"{'tf': '5min', 'win': 'BOTH', 'rr': 2, 'bias': True}",49,0.41,0.019,1.03,35,0.34,-0.14,0.79,-4.0,-14.9
GBPUSD,ASR,"{'tf': '5min', 'win': 'BOTH', 'rr': 3, 'bias': False}",70,0.3,-0.188,0.75,52,0.33,-0.1,0.86,-18.4,-24.1
GBPUSD,ASR,"{'tf': '5min', 'win': 'BOTH', 'rr': 3, 'bias': True}",49,0.37,0.042,1.06,35,0.31,-0.115,0.84,-2.0,-15.1
GBPUSD,ASR,"{'tf': '15min', 'win': 'W1', 'rr': 2, 'bias': False}",55,0.35,-0.122,0.81,43,0.37,-0.202,0.71,-15.4,-19.5
GBPUSD,ASR,"{'tf': '15min', 'win': 'W1', 'rr': 2, 'bias': True}",33,0.42,0.109,1.19,26,0.42,-0.038,0.94,2.6,-9.3
GBPUSD,ASR,"{'tf': '15min', 'win': 'W1', 'rr': 3, 'bias': False}",55,0.33,-0.08,0.88,43,0.35,-0.217,0.7,-13.7,-20.4
GBPUSD,ASR,"{'tf': '15min', 'win': 'W1', 'rr': 3, 'bias': True}",33,0.39,0.212,1.35,26,0.38,-0.033,0.95,6.2,-10.6
GBPUSD,ASR,"{'tf': '15min', 'win': 'BOTH', 'rr': 2, 'bias': False}",66,0.38,-0.114,0.82,47,0.38,-0.18,0.73,-16.0,-20.2
GBPUSD,ASR,"{'tf': '15min', 'win': 'BOTH', 'rr': 2, 'bias': True}",43,0.44,0.074,1.14,30,0.43,-0.085,0.87,0.6,-11.4
GBPUSD,ASR,"{'tf': '15min', 'win': 'BOTH', 'rr': 3, 'bias': False}",66,0.36,-0.078,0.88,47,0.36,-0.193,0.72,-14.2,-21.2
GBPUSD,ASR,"{'tf': '15min', 'win': 'BOTH', 'rr': 3, 'bias': True}",43,0.42,0.153,1.27,30,0.4,-0.08,0.88,4.2,-12.7
GBPUSD,ASR,"{'tf': '30min', 'win': 'W1', 'rr': 2, 'bias': False}",46,0.37,-0.093,0.85,41,0.32,-0.323,0.55,-17.6,-25.3
GBPUSD,ASR,"{'tf': '30min', 'win': 'W1', 'rr': 2, 'bias': True}",27,0.44,0.123,1.23,23,0.35,-0.234,0.68,-2.1,-9.2
GBPUSD,ASR,"{'tf': '30min', 'win': 'W1', 'rr': 3, 'bias': False}",46,0.35,-0.048,0.92,41,0.32,-0.304,0.58,-14.7,-27.6
GBPUSD,ASR,"{'tf': '30min', 'win': 'W1', 'rr': 3, 'bias': True}",27,0.41,0.238,1.42,23,0.35,-0.156,0.79,2.8,-9.4
GBPUSD,ASR,"{'tf': '30min', 'win': 'BOTH', 'rr': 2, 'bias': False}",57,0.37,-0.14,0.76,44,0.32,-0.31,0.56,-21.7,-27.1
GBPUSD,ASR,"{'tf': '30min', 'win': 'BOTH', 'rr': 2, 'bias': True}",37,0.41,0.001,1.0,29,0.41,-0.181,0.72,-5.2,-10.7
GBPUSD,ASR,"{'tf': '30min', 'win': 'BOTH', 'rr': 3, 'bias': False}",57,0.35,-0.104,0.83,44,0.32,-0.293,0.59,-18.8,-29.4
GBPUSD,ASR,"{'tf': '30min', 'win': 'BOTH', 'rr': 3, 'bias': True}",37,0.38,0.085,1.16,29,0.41,-0.119,0.81,-0.3,-10.0
GBPUSD,ABO,"{'tf': '15min', 'win': 'W1', 'rr': 2, 'bias': False}",64,0.45,-0.018,0.97,49,0.39,-0.054,0.89,-3.8,-24.8
GBPUSD,ABO,"{'tf': '15min', 'win': 'W1', 'rr': 2, 'bias': True}",31,0.45,0.063,1.13,30,0.43,-0.072,0.85,-0.2,-11.2
GBPUSD,ABO,"{'tf': '15min', 'win': 'W1', 'rr': 3, 'bias': False}",64,0.45,-0.019,0.96,49,0.39,0.009,1.02,-0.8,-18.4
GBPUSD,ABO,"{'tf': '15min', 'win': 'W1', 'rr': 3, 'bias': True}",31,0.45,0.049,1.1,30,0.43,0.008,1.02,1.8,-7.8
GBPUSD,ABO,"{'tf': '30min', 'win': 'W1', 'rr': 2, 'bias': False}",62,0.44,0.007,1.01,48,0.33,-0.091,0.82,-3.9,-23.3
GBPUSD,ABO,"{'tf': '30min', 'win': 'W1', 'rr': 2, 'bias': True}",34,0.38,0.022,1.04,31,0.32,-0.169,0.65,-4.5,-14.9
GBPUSD,ABO,"{'tf': '30min', 'win': 'W1', 'rr': 3, 'bias': False}",62,0.44,0.027,1.05,48,0.33,-0.07,0.86,-1.7,-16.8
GBPUSD,ABO,"{'tf': '30min', 'win': 'W1', 'rr': 3, 'bias': True}",34,0.38,0.039,1.07,31,0.32,-0.119,0.75,-2.4,-11.3
GBPUSD,ABO,"{'tf': '1h', 'win': 'W1', 'rr': 2, 'bias': False}",53,0.45,0.087,1.22,46,0.41,-0.01,0.98,4.1,-9.5
GBPUSD,ABO,"{'tf': '1h', 'win': 'W1', 'rr': 2, 'bias': True}",41,0.41,0.02,1.05,36,0.44,0.089,1.22,4.0,-6.5
GBPUSD,ABO,"{'tf': '1h', 'win': 'W1', 'rr': 3, 'bias': False}",53,0.45,0.142,1.36,46,0.41,0.055,1.12,10.0,-7.8
GBPUSD,ABO,"{'tf': '1h', 'win': 'W1', 'rr': 3, 'bias': True}",41,0.41,0.083,1.19,36,0.44,0.144,1.35,8.6,-7.2
GBPUSD,ORB,"{'or_min': 15, 'tf': '5min', 'rr': 2, 'bias': False, 'mid': False}",74,0.19,-0.522,0.36,57,0.32,-0.349,0.48,-58.5,-59.0
GBPUSD,ORB,"{'or_min': 15, 'tf': '5min', 'rr': 2, 'bias': False, 'mid': True}",74,0.16,-0.646,0.29,59,0.29,-0.337,0.57,-67.7,-68.1
GBPUSD,ORB,"{'or_min': 15, 'tf': '5min', 'rr': 2, 'bias': True, 'mid': False}",44,0.27,-0.307,0.57,32,0.25,-0.44,0.39,-27.6,-28.0
GBPUSD,ORB,"{'or_min': 15, 'tf': '5min', 'rr': 2, 'bias': True, 'mid': True}",44,0.23,-0.46,0.44,34,0.29,-0.319,0.59,-31.1,-30.8
GBPUSD,ORB,"{'or_min': 15, 'tf': '5min', 'rr': 3, 'bias': False, 'mid': False}",74,0.18,-0.577,0.31,57,0.32,-0.357,0.47,-63.1,-63.6
GBPUSD,ORB,"{'or_min': 15, 'tf': '5min', 'rr': 3, 'bias': False, 'mid': True}",74,0.12,-0.731,0.23,59,0.29,-0.323,0.59,-73.2,-73.0
GBPUSD,ORB,"{'or_min': 15, 'tf': '5min', 'rr': 3, 'bias': True, 'mid': False}",44,0.25,-0.365,0.51,32,0.25,-0.483,0.33,-31.5,-31.5
GBPUSD,ORB,"{'or_min': 15, 'tf': '5min', 'rr': 3, 'bias': True, 'mid': True}",44,0.18,-0.545,0.37,34,0.29,-0.329,0.58,-35.1,-34.9
GBPUSD,ORB,"{'or_min': 15, 'tf': '15min', 'rr': 2, 'bias': False, 'mid': False}",71,0.28,-0.307,0.56,57,0.32,-0.357,0.44,-42.1,-42.5
GBPUSD,ORB,"{'or_min': 15, 'tf': '15min', 'rr': 2, 'bias': False, 'mid': True}",71,0.27,-0.339,0.57,59,0.29,-0.366,0.52,-45.7,-46.2
GBPUSD,ORB,"{'or_min': 15, 'tf': '15min', 'rr': 2, 'bias': True, 'mid': False}",47,0.36,-0.106,0.83,34,0.26,-0.488,0.3,-21.6,-21.5
GBPUSD,ORB,"{'or_min': 15, 'tf': '15min', 'rr': 2, 'bias': True, 'mid': True}",47,0.36,-0.078,0.88,36,0.31,-0.377,0.5,-17.2,-21.4
GBPUSD,ORB,"{'or_min': 15, 'tf': '15min', 'rr': 3, 'bias': False, 'mid': False}",71,0.27,-0.302,0.58,57,0.32,-0.345,0.46,-41.1,-41.4
GBPUSD,ORB,"{'or_min': 15, 'tf': '15min', 'rr': 3, 'bias': False, 'mid': True}",71,0.21,-0.439,0.48,59,0.27,-0.403,0.48,-54.9,-54.8
GBPUSD,ORB,"{'or_min': 15, 'tf': '15min', 'rr': 3, 'bias': True, 'mid': False}",47,0.34,-0.074,0.88,34,0.26,-0.51,0.27,-20.8,-21.4
GBPUSD,ORB,"{'or_min': 15, 'tf': '15min', 'rr': 3, 'bias': True, 'mid': True}",47,0.3,-0.177,0.76,36,0.31,-0.406,0.46,-23.0,-22.8
GBPUSD,ORB,"{'or_min': 30, 'tf': '5min', 'rr': 2, 'bias': False, 'mid': False}",69,0.28,-0.334,0.51,51,0.39,-0.145,0.72,-30.4,-34.7
GBPUSD,ORB,"{'or_min': 30, 'tf': '5min', 'rr': 2, 'bias': False, 'mid': True}",69,0.26,-0.396,0.51,53,0.36,-0.075,0.89,-31.3,-34.2
GBPUSD,ORB,"{'or_min': 30, 'tf': '5min', 'rr': 2, 'bias': True, 'mid': False}",45,0.38,-0.118,0.79,28,0.36,-0.249,0.56,-12.3,-16.5
GBPUSD,ORB,"{'or_min': 30, 'tf': '5min', 'rr': 2, 'bias': True, 'mid': True}",45,0.38,-0.087,0.87,30,0.4,0.007,1.01,-3.7,-9.0
GBPUSD,ORB,"{'or_min': 30, 'tf': '5min', 'rr': 3, 'bias': False, 'mid': False}",69,0.26,-0.34,0.5,51,0.37,-0.162,0.69,-31.7,-34.3
GBPUSD,ORB,"{'or_min': 30, 'tf': '5min', 'rr': 3, 'bias': False, 'mid': True}",69,0.23,-0.38,0.54,53,0.32,-0.195,0.72,-36.6,-40.3
GBPUSD,ORB,"{'or_min': 30, 'tf': '5min', 'rr': 3, 'bias': True, 'mid': False}",45,0.36,-0.094,0.83,28,0.32,-0.352,0.39,-14.1,-15.6
GBPUSD,ORB,"{'or_min': 30, 'tf': '5min', 'rr': 3, 'bias': True, 'mid': True}",45,0.33,-0.07,0.9,30,0.37,-0.144,0.77,-7.4,-12.5
GBPUSD,ORB,"{'or_min': 30, 'tf': '15min', 'rr': 2, 'bias': False, 'mid': False}",59,0.27,-0.324,0.5,44,0.36,-0.242,0.56,-29.7,-33.9
GBPUSD,ORB,"{'or_min': 30, 'tf': '15min', 'rr': 2, 'bias': False, 'mid': True}",61,0.26,-0.349,0.54,47,0.36,-0.149,0.78,-28.3,-31.8
GBPUSD,ORB,"{'or_min': 30, 'tf': '15min', 'rr': 2, 'bias': True, 'mid': False}",40,0.35,-0.131,0.76,26,0.35,-0.341,0.39,-14.1,-16.5
GBPUSD,ORB,"{'or_min': 30, 'tf': '15min', 'rr': 2, 'bias': True, 'mid': True}",42,0.33,-0.124,0.81,29,0.38,-0.167,0.74,-10.1,-12.4
GBPUSD,ORB,"{'or_min': 30, 'tf': '15min', 'rr': 3, 'bias': False, 'mid': False}",59,0.25,-0.328,0.49,44,0.36,-0.258,0.53,-30.7,-32.2
GBPUSD,ORB,"{'or_min': 30, 'tf': '15min', 'rr': 3, 'bias': False, 'mid': True}",61,0.25,-0.318,0.59,47,0.36,-0.152,0.77,-26.6,-30.9
GBPUSD,ORB,"{'or_min': 30, 'tf': '15min', 'rr': 3, 'bias': True, 'mid': False}",40,0.32,-0.151,0.73,26,0.35,-0.367,0.34,-15.6,-15.6
GBPUSD,ORB,"{'or_min': 30, 'tf': '15min', 'rr': 3, 'bias': True, 'mid': True}",42,0.31,-0.092,0.87,29,0.38,-0.179,0.72,-9.1,-12.7
GBPUSD,TPB,"{'tf': '5min', 'win': 'W1', 'rr': 2, 'swing': True}",66,0.24,-0.411,0.51,57,0.35,-0.212,0.71,-39.2,-40.0
GBPUSD,TPB,"{'tf': '5min', 'win': 'W1', 'rr': 3, 'swing': True}",66,0.23,-0.331,0.61,57,0.33,-0.23,0.69,-35.0,-39.1
GBPUSD,TPB,"{'tf': '5min', 'win': 'W2', 'rr': 2, 'swing': True}",58,0.38,-0.082,0.88,49,0.22,-0.474,0.45,-27.9,-30.1
GBPUSD,TPB,"{'tf': '5min', 'win': 'W2', 'rr': 3, 'swing': True}",58,0.31,-0.227,0.7,49,0.2,-0.402,0.54,-32.9,-35.2
GBPUSD,TPB,"{'tf': '5min', 'win': 'BOTH', 'rr': 2, 'swing': True}",74,0.27,-0.36,0.55,59,0.36,-0.182,0.74,-37.4,-38.2
GBPUSD,TPB,"{'tf': '5min', 'win': 'BOTH', 'rr': 3, 'swing': True}",74,0.26,-0.262,0.68,59,0.32,-0.247,0.66,-33.9,-37.5
GBPUSD,TPB,"{'tf': '15min', 'win': 'W1', 'rr': 2, 'swing': True}",47,0.32,-0.269,0.62,46,0.39,-0.162,0.75,-20.1,-23.8
GBPUSD,TPB,"{'tf': '15min', 'win': 'W1', 'rr': 3, 'swing': True}",47,0.3,-0.237,0.67,46,0.39,-0.145,0.78,-17.8,-23.5
GBPUSD,TPB,"{'tf': '15min', 'win': 'W2', 'rr': 2, 'swing': True}",46,0.43,0.007,1.01,31,0.32,-0.153,0.75,-4.4,-14.6
GBPUSD,TPB,"{'tf': '15min', 'win': 'W2', 'rr': 3, 'swing': True}",46,0.41,0.022,1.04,31,0.29,-0.206,0.69,-5.3,-16.5
GBPUSD,TPB,"{'tf': '15min', 'win': 'BOTH', 'rr': 2, 'swing': True}",65,0.34,-0.205,0.69,53,0.38,-0.186,0.72,-23.2,-25.8
GBPUSD,TPB,"{'tf': '15min', 'win': 'BOTH', 'rr': 3, 'swing': True}",65,0.32,-0.169,0.75,53,0.38,-0.176,0.74,-20.3,-25.0
GBPUSD,TPB,"{'tf': '30min', 'win': 'W1', 'rr': 2, 'swing': True}",39,0.36,-0.178,0.71,32,0.41,-0.121,0.78,-10.8,-13.2
GBPUSD,TPB,"{'tf': '30min', 'win': 'W1', 'rr': 3, 'swing': True}",39,0.36,-0.069,0.89,32,0.41,-0.163,0.71,-7.9,-13.3
GBPUSD,TPB,"{'tf': '30min', 'win': 'W2', 'rr': 2, 'swing': True}",28,0.43,-0.098,0.8,22,0.23,-0.404,0.35,-11.6,-14.1
GBPUSD,TPB,"{'tf': '30min', 'win': 'W2', 'rr': 3, 'swing': True}",28,0.43,-0.052,0.89,22,0.23,-0.421,0.32,-10.7,-13.2
GBPUSD,TPB,"{'tf': '30min', 'win': 'BOTH', 'rr': 2, 'swing': True}",50,0.36,-0.199,0.67,41,0.37,-0.2,0.64,-18.2,-19.5
GBPUSD,TPB,"{'tf': '30min', 'win': 'BOTH', 'rr': 3, 'swing': True}",50,0.36,-0.094,0.85,41,0.37,-0.233,0.58,-14.2,-16.5
GBPUSD,LSR,"{'tf': '5min', 'win': 'W2', 'rr': 2, 'bias': False, 'level': 'london'}",41,0.32,-0.239,0.67,35,0.54,0.309,1.62,1.0,-17.1
GBPUSD,LSR,"{'tf': '5min', 'win': 'W2', 'rr': 2, 'bias': True, 'level': 'london'}",17,0.35,-0.255,0.66,15,0.47,0.088,1.16,-3.0,-9.3
GBPUSD,LSR,"{'tf': '5min', 'win': 'W2', 'rr': 3, 'bias': False, 'level': 'london'}",41,0.32,-0.049,0.93,35,0.49,0.212,1.37,5.4,-13.1
GBPUSD,LSR,"{'tf': '5min', 'win': 'W2', 'rr': 3, 'bias': True, 'level': 'london'}",17,0.35,-0.09,0.88,15,0.47,0.183,1.33,1.2,-8.4
GBPUSD,LSR,"{'tf': '15min', 'win': 'W2', 'rr': 2, 'bias': False, 'level': 'london'}",39,0.36,-0.236,0.65,31,0.45,0.015,1.03,-8.7,-16.3
GBPUSD,LSR,"{'tf': '15min', 'win': 'W2', 'rr': 2, 'bias': True, 'level': 'london'}",15,0.33,-0.465,0.32,10,0.5,0.192,1.34,-5.1,-9.1
GBPUSD,LSR,"{'tf': '15min', 'win': 'W2', 'rr': 3, 'bias': False, 'level': 'london'}",39,0.36,-0.119,0.82,31,0.42,-0.089,0.86,-7.4,-14.1
GBPUSD,LSR,"{'tf': '15min', 'win': 'W2', 'rr': 3, 'bias': True, 'level': 'london'}",15,0.33,-0.398,0.41,10,0.5,0.262,1.46,-3.4,-8.1
GBPUSD,LSR,"{'tf': '15min', 'win': 'BOTH', 'rr': 2, 'bias': False, 'level': 'pd'}",41,0.46,0.028,1.07,32,0.41,-0.182,0.68,-4.7,-10.9
GBPUSD,LSR,"{'tf': '15min', 'win': 'BOTH', 'rr': 2, 'bias': True, 'level': 'pd'}",9,0.44,-0.072,0.87,4,0.0,-1.016,0.0,-4.7,-5.6
GBPUSD,LSR,"{'tf': '15min', 'win': 'BOTH', 'rr': 3, 'bias': False, 'level': 'pd'}",41,0.44,0.024,1.06,32,0.41,-0.2,0.64,-5.4,-11.4
GBPUSD,LSR,"{'tf': '15min', 'win': 'BOTH', 'rr': 3, 'bias': True, 'level': 'pd'}",9,0.44,0.107,1.19,4,0.0,-1.016,0.0,-3.1,-5.6
GBPUSD,LSR,"{'tf': '30min', 'win': 'BOTH', 'rr': 2, 'bias': False, 'level': 'pd'}",38,0.39,-0.07,0.84,26,0.42,-0.158,0.69,-6.8,-7.7
GBPUSD,LSR,"{'tf': '30min', 'win': 'BOTH', 'rr': 2, 'bias': True, 'level': 'pd'}",8,0.5,0.034,1.09,4,0.25,-0.491,0.17,-1.7,-3.0
GBPUSD,LSR,"{'tf': '30min', 'win': 'BOTH', 'rr': 3, 'bias': False, 'level': 'pd'}",38,0.39,-0.01,0.98,26,0.42,-0.08,0.84,-2.4,-6.6
GBPUSD,LSR,"{'tf': '30min', 'win': 'BOTH', 'rr': 3, 'bias': True, 'level': 'pd'}",8,0.5,0.069,1.19,4,0.25,-0.491,0.17,-1.4,-3.0
GBPUSD,LSR,"{'tf': '1h', 'win': 'BOTH', 'rr': 2, 'bias': False, 'level': 'pd'}",30,0.37,-0.009,0.97,20,0.45,-0.027,0.94,-0.8,-7.7
GBPUSD,LSR,"{'tf': '1h', 'win': 'BOTH', 'rr': 2, 'bias': True, 'level': 'pd'}",10,0.3,-0.339,0.29,4,0.5,-0.084,0.76,-3.7,-5.0
GBPUSD,LSR,"{'tf': '1h', 'win': 'BOTH', 'rr': 3, 'bias': False, 'level': 'pd'}",30,0.37,0.021,1.06,20,0.45,-0.024,0.94,0.1,-7.7
GBPUSD,LSR,"{'tf': '1h', 'win': 'BOTH', 'rr': 3, 'bias': True, 'level': 'pd'}",10,0.3,-0.339,0.29,4,0.5,-0.084,0.76,-3.7,-5.0
XAUUSD,ASR,"{'tf': '5min', 'win': 'W1', 'rr': 2, 'bias': False}",42,0.29,-0.223,0.68,35,0.26,-0.394,0.5,-23.2,-23.0
XAUUSD,ASR,"{'tf': '5min', 'win': 'W1', 'rr': 2, 'bias': True}",20,0.3,-0.151,0.78,18,0.11,-0.849,0.09,-18.3,-18.4
XAUUSD,ASR,"{'tf': '5min', 'win': 'W1', 'rr': 3, 'bias': False}",42,0.29,-0.087,0.88,35,0.26,-0.361,0.54,-16.3,-17.0
XAUUSD,ASR,"{'tf': '5min', 'win': 'W1', 'rr': 3, 'bias': True}",20,0.3,-0.066,0.91,18,0.11,-0.849,0.09,-16.6,-18.4
XAUUSD,ASR,"{'tf': '5min', 'win': 'BOTH', 'rr': 2, 'bias': False}",60,0.27,-0.324,0.54,46,0.28,-0.335,0.55,-34.9,-35.5
XAUUSD,ASR,"{'tf': '5min', 'win': 'BOTH', 'rr': 2, 'bias': True}",32,0.25,-0.271,0.63,25,0.12,-0.744,0.16,-27.3,-27.1
XAUUSD,ASR,"{'tf': '5min', 'win': 'BOTH', 'rr': 3, 'bias': False}",60,0.27,-0.212,0.7,46,0.28,-0.306,0.59,-26.8,-27.4
XAUUSD,ASR,"{'tf': '5min', 'win': 'BOTH', 'rr': 3, 'bias': True}",32,0.25,-0.183,0.75,25,0.12,-0.777,0.12,-25.3,-25.1
XAUUSD,ASR,"{'tf': '15min', 'win': 'W1', 'rr': 2, 'bias': False}",38,0.26,-0.333,0.53,29,0.31,-0.284,0.57,-20.9,-22.2
XAUUSD,ASR,"{'tf': '15min', 'win': 'W1', 'rr': 2, 'bias': True}",16,0.31,-0.078,0.88,15,0.33,-0.319,0.54,-6.0,-7.1
XAUUSD,ASR,"{'tf': '15min', 'win': 'W1', 'rr': 3, 'bias': False}",38,0.26,-0.247,0.65,29,0.31,-0.282,0.57,-17.6,-19.9
XAUUSD,ASR,"{'tf': '15min', 'win': 'W1', 'rr': 3, 'bias': True}",16,0.31,0.063,1.1,15,0.33,-0.449,0.35,-5.7,-8.9
XAUUSD,ASR,"{'tf': '15min', 'win': 'BOTH', 'rr': 2, 'bias': False}",54,0.28,-0.315,0.51,41,0.37,-0.211,0.65,-25.7,-27.2
XAUUSD,ASR,"{'tf': '15min', 'win': 'BOTH', 'rr': 2, 'bias': True}",27,0.3,-0.092,0.84,21,0.38,-0.15,0.75,-5.6,-7.5
XAUUSD,ASR,"{'tf': '15min', 'win': 'BOTH', 'rr': 3, 'bias': False}",54,0.28,-0.257,0.6,41,0.37,-0.226,0.62,-23.1,-25.7
XAUUSD,ASR,"{'tf': '15min', 'win': 'BOTH', 'rr': 3, 'bias': True}",27,0.3,-0.008,0.99,21,0.38,-0.275,0.54,-6.0,-8.3
XAUUSD,ASR,"{'tf': '30min', 'win': 'W1', 'rr': 2, 'bias': False}",30,0.33,-0.165,0.72,26,0.27,-0.302,0.53,-12.8,-12.1
XAUUSD,ASR,"{'tf': '30min', 'win': 'W1', 'rr': 2, 'bias': True}",12,0.42,0.127,1.26,13,0.23,-0.408,0.46,-3.8,-8.2
XAUUSD,ASR,"{'tf': '30min', 'win': 'W1', 'rr': 3, 'bias': False}",30,0.33,-0.032,0.95,26,0.27,-0.262,0.59,-7.8,-10.7
XAUUSD,ASR,"{'tf': '30min', 'win': 'W1', 'rr': 3, 'bias': True}",12,0.42,0.377,1.76,13,0.23,-0.404,0.47,-0.7,-8.2
XAUUSD,ASR,"{'tf': '30min', 'win': 'BOTH', 'rr': 2, 'bias': False}",42,0.31,-0.21,0.64,38,0.32,-0.199,0.64,-16.4,-16.7
XAUUSD,ASR,"{'tf': '30min', 'win': 'BOTH', 'rr': 2, 'bias': True}",20,0.35,-0.021,0.96,21,0.43,-0.104,0.82,-2.6,-6.6
XAUUSD,ASR,"{'tf': '30min', 'win': 'BOTH', 'rr': 3, 'bias': False}",42,0.31,-0.117,0.8,38,0.32,-0.172,0.69,-11.4,-11.9
XAUUSD,ASR,"{'tf': '30min', 'win': 'BOTH', 'rr': 3, 'bias': True}",20,0.35,0.124,1.24,21,0.43,-0.102,0.82,0.3,-6.0
XAUUSD,ABO,"{'tf': '15min', 'win': 'W1', 'rr': 2, 'bias': False}",40,0.52,0.183,1.95,32,0.47,0.155,1.71,12.3,-3.2
XAUUSD,ABO,"{'tf': '15min', 'win': 'W1', 'rr': 2, 'bias': True}",31,0.58,0.258,2.33,21,0.43,0.146,1.73,11.1,-1.7
XAUUSD,ABO,"{'tf': '15min', 'win': 'W1', 'rr': 3, 'bias': False}",40,0.52,0.202,2.04,32,0.47,0.163,1.75,13.3,-3.2
XAUUSD,ABO,"{'tf': '15min', 'win': 'W1', 'rr': 3, 'bias': True}",31,0.58,0.282,2.45,21,0.43,0.118,1.59,11.2,-1.7
XAUUSD,ABO,"{'tf': '30min', 'win': 'W1', 'rr': 2, 'bias': False}",36,0.53,0.164,1.93,30,0.47,0.139,1.68,10.1,-2.8
XAUUSD,ABO,"{'tf': '30min', 'win': 'W1', 'rr': 2, 'bias': True}",30,0.53,0.231,2.48,21,0.48,0.183,2.12,10.8,-1.3
XAUUSD,ABO,"{'tf': '30min', 'win': 'W1', 'rr': 3, 'bias': False}",36,0.53,0.186,2.05,30,0.47,0.139,1.69,10.9,-2.8
XAUUSD,ABO,"{'tf': '30min', 'win': 'W1', 'rr': 3, 'bias': True}",30,0.53,0.258,2.65,21,0.48,0.184,2.13,11.6,-1.3
XAUUSD,ABO,"{'tf': '1h', 'win': 'W1', 'rr': 2, 'bias': False}",32,0.53,0.294,2.95,29,0.41,-0.044,0.86,8.1,-3.2
XAUUSD,ABO,"{'tf': '1h', 'win': 'W1', 'rr': 2, 'bias': True}",29,0.52,0.329,3.35,24,0.5,0.074,1.3,11.3,-3.1
XAUUSD,ABO,"{'tf': '1h', 'win': 'W1', 'rr': 3, 'bias': False}",32,0.53,0.311,3.07,29,0.41,-0.043,0.86,8.7,-3.2
XAUUSD,ABO,"{'tf': '1h', 'win': 'W1', 'rr': 3, 'bias': True}",29,0.52,0.348,3.49,24,0.5,0.075,1.3,11.9,-3.1
XAUUSD,ORB,"{'or_min': 15, 'tf': '5min', 'rr': 2, 'bias': False, 'mid': False}",73,0.45,0.087,1.18,53,0.38,-0.206,0.61,-4.6,-17.6
XAUUSD,ORB,"{'or_min': 15, 'tf': '5min', 'rr': 2, 'bias': False, 'mid': True}",74,0.39,0.024,1.04,53,0.3,-0.296,0.58,-13.9,-19.6
XAUUSD,ORB,"{'or_min': 15, 'tf': '5min', 'rr': 2, 'bias': True, 'mid': False}",41,0.44,0.12,1.23,29,0.38,-0.152,0.69,0.5,-11.6
XAUUSD,ORB,"{'or_min': 15, 'tf': '5min', 'rr': 2, 'bias': True, 'mid': True}",42,0.38,0.075,1.12,29,0.31,-0.22,0.68,-3.2,-16.6
XAUUSD,ORB,"{'or_min': 15, 'tf': '5min', 'rr': 3, 'bias': False, 'mid': False}",73,0.41,-0.019,0.96,53,0.38,-0.178,0.66,-10.8,-17.6
XAUUSD,ORB,"{'or_min': 15, 'tf': '5min', 'rr': 3, 'bias': False, 'mid': True}",74,0.38,0.142,1.22,53,0.25,-0.353,0.54,-8.2,-21.0
XAUUSD,ORB,"{'or_min': 15, 'tf': '5min', 'rr': 3, 'bias': True, 'mid': False}",41,0.39,0.042,1.08,29,0.38,-0.111,0.78,-1.5,-10.6
XAUUSD,ORB,"{'or_min': 15, 'tf': '5min', 'rr': 3, 'bias': True, 'mid': True}",42,0.36,0.251,1.38,29,0.24,-0.289,0.62,2.1,-15.6
XAUUSD,ORB,"{'or_min': 15, 'tf': '15min', 'rr': 2, 'bias': False, 'mid': False}",66,0.47,0.077,1.18,49,0.43,-0.123,0.74,-0.9,-12.1
XAUUSD,ORB,"{'or_min': 15, 'tf': '15min', 'rr': 2, 'bias': False, 'mid': True}",69,0.45,0.179,1.35,49,0.31,-0.33,0.52,-3.8,-18.1
XAUUSD,ORB,"{'or_min': 15, 'tf': '15min', 'rr': 2, 'bias': True, 'mid': False}",44,0.48,0.088,1.21,29,0.45,0.015,1.04,4.3,-9.8
XAUUSD,ORB,"{'or_min': 15, 'tf': '15min', 'rr': 2, 'bias': True, 'mid': True}",46,0.48,0.232,1.46,29,0.34,-0.188,0.71,5.2,-13.3
XAUUSD,ORB,"{'or_min': 15, 'tf': '15min', 'rr': 3, 'bias': False, 'mid': False}",66,0.44,-0.061,0.87,49,0.41,-0.184,0.62,-13.1,-15.7
XAUUSD,ORB,"{'or_min': 15, 'tf': '15min', 'rr': 3, 'bias': False, 'mid': True}",69,0.39,0.099,1.17,49,0.24,-0.469,0.38,-16.2,-26.3
XAUUSD,ORB,"{'or_min': 15, 'tf': '15min', 'rr': 3, 'bias': True, 'mid': False}",44,0.45,-0.026,0.94,29,0.41,-0.089,0.8,-3.7,-10.6
XAUUSD,ORB,"{'or_min': 15, 'tf': '15min', 'rr': 3, 'bias': True, 'mid': True}",46,0.41,0.188,1.33,29,0.24,-0.418,0.45,-3.5,-13.4
XAUUSD,ORB,"{'or_min': 30, 'tf': '5min', 'rr': 2, 'bias': False, 'mid': False}",61,0.41,-0.013,0.97,47,0.4,-0.09,0.8,-5.0,-11.5
XAUUSD,ORB,"{'or_min': 30, 'tf': '5min', 'rr': 2, 'bias': False, 'mid': True}",63,0.35,-0.008,0.99,47,0.34,-0.185,0.71,-9.2,-15.0
XAUUSD,ORB,"{'or_min': 30, 'tf': '5min', 'rr': 2, 'bias': True, 'mid': False}",41,0.44,0.01,1.02,31,0.42,-0.021,0.95,-0.3,-7.8
XAUUSD,ORB,"{'or_min': 30, 'tf': '5min', 'rr': 2, 'bias': True, 'mid': True}",43,0.35,-0.004,0.99,31,0.35,-0.092,0.85,-3.0,-11.8
XAUUSD,ORB,"{'or_min': 30, 'tf': '5min', 'rr': 3, 'bias': False, 'mid': False}",61,0.39,0.001,1.0,47,0.4,-0.101,0.77,-4.7,-11.5
XAUUSD,ORB,"{'or_min': 30, 'tf': '5min', 'rr': 3, 'bias': False, 'mid': True}",63,0.32,-0.093,0.85,47,0.32,-0.139,0.79,-12.4,-22.4
XAUUSD,ORB,"{'or_min': 30, 'tf': '5min', 'rr': 3, 'bias': True, 'mid': False}",41,0.41,0.006,1.01,31,0.42,-0.037,0.92,-0.9,-7.5
XAUUSD,ORB,"{'or_min': 30, 'tf': '5min', 'rr': 3, 'bias': True, 'mid': True}",43,0.3,-0.127,0.8,31,0.32,-0.088,0.86,-8.2,-15.3
XAUUSD,ORB,"{'or_min': 30, 'tf': '15min', 'rr': 2, 'bias': False, 'mid': False}",51,0.39,-0.082,0.81,41,0.44,-0.155,0.65,-10.6,-14.1
XAUUSD,ORB,"{'or_min': 30, 'tf': '15min', 'rr': 2, 'bias': False, 'mid': True}",55,0.35,-0.069,0.88,42,0.31,-0.406,0.4,-20.8,-27.5
XAUUSD,ORB,"{'or_min': 30, 'tf': '15min', 'rr': 2, 'bias': True, 'mid': False}",36,0.39,-0.069,0.85,27,0.41,-0.153,0.66,-6.6,-7.8
XAUUSD,ORB,"{'or_min': 30, 'tf': '15min', 'rr': 2, 'bias': True, 'mid': True}",39,0.33,-0.047,0.92,28,0.32,-0.352,0.46,-11.7,-15.8
XAUUSD,ORB,"{'or_min': 30, 'tf': '15min', 'rr': 3, 'bias': False, 'mid': False}",51,0.39,-0.102,0.77,41,0.44,-0.174,0.6,-12.4,-16.9
XAUUSD,ORB,"{'or_min': 30, 'tf': '15min', 'rr': 3, 'bias': False, 'mid': True}",55,0.31,-0.158,0.74,42,0.31,-0.358,0.47,-23.8,-32.6
XAUUSD,ORB,"{'or_min': 30, 'tf': '15min', 'rr': 3, 'bias': True, 'mid': False}",36,0.39,-0.097,0.78,27,0.41,-0.181,0.6,-8.4,-10.4
XAUUSD,ORB,"{'or_min': 30, 'tf': '15min', 'rr': 3, 'bias': True, 'mid': True}",39,0.28,-0.225,0.65,28,0.32,-0.317,0.52,-17.6,-19.9
XAUUSD,TPB,"{'tf': '5min', 'win': 'W1', 'rr': 2, 'swing': True}",68,0.34,-0.157,0.76,48,0.33,-0.045,0.93,-12.8,-23.5
XAUUSD,TPB,"{'tf': '5min', 'win': 'W1', 'rr': 3, 'swing': True}",68,0.32,-0.059,0.91,48,0.33,0.093,1.14,0.4,-20.1
XAUUSD,TPB,"{'tf': '5min', 'win': 'W2', 'rr': 2, 'swing': True}",59,0.46,0.271,1.5,45,0.4,0.07,1.11,19.1,-9.8
XAUUSD,TPB,"{'tf': '5min', 'win': 'W2', 'rr': 3, 'swing': True}",59,0.41,0.397,1.68,45,0.31,-0.085,0.88,19.6,-15.0
XAUUSD,TPB,"{'tf': '5min', 'win': 'BOTH', 'rr': 2, 'swing': True}",71,0.34,-0.152,0.77,54,0.31,-0.101,0.85,-16.3,-25.4
XAUUSD,TPB,"{'tf': '5min', 'win': 'BOTH', 'rr': 3, 'swing': True}",71,0.32,-0.044,0.93,54,0.3,-0.035,0.95,-5.0,-19.2
XAUUSD,TPB,"{'tf': '15min', 'win': 'W1', 'rr': 2, 'swing': True}",54,0.33,-0.24,0.62,28,0.39,0.147,1.3,-8.9,-21.7
XAUUSD,TPB,"{'tf': '15min', 'win': 'W1', 'rr': 3, 'swing': True}",54,0.31,-0.217,0.67,28,0.29,0.02,1.04,-11.2,-25.4
XAUUSD,TPB,"{'tf': '15min', 'win': 'W2', 'rr': 2, 'swing': True}",40,0.5,0.216,1.47,33,0.42,-0.14,0.74,4.0,-8.0
XAUUSD,TPB,"{'tf': '15min', 'win': 'W2', 'rr': 3, 'swing': True}",40,0.48,0.14,1.3,33,0.42,-0.115,0.79,1.8,-7.4
XAUUSD,TPB,"{'tf': '15min', 'win': 'BOTH', 'rr': 2, 'swing': True}",65,0.35,-0.193,0.68,44,0.45,0.104,1.22,-7.9,-20.1
XAUUSD,TPB,"{'tf': '15min', 'win': 'BOTH', 'rr': 3, 'swing': True}",65,0.34,-0.207,0.67,44,0.39,-0.003,0.99,-13.6,-27.3
XAUUSD,TPB,"{'tf': '30min', 'win': 'W1', 'rr': 2, 'swing': True}",33,0.33,-0.041,0.92,18,0.44,0.04,1.08,-0.6,-4.8
XAUUSD,TPB,"{'tf': '30min', 'win': 'W1', 'rr': 3, 'swing': True}",33,0.33,0.07,1.13,18,0.39,0.04,1.07,3.1,-5.2
XAUUSD,TPB,"{'tf': '30min', 'win': 'W2', 'rr': 2, 'swing': True}",31,0.55,0.42,2.24,23,0.57,0.025,1.06,13.6,-4.9
XAUUSD,TPB,"{'tf': '30min', 'win': 'W2', 'rr': 3, 'swing': True}",31,0.52,0.317,1.91,23,0.57,-0.007,0.98,9.7,-4.9
XAUUSD,TPB,"{'tf': '30min', 'win': 'BOTH', 'rr': 2, 'swing': True}",48,0.44,0.171,1.4,31,0.52,0.05,1.11,9.8,-3.6
XAUUSD,TPB,"{'tf': '30min', 'win': 'BOTH', 'rr': 3, 'swing': True}",48,0.44,0.268,1.63,31,0.48,0.026,1.05,13.6,-4.1
XAUUSD,LSR,"{'tf': '5min', 'win': 'W2', 'rr': 2, 'bias': False, 'level': 'london'}",56,0.39,0.046,1.08,43,0.4,0.142,1.25,8.7,-7.4
XAUUSD,LSR,"{'tf': '5min', 'win': 'W2', 'rr': 2, 'bias': True, 'level': 'london'}",22,0.5,0.41,1.85,19,0.37,0.008,1.01,9.2,-4.7
XAUUSD,LSR,"{'tf': '5min', 'win': 'W2', 'rr': 3, 'bias': False, 'level': 'london'}",56,0.34,-0.008,0.99,43,0.37,0.279,1.48,11.6,-9.1
XAUUSD,LSR,"{'tf': '5min', 'win': 'W2', 'rr': 3, 'bias': True, 'level': 'london'}",22,0.45,0.39,1.73,19,0.32,-0.014,0.98,8.3,-5.9
XAUUSD,LSR,"{'tf': '15min', 'win': 'W2', 'rr': 2, 'bias': False, 'level': 'london'}",48,0.42,0.04,1.07,36,0.56,0.512,2.37,20.4,-9.4
XAUUSD,LSR,"{'tf': '15min', 'win': 'W2', 'rr': 2, 'bias': True, 'level': 'london'}",17,0.47,0.28,1.54,16,0.5,0.423,1.93,11.5,-7.8
XAUUSD,LSR,"{'tf': '15min', 'win': 'W2', 'rr': 3, 'bias': False, 'level': 'london'}",48,0.4,0.006,1.01,36,0.5,0.478,2.18,17.5,-10.2
XAUUSD,LSR,"{'tf': '15min', 'win': 'W2', 'rr': 3, 'bias': True, 'level': 'london'}",17,0.47,0.308,1.59,16,0.5,0.596,2.31,14.8,-7.8
XAUUSD,LSR,"{'tf': '15min', 'win': 'BOTH', 'rr': 2, 'bias': False, 'level': 'pd'}",34,0.47,-0.114,0.71,35,0.57,0.12,1.41,0.3,-6.2
XAUUSD,LSR,"{'tf': '15min', 'win': 'BOTH', 'rr': 2, 'bias': True, 'level': 'pd'}",9,0.56,0.141,1.44,5,0.4,-0.043,0.9,1.1,-2.1
XAUUSD,LSR,"{'tf': '15min', 'win': 'BOTH', 'rr': 3, 'bias': False, 'level': 'pd'}",34,0.47,-0.116,0.7,35,0.57,0.132,1.45,0.7,-6.3
XAUUSD,LSR,"{'tf': '15min', 'win': 'BOTH', 'rr': 3, 'bias': True, 'level': 'pd'}",9,0.56,0.131,1.41,5,0.4,-0.043,0.9,1.0,-2.1
XAUUSD,LSR,"{'tf': '30min', 'win': 'BOTH', 'rr': 2, 'bias': False, 'level': 'pd'}",31,0.45,-0.104,0.72,32,0.56,-0.028,0.9,-4.1,-7.6
XAUUSD,LSR,"{'tf': '30min', 'win': 'BOTH', 'rr': 2, 'bias': True, 'level': 'pd'}",8,0.5,0.164,1.77,6,0.5,-0.346,0.32,-0.8,-3.1
XAUUSD,LSR,"{'tf': '30min', 'win': 'BOTH', 'rr': 3, 'bias': False, 'level': 'pd'}",31,0.45,-0.107,0.71,32,0.56,-0.028,0.9,-4.2,-7.7
XAUUSD,LSR,"{'tf': '30min', 'win': 'BOTH', 'rr': 3, 'bias': True, 'level': 'pd'}",8,0.5,0.152,1.71,6,0.5,-0.346,0.32,-0.9,-3.1
XAUUSD,LSR,"{'tf': '1h', 'win': 'BOTH', 'rr': 2, 'bias': False, 'level': 'pd'}",24,0.62,0.193,1.87,28,0.68,0.188,2.01,9.9,-3.1
XAUUSD,LSR,"{'tf': '1h', 'win': 'BOTH', 'rr': 2, 'bias': True, 'level': 'pd'}",8,0.5,0.164,2.15,6,0.33,-0.235,0.37,-0.1,-2.6
XAUUSD,LSR,"{'tf': '1h', 'win': 'BOTH', 'rr': 3, 'bias': False, 'level': 'pd'}",24,0.62,0.189,1.85,28,0.68,0.224,2.21,10.8,-3.1
XAUUSD,LSR,"{'tf': '1h', 'win': 'BOTH', 'rr': 3, 'bias': True, 'level': 'pd'}",8,0.5,0.152,2.06,6,0.33,-0.235,0.37,-0.2,-2.6
GBPJPY,ASR,"{'tf': '5min', 'win': 'W1', 'rr': 2, 'bias': False}",56,0.41,-0.071,0.89,36,0.28,-0.325,0.6,-15.7,-20.7
GBPJPY,ASR,"{'tf': '5min', 'win': 'W1', 'rr': 2, 'bias': True}",29,0.41,-0.105,0.84,19,0.26,-0.372,0.56,-10.1,-10.1
GBPJPY,ASR,"{'tf': '5min', 'win': 'W1', 'rr': 3, 'bias': False}",56,0.39,0.011,1.02,36,0.25,-0.222,0.74,-7.4,-19.7
GBPJPY,ASR,"{'tf': '5min', 'win': 'W1', 'rr': 3, 'bias': True}",29,0.41,0.031,1.05,19,0.26,-0.219,0.74,-3.3,-8.2
GBPJPY,ASR,"{'tf': '5min', 'win': 'BOTH', 'rr': 2, 'bias': False}",63,0.41,-0.024,0.96,44,0.27,-0.345,0.54,-16.7,-23.0
GBPJPY,ASR,"{'tf': '5min', 'win': 'BOTH', 'rr': 2, 'bias': True}",38,0.45,0.078,1.14,27,0.33,-0.264,0.64,-4.2,-10.2
GBPJPY,ASR,"{'tf': '5min', 'win': 'BOTH', 'rr': 3, 'bias': False}",63,0.4,0.052,1.08,44,0.25,-0.261,0.66,-8.2,-23.0
GBPJPY,ASR,"{'tf': '5min', 'win': 'BOTH', 'rr': 3, 'bias': True}",38,0.45,0.214,1.39,27,0.3,-0.268,0.66,0.9,-11.3
GBPJPY,ASR,"{'tf': '15min', 'win': 'W1', 'rr': 2, 'bias': False}",52,0.42,-0.05,0.92,34,0.32,-0.191,0.74,-9.1,-12.9
GBPJPY,ASR,"{'tf': '15min', 'win': 'W1', 'rr': 2, 'bias': True}",24,0.42,0.007,1.01,17,0.29,-0.342,0.58,-5.6,-6.7
GBPJPY,ASR,"{'tf': '15min', 'win': 'W1', 'rr': 3, 'bias': False}",52,0.4,0.017,1.03,34,0.26,-0.194,0.75,-5.7,-15.3
GBPJPY,ASR,"{'tf': '15min', 'win': 'W1', 'rr': 3, 'bias': True}",24,0.42,0.096,1.16,17,0.29,-0.206,0.74,-1.2,-6.7
GBPJPY,ASR,"{'tf': '15min', 'win': 'BOTH', 'rr': 2, 'bias': False}",60,0.43,0.006,1.01,44,0.3,-0.271,0.62,-11.6,-17.5
GBPJPY,ASR,"{'tf': '15min', 'win': 'BOTH', 'rr': 2, 'bias': True}",34,0.53,0.265,1.59,25,0.32,-0.38,0.49,-0.5,-10.2
GBPJPY,ASR,"{'tf': '15min', 'win': 'BOTH', 'rr': 3, 'bias': False}",60,0.42,0.058,1.1,44,0.25,-0.274,0.63,-8.6,-19.8
GBPJPY,ASR,"{'tf': '15min', 'win': 'BOTH', 'rr': 3, 'bias': True}",34,0.53,0.347,1.78,25,0.32,-0.288,0.61,4.6,-8.9
GBPJPY,ASR,"{'tf': '30min', 'win': 'W1', 'rr': 2, 'bias': False}",44,0.43,-0.032,0.94,28,0.32,-0.092,0.87,-4.0,-13.0
GBPJPY,ASR,"{'tf': '30min', 'win': 'W1', 'rr': 2, 'bias': True}",19,0.32,-0.131,0.79,11,0.36,-0.241,0.66,-5.1,-6.8
GBPJPY,ASR,"{'tf': '30min', 'win': 'W1', 'rr': 3, 'bias': False}",44,0.41,-0.025,0.95,28,0.25,-0.113,0.85,-4.3,-16.0
GBPJPY,ASR,"{'tf': '30min', 'win': 'W1', 'rr': 3, 'bias': True}",19,0.32,-0.047,0.92,11,0.36,-0.087,0.88,-1.8,-5.5
GBPJPY,ASR,"{'tf': '30min', 'win': 'BOTH', 'rr': 2, 'bias': False}",53,0.45,-0.017,0.96,38,0.24,-0.259,0.63,-10.7,-18.7
GBPJPY,ASR,"{'tf': '30min', 'win': 'BOTH', 'rr': 2, 'bias': True}",30,0.5,0.032,1.07,22,0.27,-0.405,0.4,-7.9,-11.8
GBPJPY,ASR,"{'tf': '30min', 'win': 'BOTH', 'rr': 3, 'bias': False}",53,0.43,-0.012,0.98,38,0.18,-0.274,0.63,-11.0,-22.9
GBPJPY,ASR,"{'tf': '30min', 'win': 'BOTH', 'rr': 3, 'bias': True}",30,0.5,0.102,1.22,22,0.27,-0.328,0.51,-4.2,-11.1
GBPJPY,ABO,"{'tf': '15min', 'win': 'W1', 'rr': 2, 'bias': False}",60,0.47,-0.019,0.96,39,0.41,-0.167,0.7,-7.7,-18.0
GBPJPY,ABO,"{'tf': '15min', 'win': 'W1', 'rr': 2, 'bias': True}",41,0.39,-0.192,0.67,29,0.28,-0.388,0.44,-19.1,-28.7
GBPJPY,ABO,"{'tf': '15min', 'win': 'W1', 'rr': 3, 'bias': False}",60,0.47,0.004,1.01,39,0.41,-0.092,0.83,-3.3,-13.7
GBPJPY,ABO,"{'tf': '15min', 'win': 'W1', 'rr': 3, 'bias': True}",41,0.39,-0.196,0.67,29,0.28,-0.31,0.55,-17.0,-26.7
GBPJPY,ABO,"{'tf': '30min', 'win': 'W1', 'rr': 2, 'bias': False}",56,0.48,-0.053,0.9,34,0.35,-0.072,0.85,-5.4,-13.7
GBPJPY,ABO,"{'tf': '30min', 'win': 'W1', 'rr': 2, 'bias': True}",42,0.43,-0.139,0.75,25,0.4,-0.104,0.8,-8.4,-15.9
GBPJPY,ABO,"{'tf': '30min', 'win': 'W1', 'rr': 3, 'bias': False}",56,0.48,-0.006,0.99,34,0.32,-0.087,0.83,-3.3,-12.3
GBPJPY,ABO,"{'tf': '30min', 'win': 'W1', 'rr': 3, 'bias': True}",42,0.43,-0.083,0.85,25,0.36,-0.127,0.78,-6.6,-15.0
GBPJPY,ABO,"{'tf': '1h', 'win': 'W1', 'rr': 2, 'bias': False}",49,0.49,-0.007,0.98,34,0.41,-0.089,0.81,-3.3,-11.1
GBPJPY,ABO,"{'tf': '1h', 'win': 'W1', 'rr': 2, 'bias': True}",41,0.49,0.0,1.0,29,0.45,-0.123,0.75,-3.6,-10.6
GBPJPY,ABO,"{'tf': '1h', 'win': 'W1', 'rr': 3, 'bias': False}",49,0.49,0.08,1.18,34,0.38,-0.098,0.8,0.6,-10.7
GBPJPY,ABO,"{'tf': '1h', 'win': 'W1', 'rr': 3, 'bias': True}",41,0.49,0.08,1.18,29,0.41,-0.158,0.7,-1.3,-11.1
GBPJPY,ORB,"{'or_min': 15, 'tf': '5min', 'rr': 2, 'bias': False, 'mid': False}",74,0.31,-0.313,0.59,55,0.4,-0.214,0.67,-34.9,-36.7
GBPJPY,ORB,"{'or_min': 15, 'tf': '5min', 'rr': 2, 'bias': False, 'mid': True}",75,0.28,-0.393,0.53,56,0.39,-0.153,0.78,-38.1,-40.4
GBPJPY,ORB,"{'or_min': 15, 'tf': '5min', 'rr': 2, 'bias': True, 'mid': False}",43,0.37,-0.167,0.76,28,0.39,-0.213,0.69,-13.2,-14.3
GBPJPY,ORB,"{'or_min': 15, 'tf': '5min', 'rr': 2, 'bias': True, 'mid': True}",44,0.34,-0.258,0.66,29,0.38,-0.179,0.75,-16.5,-17.2
GBPJPY,ORB,"{'or_min': 15, 'tf': '5min', 'rr': 3, 'bias': False, 'mid': False}",74,0.31,-0.295,0.61,55,0.38,-0.246,0.62,-35.3,-37.0
GBPJPY,ORB,"{'or_min': 15, 'tf': '5min', 'rr': 3, 'bias': False, 'mid': True}",75,0.25,-0.395,0.55,56,0.36,-0.197,0.73,-40.6,-42.5
GBPJPY,ORB,"{'or_min': 15, 'tf': '5min', 'rr': 3, 'bias': True, 'mid': False}",43,0.37,-0.117,0.83,28,0.36,-0.31,0.54,-13.7,-14.9
GBPJPY,ORB,"{'or_min': 15, 'tf': '5min', 'rr': 3, 'bias': True, 'mid': True}",44,0.3,-0.267,0.67,29,0.31,-0.319,0.58,-21.0,-21.3
GBPJPY,ORB,"{'or_min': 15, 'tf': '15min', 'rr': 2, 'bias': False, 'mid': False}",67,0.39,-0.217,0.67,51,0.49,-0.053,0.91,-17.3,-21.1
GBPJPY,ORB,"{'or_min': 15, 'tf': '15min', 'rr': 2, 'bias': False, 'mid': True}",69,0.33,-0.307,0.6,52,0.5,0.095,1.16,-16.2,-24.5
GBPJPY,ORB,"{'or_min': 15, 'tf': '15min', 'rr': 2, 'bias': True, 'mid': False}",41,0.49,-0.012,0.98,28,0.46,-0.118,0.8,-3.8,-9.2
GBPJPY,ORB,"{'or_min': 15, 'tf': '15min', 'rr': 2, 'bias': True, 'mid': True}",42,0.43,-0.092,0.86,28,0.46,-0.016,0.97,-4.3,-10.6
GBPJPY,ORB,"{'or_min': 15, 'tf': '15min', 'rr': 3, 'bias': False, 'mid': False}",67,0.39,-0.201,0.69,51,0.43,-0.16,0.73,-21.6,-26.4
GBPJPY,ORB,"{'or_min': 15, 'tf': '15min', 'rr': 3, 'bias': False, 'mid': True}",69,0.32,-0.353,0.55,52,0.44,-0.017,0.97,-25.2,-29.3
GBPJPY,ORB,"{'or_min': 15, 'tf': '15min', 'rr': 3, 'bias': True, 'mid': False}",41,0.49,-0.0,1.0,28,0.43,-0.17,0.71,-4.8,-11.0
GBPJPY,ORB,"{'or_min': 15, 'tf': '15min', 'rr': 3, 'bias': True, 'mid': True}",42,0.4,-0.117,0.83,28,0.39,-0.146,0.78,-9.0,-13.6
GBPJPY,ORB,"{'or_min': 30, 'tf': '5min', 'rr': 2, 'bias': False, 'mid': False}",67,0.4,-0.18,0.68,51,0.47,-0.14,0.71,-19.2,-20.6
GBPJPY,ORB,"{'or_min': 30, 'tf': '5min', 'rr': 2, 'bias': False, 'mid': True}",69,0.35,-0.216,0.71,53,0.4,-0.196,0.69,-25.3,-27.2
GBPJPY,ORB,"{'or_min': 30, 'tf': '5min', 'rr': 2, 'bias': True, 'mid': False}",39,0.41,-0.071,0.86,28,0.46,-0.252,0.51,-9.8,-11.8
GBPJPY,ORB,"{'or_min': 30, 'tf': '5min', 'rr': 2, 'bias': True, 'mid': True}",40,0.45,0.037,1.06,29,0.31,-0.388,0.48,-9.8,-11.8
GBPJPY,ORB,"{'or_min': 30, 'tf': '5min', 'rr': 3, 'bias': False, 'mid': False}",67,0.4,-0.155,0.73,51,0.45,-0.17,0.65,-19.1,-20.5
GBPJPY,ORB,"{'or_min': 30, 'tf': '5min', 'rr': 3, 'bias': False, 'mid': True}",69,0.3,-0.314,0.6,53,0.38,-0.187,0.71,-31.6,-32.3
GBPJPY,ORB,"{'or_min': 30, 'tf': '5min', 'rr': 3, 'bias': True, 'mid': False}",39,0.41,0.0,1.0,28,0.46,-0.25,0.51,-7.0,-9.6
GBPJPY,ORB,"{'or_min': 30, 'tf': '5min', 'rr': 3, 'bias': True, 'mid': True}",40,0.38,-0.064,0.91,29,0.28,-0.476,0.38,-16.3,-17.1
GBPJPY,ORB,"{'or_min': 30, 'tf': '15min', 'rr': 2, 'bias': False, 'mid': False}",59,0.37,-0.275,0.52,43,0.51,-0.044,0.9,-18.1,-19.3
GBPJPY,ORB,"{'or_min': 30, 'tf': '15min', 'rr': 2, 'bias': False, 'mid': True}",62,0.34,-0.312,0.57,45,0.44,-0.067,0.88,-22.4,-23.9
GBPJPY,ORB,"{'or_min': 30, 'tf': '15min', 'rr': 2, 'bias': True, 'mid': False}",38,0.42,-0.133,0.75,25,0.44,-0.177,0.63,-9.5,-10.5
GBPJPY,ORB,"{'or_min': 30, 'tf': '15min', 'rr': 2, 'bias': True, 'mid': True}",39,0.41,-0.091,0.86,25,0.36,-0.249,0.62,-9.8,-12.8
GBPJPY,ORB,"{'or_min': 30, 'tf': '15min', 'rr': 3, 'bias': False, 'mid': False}",59,0.37,-0.257,0.55,43,0.49,-0.106,0.76,-19.7,-20.4
GBPJPY,ORB,"{'or_min': 30, 'tf': '15min', 'rr': 3, 'bias': False, 'mid': True}",62,0.32,-0.335,0.55,45,0.44,-0.025,0.96,-21.9,-24.5
GBPJPY,ORB,"{'or_min': 30, 'tf': '15min', 'rr': 3, 'bias': True, 'mid': False}",38,0.42,-0.106,0.8,25,0.44,-0.175,0.64,-8.4,-10.5
GBPJPY,ORB,"{'or_min': 30, 'tf': '15min', 'rr': 3, 'bias': True, 'mid': True}",39,0.38,-0.098,0.85,25,0.36,-0.242,0.63,-9.9,-15.0
GBPJPY,TPB,"{'tf': '5min', 'win': 'W1', 'rr': 2, 'swing': True}",68,0.38,-0.074,0.89,53,0.3,-0.309,0.61,-21.4,-31.5
GBPJPY,TPB,"{'tf': '5min', 'win': 'W1', 'rr': 3, 'swing': True}",68,0.35,-0.092,0.87,53,0.28,-0.275,0.66,-20.9,-36.1
GBPJPY,TPB,"{'tf': '5min', 'win': 'W2', 'rr': 2, 'swing': True}",65,0.43,-0.008,0.99,50,0.28,-0.354,0.53,-18.2,-25.4
GBPJPY,TPB,"{'tf': '5min', 'win': 'W2', 'rr': 3, 'swing': True}",65,0.37,-0.005,0.99,50,0.26,-0.39,0.5,-19.8,-26.0
GBPJPY,TPB,"{'tf': '5min', 'win': 'BOTH', 'rr': 2, 'swing': True}",74,0.36,-0.122,0.83,57,0.28,-0.371,0.55,-30.2,-40.2
GBPJPY,TPB,"{'tf': '5min', 'win': 'BOTH', 'rr': 3, 'swing': True}",74,0.34,-0.126,0.83,57,0.26,-0.339,0.6,-28.6,-43.9
GBPJPY,TPB,"{'tf': '15min', 'win': 'W1', 'rr': 2, 'swing': True}",54,0.37,-0.219,0.69,43,0.47,-0.0,1.0,-11.9,-25.8
GBPJPY,TPB,"{'tf': '15min', 'win': 'W1', 'rr': 3, 'swing': True}",54,0.37,-0.08,0.89,43,0.42,-0.048,0.92,-6.4,-21.9
GBPJPY,TPB,"{'tf': '15min', 'win': 'W2', 'rr': 2, 'swing': True}",47,0.47,0.053,1.1,37,0.43,-0.173,0.69,-3.9,-9.4
GBPJPY,TPB,"{'tf': '15min', 'win': 'W2', 'rr': 3, 'swing': True}",47,0.45,0.05,1.1,37,0.43,-0.199,0.65,-5.0,-11.3
GBPJPY,TPB,"{'tf': '15min', 'win': 'BOTH', 'rr': 2, 'swing': True}",68,0.38,-0.177,0.74,52,0.44,-0.055,0.91,-14.9,-27.9
GBPJPY,TPB,"{'tf': '15min', 'win': 'BOTH', 'rr': 3, 'swing': True}",68,0.37,-0.084,0.88,52,0.4,-0.128,0.78,-12.3,-21.2
GBPJPY,TPB,"{'tf': '30min', 'win': 'W1', 'rr': 2, 'swing': True}",35,0.46,-0.035,0.93,32,0.59,0.402,2.15,11.6,-10.7
GBPJPY,TPB,"{'tf': '30min', 'win': 'W1', 'rr': 3, 'swing': True}",35,0.43,-0.058,0.89,32,0.53,0.256,1.66,6.2,-11.9
GBPJPY,TPB,"{'tf': '30min', 'win': 'W2', 'rr': 2, 'swing': True}",31,0.55,-0.038,0.92,23,0.13,-0.606,0.11,-15.1,-15.7
GBPJPY,TPB,"{'tf': '30min', 'win': 'W2', 'rr': 3, 'swing': True}",31,0.55,-0.056,0.87,23,0.13,-0.606,0.11,-15.7,-15.7
GBPJPY,TPB,"{'tf': '30min', 'win': 'BOTH', 'rr': 2, 'swing': True}",47,0.45,-0.133,0.75,44,0.45,0.124,1.29,-0.8,-17.2
GBPJPY,TPB,"{'tf': '30min', 'win': 'BOTH', 'rr': 3, 'swing': True}",47,0.43,-0.15,0.73,44,0.41,0.018,1.04,-6.3,-18.8
GBPJPY,LSR,"{'tf': '5min', 'win': 'W2', 'rr': 2, 'bias': False, 'level': 'london'}",34,0.24,-0.52,0.41,30,0.4,0.035,1.06,-16.6,-18.6
GBPJPY,LSR,"{'tf': '5min', 'win': 'W2', 'rr': 2, 'bias': True, 'level': 'london'}",10,0.4,-0.076,0.89,10,0.3,-0.125,0.78,-2.0,-4.7
GBPJPY,LSR,"{'tf': '5min', 'win': 'W2', 'rr': 3, 'bias': False, 'level': 'london'}",34,0.24,-0.484,0.45,30,0.37,-0.031,0.95,-17.4,-17.0
GBPJPY,LSR,"{'tf': '5min', 'win': 'W2', 'rr': 3, 'bias': True, 'level': 'london'}",10,0.4,0.124,1.18,10,0.2,-0.429,0.37,-3.1,-6.1
GBPJPY,LSR,"{'tf': '15min', 'win': 'W2', 'rr': 2, 'bias': False, 'level': 'london'}",30,0.27,-0.445,0.47,22,0.59,0.394,1.95,-4.7,-13.7
GBPJPY,LSR,"{'tf': '15min', 'win': 'W2', 'rr': 2, 'bias': True, 'level': 'london'}",9,0.33,-0.244,0.69,7,0.57,0.536,2.47,1.5,-2.4
GBPJPY,LSR,"{'tf': '15min', 'win': 'W2', 'rr': 3, 'bias': False, 'level': 'london'}",30,0.27,-0.446,0.47,22,0.59,0.422,2.02,-4.1,-13.3
GBPJPY,LSR,"{'tf': '15min', 'win': 'W2', 'rr': 3, 'bias': True, 'level': 'london'}",9,0.33,-0.204,0.74,7,0.57,0.298,1.82,0.3,-2.4
GBPJPY,LSR,"{'tf': '15min', 'win': 'BOTH', 'rr': 2, 'bias': False, 'level': 'pd'}",39,0.31,-0.356,0.44,24,0.38,-0.226,0.6,-19.3,-19.8
GBPJPY,LSR,"{'tf': '15min', 'win': 'BOTH', 'rr': 2, 'bias': True, 'level': 'pd'}",5,0.2,-0.856,0.06,5,0.6,-0.099,0.78,-4.8,-6.3
GBPJPY,LSR,"{'tf': '15min', 'win': 'BOTH', 'rr': 3, 'bias': False, 'level': 'pd'}",39,0.31,-0.383,0.4,24,0.38,-0.143,0.75,-18.4,-19.9
GBPJPY,LSR,"{'tf': '15min', 'win': 'BOTH', 'rr': 3, 'bias': True, 'level': 'pd'}",5,0.2,-0.856,0.06,5,0.6,-0.099,0.78,-4.8,-6.3
GBPJPY,LSR,"{'tf': '30min', 'win': 'BOTH', 'rr': 2, 'bias': False, 'level': 'pd'}",35,0.31,-0.213,0.59,23,0.52,0.071,1.18,-5.8,-10.7
GBPJPY,LSR,"{'tf': '30min', 'win': 'BOTH', 'rr': 2, 'bias': True, 'level': 'pd'}",5,0.4,-0.159,0.73,5,0.4,-0.375,0.39,-2.7,-3.3
GBPJPY,LSR,"{'tf': '30min', 'win': 'BOTH', 'rr': 3, 'bias': False, 'level': 'pd'}",35,0.31,-0.236,0.54,23,0.52,0.085,1.22,-6.3,-11.5
GBPJPY,LSR,"{'tf': '30min', 'win': 'BOTH', 'rr': 3, 'bias': True, 'level': 'pd'}",5,0.4,-0.277,0.53,5,0.4,-0.375,0.39,-3.3,-3.7
GBPJPY,LSR,"{'tf': '1h', 'win': 'BOTH', 'rr': 2, 'bias': False, 'level': 'pd'}",27,0.44,-0.073,0.8,20,0.35,-0.097,0.78,-3.9,-8.3
GBPJPY,LSR,"{'tf': '1h', 'win': 'BOTH', 'rr': 2, 'bias': True, 'level': 'pd'}",8,0.62,0.151,1.56,6,0.33,-0.337,0.35,-0.8,-3.2
GBPJPY,LSR,"{'tf': '1h', 'win': 'BOTH', 'rr': 3, 'bias': False, 'level': 'pd'}",27,0.44,-0.108,0.7,20,0.35,-0.07,0.84,-4.3,-8.9
GBPJPY,LSR,"{'tf': '1h', 'win': 'BOTH', 'rr': 3, 'bias': True, 'level': 'pd'}",8,0.62,0.078,1.29,6,0.33,-0.337,0.35,-1.4,-3.2
