pair,strat,params,n,IS_n,IS_avgR,IS_win,OOS_n,OOS_avgR,OOS_win,PF,totR,ddR,streak,worst_half
GBPUSD,NYF,"{'tf': '5min', 'k': 0.2, 'rr': 2, 'be': None}",72,39,-0.035,0.36,33,0.049,0.42,1.0,0.2,-11.2,8,-0.035
GBPUSD,NYF,"{'tf': '5min', 'k': 0.2, 'rr': 2, 'be': 1.0}",72,39,-0.175,0.26,33,-0.029,0.21,0.8,-7.8,-16.6,10,-0.175
GBPUSD,NYF,"{'tf': '5min', 'k': 0.2, 'rr': 3, 'be': None}",72,39,-0.09,0.31,33,0.133,0.42,1.02,0.9,-13.9,8,-0.09
GBPUSD,NYF,"{'tf': '5min', 'k': 0.2, 'rr': 3, 'be': 1.0}",72,39,-0.457,0.08,33,-0.09,0.12,0.49,-20.8,-23.6,20,-0.457
GBPUSD,NYF,"{'tf': '5min', 'k': 0.3, 'rr': 2, 'be': None}",49,26,0.031,0.38,23,-0.059,0.35,0.98,-0.5,-11.5,6,-0.059
GBPUSD,NYF,"{'tf': '5min', 'k': 0.3, 'rr': 2, 'be': 1.0}",49,26,-0.045,0.31,23,-0.076,0.22,0.89,-2.9,-12.6,6,-0.076
GBPUSD,NYF,"{'tf': '5min', 'k': 0.3, 'rr': 3, 'be': None}",49,26,0.017,0.31,23,-0.07,0.35,0.97,-1.2,-13.0,6,-0.07
GBPUSD,NYF,"{'tf': '5min', 'k': 0.3, 'rr': 3, 'be': 1.0}",49,26,-0.315,0.12,23,-0.25,0.09,0.51,-13.9,-15.5,13,-0.315
GBPUSD,NYF,"{'tf': '5min', 'k': 0.4, 'rr': 2, 'be': None}",27,13,0.092,0.38,14,0.118,0.43,1.17,2.9,-8.9,5,0.092
GBPUSD,NYF,"{'tf': '5min', 'k': 0.4, 'rr': 2, 'be': 1.0}",27,13,-0.062,0.31,14,0.027,0.21,0.97,-0.4,-10.5,13,-0.062
GBPUSD,NYF,"{'tf': '5min', 'k': 0.4, 'rr': 3, 'be': None}",27,13,-0.139,0.23,14,-0.043,0.43,0.88,-2.4,-11.4,5,-0.139
GBPUSD,NYF,"{'tf': '5min', 'k': 0.4, 'rr': 3, 'be': 1.0}",27,13,-0.446,0.08,14,-0.401,0.0,0.2,-11.4,-11.3,20,-0.446
GBPUSD,NYF,"{'tf': '15min', 'k': 0.2, 'rr': 2, 'be': None}",31,17,-0.056,0.47,14,0.323,0.64,1.24,3.6,-7.7,7,-0.056
GBPUSD,NYF,"{'tf': '15min', 'k': 0.2, 'rr': 2, 'be': 1.0}",31,17,-0.168,0.24,14,-0.023,0.29,0.72,-3.2,-4.9,8,-0.168
GBPUSD,NYF,"{'tf': '15min', 'k': 0.2, 'rr': 3, 'be': None}",31,17,0.019,0.47,14,0.417,0.64,1.42,6.2,-7.7,7,0.019
GBPUSD,NYF,"{'tf': '15min', 'k': 0.2, 'rr': 3, 'be': 1.0}",31,17,-0.404,0.12,14,-0.095,0.21,0.3,-8.2,-10.0,13,-0.404
GBPUSD,NYF,"{'tf': '15min', 'k': 0.3, 'rr': 2, 'be': None}",17,10,-0.203,0.4,7,-0.012,0.57,0.77,-2.1,-4.7,4,-0.203
GBPUSD,NYF,"{'tf': '15min', 'k': 0.3, 'rr': 2, 'be': 1.0}",17,10,-0.225,0.2,7,-0.372,0.29,0.34,-4.9,-4.8,5,-0.372
GBPUSD,NYF,"{'tf': '15min', 'k': 0.3, 'rr': 3, 'be': None}",17,10,-0.176,0.4,7,-0.063,0.57,0.76,-2.2,-4.4,4,-0.176
GBPUSD,NYF,"{'tf': '15min', 'k': 0.3, 'rr': 3, 'be': 1.0}",17,10,-0.425,0.1,7,-0.372,0.29,0.08,-6.9,-6.8,7,-0.425
GBPUSD,NYF,"{'tf': '15min', 'k': 0.4, 'rr': 2, 'be': None}",9,4,0.661,0.75,5,0.422,0.8,4.3,4.8,-1.3,1,0.422
GBPUSD,NYF,"{'tf': '15min', 'k': 0.4, 'rr': 2, 'be': 1.0}",9,4,0.308,0.5,5,-0.082,0.4,1.49,0.8,-1.5,2,-0.082
GBPUSD,NYF,"{'tf': '15min', 'k': 0.4, 'rr': 3, 'be': None}",9,4,0.73,0.75,5,0.351,0.8,4.24,4.7,-1.3,1,0.351
GBPUSD,NYF,"{'tf': '15min', 'k': 0.4, 'rr': 3, 'be': 1.0}",9,4,-0.192,0.25,5,-0.082,0.4,0.33,-1.2,-1.5,2,-0.192
GBPUSD,ABO,"{'tf': '30min', 'win': 'W1', 'rr': 2, 'bias': False, 'be': None}",110,62,0.007,0.44,48,-0.091,0.33,0.93,-3.9,-23.3,6,-0.091
GBPUSD,ABO,"{'tf': '30min', 'win': 'W1', 'rr': 2, 'bias': False, 'be': 1.0}",110,62,-0.134,0.26,48,-0.212,0.21,0.66,-18.5,-30.0,10,-0.212
GBPUSD,ABO,"{'tf': '30min', 'win': 'W1', 'rr': 2, 'bias': True, 'be': None}",65,34,0.022,0.38,31,-0.169,0.32,0.86,-4.5,-14.9,6,-0.169
GBPUSD,ABO,"{'tf': '30min', 'win': 'W1', 'rr': 2, 'bias': True, 'be': 1.0}",65,34,-0.055,0.26,31,-0.295,0.16,0.63,-11.0,-17.7,11,-0.295
GBPUSD,ABO,"{'tf': '30min', 'win': 'W1', 'rr': 3, 'bias': False, 'be': None}",110,62,0.027,0.44,48,-0.07,0.33,0.97,-1.7,-16.8,6,-0.07
GBPUSD,ABO,"{'tf': '30min', 'win': 'W1', 'rr': 3, 'bias': False, 'be': 1.0}",110,62,-0.198,0.18,48,-0.337,0.12,0.48,-28.5,-29.9,15,-0.337
GBPUSD,ABO,"{'tf': '30min', 'win': 'W1', 'rr': 3, 'bias': True, 'be': None}",65,34,0.039,0.38,31,-0.119,0.32,0.93,-2.4,-11.3,6,-0.119
GBPUSD,ABO,"{'tf': '30min', 'win': 'W1', 'rr': 3, 'bias': True, 'be': 1.0}",65,34,-0.114,0.18,31,-0.327,0.13,0.54,-14.0,-17.2,14,-0.327
GBPUSD,ABO,"{'tf': '1h', 'win': 'W1', 'rr': 2, 'bias': False, 'be': None}",99,53,0.087,0.45,46,-0.01,0.41,1.1,4.1,-9.5,5,-0.01
GBPUSD,ABO,"{'tf': '1h', 'win': 'W1', 'rr': 2, 'bias': False, 'be': 1.0}",99,53,-0.054,0.28,46,-0.169,0.26,0.74,-10.7,-18.7,9,-0.169
GBPUSD,ABO,"{'tf': '1h', 'win': 'W1', 'rr': 2, 'bias': True, 'be': None}",77,41,0.02,0.41,36,0.089,0.44,1.12,4.0,-6.5,4,0.02
GBPUSD,ABO,"{'tf': '1h', 'win': 'W1', 'rr': 2, 'bias': True, 'be': 1.0}",77,41,-0.09,0.27,36,-0.115,0.25,0.75,-7.8,-14.3,7,-0.115
GBPUSD,ABO,"{'tf': '1h', 'win': 'W1', 'rr': 3, 'bias': False, 'be': None}",99,53,0.142,0.45,46,0.055,0.41,1.24,10.0,-7.8,5,0.055
GBPUSD,ABO,"{'tf': '1h', 'win': 'W1', 'rr': 3, 'bias': False, 'be': 1.0}",99,53,-0.073,0.23,46,-0.299,0.17,0.57,-17.7,-22.3,13,-0.299
GBPUSD,ABO,"{'tf': '1h', 'win': 'W1', 'rr': 3, 'bias': True, 'be': None}",77,41,0.083,0.41,36,0.144,0.44,1.26,8.6,-7.2,4,0.083
GBPUSD,ABO,"{'tf': '1h', 'win': 'W1', 'rr': 3, 'bias': True, 'be': 1.0}",77,41,-0.09,0.22,36,-0.309,0.14,0.54,-14.8,-19.3,14,-0.309
GBPUSD,ASR,"{'tf': '5min', 'win': 'W1', 'rr': 2, 'pdfade': True, 'be': None}",57,40,-0.285,0.3,17,-0.189,0.35,0.66,-14.6,-20.6,8,-0.285
GBPUSD,ASR,"{'tf': '5min', 'win': 'W1', 'rr': 2, 'pdfade': True, 'be': 1.0}",57,40,-0.196,0.22,17,-0.13,0.35,0.72,-10.1,-17.0,11,-0.196
GBPUSD,ASR,"{'tf': '5min', 'win': 'W1', 'rr': 3, 'pdfade': True, 'be': None}",57,40,-0.179,0.3,17,-0.227,0.29,0.75,-11.0,-17.1,8,-0.227
GBPUSD,ASR,"{'tf': '5min', 'win': 'W1', 'rr': 3, 'pdfade': True, 'be': 1.0}",57,40,-0.271,0.12,17,-0.189,0.24,0.62,-14.1,-20.2,16,-0.271
GBPUSD,ASR,"{'tf': '15min', 'win': 'W1', 'rr': 2, 'pdfade': True, 'be': None}",50,35,-0.248,0.31,15,-0.438,0.33,0.57,-15.2,-18.5,8,-0.438
GBPUSD,ASR,"{'tf': '15min', 'win': 'W1', 'rr': 2, 'pdfade': True, 'be': 1.0}",50,35,-0.23,0.26,15,-0.288,0.27,0.59,-12.4,-17.6,9,-0.288
GBPUSD,ASR,"{'tf': '15min', 'win': 'W1', 'rr': 3, 'pdfade': True, 'be': None}",50,35,-0.171,0.31,15,-0.488,0.33,0.62,-13.3,-17.3,8,-0.488
GBPUSD,ASR,"{'tf': '15min', 'win': 'W1', 'rr': 3, 'pdfade': True, 'be': 1.0}",50,35,-0.287,0.17,15,-0.554,0.13,0.4,-18.4,-17.5,18,-0.554
GBPUSD,ASR,"{'tf': '30min', 'win': 'W1', 'rr': 2, 'pdfade': True, 'be': None}",42,29,-0.145,0.34,13,-0.27,0.38,0.71,-7.7,-12.1,6,-0.27
GBPUSD,ASR,"{'tf': '30min', 'win': 'W1', 'rr': 2, 'pdfade': True, 'be': 1.0}",42,29,-0.18,0.24,13,-0.25,0.31,0.65,-8.5,-12.9,13,-0.25
GBPUSD,ASR,"{'tf': '30min', 'win': 'W1', 'rr': 3, 'pdfade': True, 'be': None}",42,29,-0.078,0.34,13,-0.347,0.38,0.75,-6.8,-12.2,6,-0.347
GBPUSD,ASR,"{'tf': '30min', 'win': 'W1', 'rr': 3, 'pdfade': True, 'be': 1.0}",42,29,-0.18,0.17,13,-0.558,0.15,0.49,-12.5,-14.9,15,-0.558
GBPUSD,TPB,"{'tf': '15min', 'win': 'W1', 'rr': 2, 'dirmode': 'day', 'dmin': 0.15, 'be': None}",69,31,-0.295,0.32,38,-0.171,0.39,0.65,-15.6,-22.1,7,-0.295
GBPUSD,TPB,"{'tf': '15min', 'win': 'W1', 'rr': 2, 'dirmode': 'day', 'dmin': 0.15, 'be': 1.0}",69,31,-0.407,0.13,38,-0.237,0.26,0.47,-21.7,-26.1,25,-0.407
GBPUSD,TPB,"{'tf': '15min', 'win': 'W1', 'rr': 3, 'dirmode': 'day', 'dmin': 0.15, 'be': None}",69,31,-0.321,0.32,38,-0.139,0.39,0.66,-15.2,-21.6,7,-0.321
GBPUSD,TPB,"{'tf': '15min', 'win': 'W1', 'rr': 3, 'dirmode': 'day', 'dmin': 0.15, 'be': 1.0}",69,31,-0.666,0.0,38,-0.237,0.21,0.29,-29.7,-30.6,39,-0.666
GBPUSD,TPB,"{'tf': '15min', 'win': 'W2', 'rr': 2, 'dirmode': 'day', 'dmin': 0.15, 'be': None}",69,42,-0.035,0.43,27,0.03,0.41,0.98,-0.7,-6.7,5,-0.035
GBPUSD,TPB,"{'tf': '15min', 'win': 'W2', 'rr': 2, 'dirmode': 'day', 'dmin': 0.15, 'be': 1.0}",69,42,-0.193,0.19,27,-0.085,0.3,0.67,-10.4,-10.6,8,-0.193
GBPUSD,TPB,"{'tf': '15min', 'win': 'W2', 'rr': 3, 'dirmode': 'day', 'dmin': 0.15, 'be': None}",69,42,-0.026,0.4,27,0.155,0.41,1.09,3.1,-7.0,5,-0.026
GBPUSD,TPB,"{'tf': '15min', 'win': 'W2', 'rr': 3, 'dirmode': 'day', 'dmin': 0.15, 'be': 1.0}",69,42,-0.216,0.14,27,-0.122,0.22,0.61,-12.4,-12.1,9,-0.216
GBPUSD,TPB,"{'tf': '15min', 'win': 'BOTH', 'rr': 2, 'dirmode': 'day', 'dmin': 0.15, 'be': None}",102,54,-0.193,0.35,48,-0.216,0.35,0.67,-20.8,-27.7,9,-0.216
GBPUSD,TPB,"{'tf': '15min', 'win': 'BOTH', 'rr': 2, 'dirmode': 'day', 'dmin': 0.15, 'be': 1.0}",102,54,-0.323,0.15,48,-0.278,0.23,0.47,-30.8,-33.6,18,-0.323
GBPUSD,TPB,"{'tf': '15min', 'win': 'BOTH', 'rr': 3, 'dirmode': 'day', 'dmin': 0.15, 'be': None}",102,54,-0.182,0.35,48,-0.196,0.35,0.7,-19.2,-26.3,9,-0.196
GBPUSD,TPB,"{'tf': '15min', 'win': 'BOTH', 'rr': 3, 'dirmode': 'day', 'dmin': 0.15, 'be': 1.0}",102,54,-0.472,0.06,48,-0.32,0.17,0.31,-40.8,-40.7,23,-0.472
GBPUSD,TPB,"{'tf': '15min', 'win': 'W1', 'rr': 2, 'dirmode': 'day', 'dmin': 0.25, 'be': None}",32,13,-0.599,0.15,19,-0.243,0.37,0.36,-12.4,-15.0,7,-0.599
GBPUSD,TPB,"{'tf': '15min', 'win': 'W1', 'rr': 2, 'dirmode': 'day', 'dmin': 0.25, 'be': 1.0}",32,13,-0.464,0.15,19,-0.417,0.11,0.23,-14.0,-15.8,8,-0.464
GBPUSD,TPB,"{'tf': '15min', 'win': 'W1', 'rr': 3, 'dirmode': 'day', 'dmin': 0.25, 'be': None}",32,13,-0.587,0.15,19,-0.19,0.37,0.42,-11.3,-15.0,7,-0.587
GBPUSD,TPB,"{'tf': '15min', 'win': 'W1', 'rr': 3, 'dirmode': 'day', 'dmin': 0.25, 'be': 1.0}",32,13,-0.618,0.08,19,-0.364,0.11,0.18,-15.0,-15.2,9,-0.618
GBPUSD,TPB,"{'tf': '15min', 'win': 'W2', 'rr': 2, 'dirmode': 'day', 'dmin': 0.25, 'be': None}",55,33,-0.175,0.36,22,-0.079,0.41,0.76,-7.5,-11.9,5,-0.175
GBPUSD,TPB,"{'tf': '15min', 'win': 'W2', 'rr': 2, 'dirmode': 'day', 'dmin': 0.25, 'be': 1.0}",55,33,-0.248,0.18,22,-0.224,0.27,0.52,-13.1,-12.6,7,-0.248
GBPUSD,TPB,"{'tf': '15min', 'win': 'W2', 'rr': 3, 'dirmode': 'day', 'dmin': 0.25, 'be': None}",55,33,-0.148,0.33,22,0.103,0.41,0.92,-2.6,-10.5,5,-0.148
GBPUSD,TPB,"{'tf': '15min', 'win': 'W2', 'rr': 3, 'dirmode': 'day', 'dmin': 0.25, 'be': 1.0}",55,33,-0.218,0.15,22,-0.088,0.27,0.67,-9.1,-10.0,7,-0.218
GBPUSD,TPB,"{'tf': '15min', 'win': 'BOTH', 'rr': 2, 'dirmode': 'day', 'dmin': 0.25, 'be': None}",72,38,-0.293,0.29,34,-0.342,0.29,0.5,-22.7,-25.1,9,-0.342
GBPUSD,TPB,"{'tf': '15min', 'win': 'BOTH', 'rr': 2, 'dirmode': 'day', 'dmin': 0.25, 'be': 1.0}",72,38,-0.323,0.16,34,-0.485,0.09,0.29,-28.8,-30.0,15,-0.485
GBPUSD,TPB,"{'tf': '15min', 'win': 'BOTH', 'rr': 3, 'dirmode': 'day', 'dmin': 0.25, 'be': None}",72,38,-0.291,0.26,34,-0.254,0.29,0.58,-19.7,-24.8,9,-0.291
GBPUSD,TPB,"{'tf': '15min', 'win': 'BOTH', 'rr': 3, 'dirmode': 'day', 'dmin': 0.25, 'be': 1.0}",72,38,-0.297,0.13,34,-0.426,0.09,0.37,-25.8,-26.0,15,-0.426
GBPUSD,TPB,"{'tf': '30min', 'win': 'W1', 'rr': 2, 'dirmode': 'day', 'dmin': 0.15, 'be': None}",53,24,0.041,0.5,29,-0.033,0.48,1.0,0.0,-7.0,4,-0.033
GBPUSD,TPB,"{'tf': '30min', 'win': 'W1', 'rr': 2, 'dirmode': 'day', 'dmin': 0.15, 'be': 1.0}",53,24,-0.004,0.33,29,-0.132,0.28,0.82,-3.9,-9.5,8,-0.132
GBPUSD,TPB,"{'tf': '30min', 'win': 'W1', 'rr': 3, 'dirmode': 'day', 'dmin': 0.15, 'be': None}",53,24,0.113,0.5,29,-0.015,0.48,1.1,2.3,-6.8,4,-0.015
GBPUSD,TPB,"{'tf': '30min', 'win': 'W1', 'rr': 3, 'dirmode': 'day', 'dmin': 0.15, 'be': 1.0}",53,24,-0.212,0.21,29,-0.235,0.21,0.45,-11.9,-15.5,11,-0.235
GBPUSD,TPB,"{'tf': '30min', 'win': 'W2', 'rr': 2, 'dirmode': 'day', 'dmin': 0.15, 'be': None}",45,25,-0.214,0.36,20,-0.066,0.4,0.73,-6.7,-8.9,6,-0.214
GBPUSD,TPB,"{'tf': '30min', 'win': 'W2', 'rr': 2, 'dirmode': 'day', 'dmin': 0.15, 'be': 1.0}",45,25,-0.436,0.08,20,-0.239,0.25,0.35,-15.7,-14.6,10,-0.436
GBPUSD,TPB,"{'tf': '30min', 'win': 'W2', 'rr': 3, 'dirmode': 'day', 'dmin': 0.15, 'be': None}",45,25,-0.169,0.36,20,-0.034,0.4,0.8,-4.9,-8.6,6,-0.169
GBPUSD,TPB,"{'tf': '30min', 'win': 'W2', 'rr': 3, 'dirmode': 'day', 'dmin': 0.15, 'be': 1.0}",45,25,-0.476,0.04,20,-0.289,0.2,0.27,-17.7,-16.6,19,-0.476
GBPUSD,TPB,"{'tf': '30min', 'win': 'BOTH', 'rr': 2, 'dirmode': 'day', 'dmin': 0.15, 'be': None}",77,40,-0.08,0.42,37,-0.116,0.43,0.8,-7.5,-11.6,6,-0.116
GBPUSD,TPB,"{'tf': '30min', 'win': 'BOTH', 'rr': 2, 'dirmode': 'day', 'dmin': 0.15, 'be': 1.0}",77,40,-0.144,0.25,37,-0.202,0.24,0.62,-13.2,-15.1,9,-0.202
GBPUSD,TPB,"{'tf': '30min', 'win': 'BOTH', 'rr': 3, 'dirmode': 'day', 'dmin': 0.15, 'be': None}",77,40,-0.005,0.42,37,-0.101,0.43,0.9,-3.9,-9.7,6,-0.101
GBPUSD,TPB,"{'tf': '30min', 'win': 'BOTH', 'rr': 3, 'dirmode': 'day', 'dmin': 0.15, 'be': 1.0}",77,40,-0.294,0.15,37,-0.283,0.19,0.37,-22.2,-22.7,12,-0.294
GBPUSD,TPB,"{'tf': '30min', 'win': 'W1', 'rr': 2, 'dirmode': 'day', 'dmin': 0.25, 'be': None}",25,9,-0.209,0.44,16,-0.157,0.38,0.64,-4.4,-7.5,5,-0.209
GBPUSD,TPB,"{'tf': '30min', 'win': 'W1', 'rr': 2, 'dirmode': 'day', 'dmin': 0.25, 'be': 1.0}",25,9,-0.152,0.44,16,-0.349,0.12,0.42,-7.0,-9.8,10,-0.349
GBPUSD,TPB,"{'tf': '30min', 'win': 'W1', 'rr': 3, 'dirmode': 'day', 'dmin': 0.25, 'be': None}",25,9,-0.193,0.44,16,-0.18,0.38,0.62,-4.6,-7.8,5,-0.193
GBPUSD,TPB,"{'tf': '30min', 'win': 'W1', 'rr': 3, 'dirmode': 'day', 'dmin': 0.25, 'be': 1.0}",25,9,-0.375,0.33,16,-0.474,0.06,0.1,-11.0,-11.8,11,-0.474
GBPUSD,TPB,"{'tf': '30min', 'win': 'W2', 'rr': 2, 'dirmode': 'day', 'dmin': 0.25, 'be': None}",29,15,-0.418,0.27,14,-0.308,0.29,0.45,-10.6,-13.1,7,-0.418
GBPUSD,TPB,"{'tf': '30min', 'win': 'W2', 'rr': 2, 'dirmode': 'day', 'dmin': 0.25, 'be': 1.0}",29,15,-0.472,0.13,14,-0.531,0.14,0.22,-14.5,-14.4,8,-0.531
GBPUSD,TPB,"{'tf': '30min', 'win': 'W2', 'rr': 3, 'dirmode': 'day', 'dmin': 0.25, 'be': None}",29,15,-0.399,0.27,14,-0.236,0.29,0.52,-9.3,-11.9,7,-0.399
GBPUSD,TPB,"{'tf': '30min', 'win': 'W2', 'rr': 3, 'dirmode': 'day', 'dmin': 0.25, 'be': 1.0}",29,15,-0.605,0.07,14,-0.46,0.14,0.17,-15.5,-15.4,11,-0.605
GBPUSD,TPB,"{'tf': '30min', 'win': 'BOTH', 'rr': 2, 'dirmode': 'day', 'dmin': 0.25, 'be': None}",47,23,-0.308,0.35,24,-0.171,0.33,0.57,-11.2,-14.6,9,-0.308
GBPUSD,TPB,"{'tf': '30min', 'win': 'BOTH', 'rr': 2, 'dirmode': 'day', 'dmin': 0.25, 'be': 1.0}",47,23,-0.321,0.26,24,-0.371,0.12,0.36,-16.3,-18.9,15,-0.371
GBPUSD,TPB,"{'tf': '30min', 'win': 'BOTH', 'rr': 3, 'dirmode': 'day', 'dmin': 0.25, 'be': None}",47,23,-0.289,0.35,24,-0.145,0.33,0.61,-10.1,-13.7,9,-0.289
GBPUSD,TPB,"{'tf': '30min', 'win': 'BOTH', 'rr': 3, 'dirmode': 'day', 'dmin': 0.25, 'be': 1.0}",47,23,-0.495,0.17,24,-0.413,0.08,0.17,-21.3,-22.1,16,-0.495
GBPUSD,ORB,"{'or_min': 15, 'tf': '5min', 'rr': 2, 'bias': False, 'be': None}",133,74,-0.646,0.16,59,-0.337,0.29,0.4,-67.7,-68.1,16,-0.646
GBPUSD,ORB,"{'or_min': 15, 'tf': '5min', 'rr': 2, 'bias': False, 'be': 1.0}",133,74,-0.55,0.15,59,-0.387,0.15,0.36,-63.5,-65.0,16,-0.55
GBPUSD,ORB,"{'or_min': 15, 'tf': '5min', 'rr': 2, 'bias': True, 'be': None}",78,44,-0.46,0.23,34,-0.319,0.29,0.5,-31.1,-30.8,11,-0.46
GBPUSD,ORB,"{'or_min': 15, 'tf': '5min', 'rr': 2, 'bias': True, 'be': 1.0}",78,44,-0.418,0.2,34,-0.336,0.18,0.47,-29.8,-30.8,11,-0.418
GBPUSD,ORB,"{'or_min': 15, 'tf': '5min', 'rr': 3, 'bias': False, 'be': None}",133,74,-0.731,0.12,59,-0.323,0.29,0.37,-73.2,-73.0,24,-0.731
GBPUSD,ORB,"{'or_min': 15, 'tf': '5min', 'rr': 3, 'bias': False, 'be': 1.0}",133,74,-0.699,0.05,59,-0.539,0.05,0.17,-83.5,-83.3,49,-0.699
GBPUSD,ORB,"{'or_min': 15, 'tf': '5min', 'rr': 3, 'bias': True, 'be': None}",78,44,-0.545,0.18,34,-0.329,0.29,0.45,-35.1,-34.9,13,-0.545
GBPUSD,ORB,"{'or_min': 15, 'tf': '5min', 'rr': 3, 'bias': True, 'be': 1.0}",78,44,-0.577,0.09,34,-0.512,0.06,0.25,-42.8,-44.0,28,-0.577
GBPUSD,ORB,"{'or_min': 15, 'tf': '15min', 'rr': 2, 'bias': False, 'be': None}",130,71,-0.339,0.27,59,-0.366,0.29,0.55,-45.7,-46.2,13,-0.366
GBPUSD,ORB,"{'or_min': 15, 'tf': '15min', 'rr': 2, 'bias': False, 'be': 1.0}",130,71,-0.378,0.21,59,-0.466,0.12,0.42,-54.3,-54.9,32,-0.466
GBPUSD,ORB,"{'or_min': 15, 'tf': '15min', 'rr': 2, 'bias': True, 'be': None}",83,47,-0.078,0.36,36,-0.377,0.31,0.71,-17.2,-21.4,9,-0.377
GBPUSD,ORB,"{'or_min': 15, 'tf': '15min', 'rr': 2, 'bias': True, 'be': 1.0}",83,47,-0.162,0.28,36,-0.46,0.11,0.55,-24.2,-24.0,23,-0.46
GBPUSD,ORB,"{'or_min': 15, 'tf': '15min', 'rr': 3, 'bias': False, 'be': None}",130,71,-0.439,0.21,59,-0.403,0.27,0.48,-54.9,-54.8,16,-0.439
GBPUSD,ORB,"{'or_min': 15, 'tf': '15min', 'rr': 3, 'bias': False, 'be': 1.0}",130,71,-0.561,0.08,59,-0.55,0.05,0.24,-72.3,-72.1,35,-0.561
GBPUSD,ORB,"{'or_min': 15, 'tf': '15min', 'rr': 3, 'bias': True, 'be': None}",83,47,-0.177,0.3,36,-0.406,0.31,0.63,-23.0,-22.8,9,-0.406
GBPUSD,ORB,"{'or_min': 15, 'tf': '15min', 'rr': 3, 'bias': True, 'be': 1.0}",83,47,-0.353,0.13,36,-0.599,0.03,0.31,-38.2,-38.0,29,-0.599
GBPUSD,ORB,"{'or_min': 30, 'tf': '5min', 'rr': 2, 'bias': False, 'be': None}",122,69,-0.396,0.26,53,-0.075,0.36,0.66,-31.3,-34.2,9,-0.396
GBPUSD,ORB,"{'or_min': 30, 'tf': '5min', 'rr': 2, 'bias': False, 'be': 1.0}",122,69,-0.385,0.22,53,-0.084,0.28,0.61,-31.0,-34.4,11,-0.385
GBPUSD,ORB,"{'or_min': 30, 'tf': '5min', 'rr': 2, 'bias': True, 'be': None}",75,45,-0.087,0.38,30,0.007,0.4,0.92,-3.7,-9.0,5,-0.087
GBPUSD,ORB,"{'or_min': 30, 'tf': '5min', 'rr': 2, 'bias': True, 'be': 1.0}",75,45,-0.135,0.31,30,-0.117,0.27,0.78,-9.6,-12.8,7,-0.135
GBPUSD,ORB,"{'or_min': 30, 'tf': '5min', 'rr': 3, 'bias': False, 'be': None}",122,69,-0.38,0.23,53,-0.195,0.32,0.61,-36.6,-40.3,14,-0.38
GBPUSD,ORB,"{'or_min': 30, 'tf': '5min', 'rr': 3, 'bias': False, 'be': 1.0}",122,69,-0.515,0.12,53,-0.386,0.09,0.32,-56.0,-58.5,37,-0.515
GBPUSD,ORB,"{'or_min': 30, 'tf': '5min', 'rr': 3, 'bias': True, 'be': None}",75,45,-0.07,0.33,30,-0.144,0.37,0.85,-7.4,-12.5,8,-0.144
GBPUSD,ORB,"{'or_min': 30, 'tf': '5min', 'rr': 3, 'bias': True, 'be': 1.0}",75,45,-0.291,0.18,30,-0.384,0.1,0.46,-24.6,-27.9,22,-0.384
GBPUSD,ORB,"{'or_min': 30, 'tf': '15min', 'rr': 2, 'bias': False, 'be': None}",108,61,-0.349,0.26,47,-0.149,0.36,0.63,-28.3,-31.8,10,-0.349
GBPUSD,ORB,"{'or_min': 30, 'tf': '15min', 'rr': 2, 'bias': False, 'be': 1.0}",108,61,-0.475,0.16,47,-0.224,0.23,0.47,-39.5,-42.2,21,-0.475
GBPUSD,ORB,"{'or_min': 30, 'tf': '15min', 'rr': 2, 'bias': True, 'be': None}",71,42,-0.124,0.33,29,-0.167,0.38,0.78,-10.1,-12.4,8,-0.167
GBPUSD,ORB,"{'or_min': 30, 'tf': '15min', 'rr': 2, 'bias': True, 'be': 1.0}",71,42,-0.308,0.19,29,-0.267,0.21,0.53,-20.7,-21.8,16,-0.308
GBPUSD,ORB,"{'or_min': 30, 'tf': '15min', 'rr': 3, 'bias': False, 'be': None}",108,61,-0.318,0.25,47,-0.152,0.36,0.66,-26.6,-30.9,12,-0.318
GBPUSD,ORB,"{'or_min': 30, 'tf': '15min', 'rr': 3, 'bias': False, 'be': 1.0}",108,61,-0.541,0.1,47,-0.394,0.11,0.31,-51.5,-53.4,32,-0.541
GBPUSD,ORB,"{'or_min': 30, 'tf': '15min', 'rr': 3, 'bias': True, 'be': None}",71,42,-0.092,0.31,29,-0.179,0.38,0.81,-9.1,-12.7,8,-0.179
GBPUSD,ORB,"{'or_min': 30, 'tf': '15min', 'rr': 3, 'bias': True, 'be': 1.0}",71,42,-0.356,0.12,29,-0.405,0.1,0.4,-26.7,-28.6,22,-0.405
XAUUSD,NYF,"{'tf': '5min', 'k': 0.2, 'rr': 2, 'be': None}",73,36,-0.173,0.33,37,0.63,0.65,1.48,17.1,-12.0,8,-0.173
XAUUSD,NYF,"{'tf': '5min', 'k': 0.2, 'rr': 2, 'be': 1.0}",73,36,-0.102,0.22,37,0.538,0.57,1.55,16.2,-10.5,18,-0.102
XAUUSD,NYF,"{'tf': '5min', 'k': 0.2, 'rr': 3, 'be': None}",73,36,-0.302,0.28,37,0.697,0.59,1.38,14.9,-15.2,11,-0.302
XAUUSD,NYF,"{'tf': '5min', 'k': 0.2, 'rr': 3, 'be': 1.0}",73,36,-0.324,0.08,37,0.538,0.43,1.28,8.2,-13.8,25,-0.324
XAUUSD,NYF,"{'tf': '5min', 'k': 0.3, 'rr': 2, 'be': None}",46,25,-0.279,0.32,21,0.573,0.67,1.23,5.1,-11.2,9,-0.279
XAUUSD,NYF,"{'tf': '5min', 'k': 0.3, 'rr': 2, 'be': 1.0}",46,25,-0.256,0.16,21,0.478,0.57,1.2,3.6,-9.0,12,-0.256
XAUUSD,NYF,"{'tf': '5min', 'k': 0.3, 'rr': 3, 'be': None}",46,25,-0.439,0.24,21,0.562,0.62,1.03,0.8,-17.2,19,-0.439
XAUUSD,NYF,"{'tf': '5min', 'k': 0.3, 'rr': 3, 'be': 1.0}",46,25,-0.376,0.08,21,0.383,0.43,0.93,-1.4,-13.1,24,-0.376
XAUUSD,NYF,"{'tf': '5min', 'k': 0.4, 'rr': 2, 'be': None}",26,14,0.142,0.5,12,0.575,0.67,1.84,8.9,-4.5,5,0.142
XAUUSD,NYF,"{'tf': '5min', 'k': 0.4, 'rr': 2, 'be': 1.0}",26,14,0.002,0.29,12,0.488,0.58,1.64,5.9,-4.1,5,0.002
XAUUSD,NYF,"{'tf': '5min', 'k': 0.4, 'rr': 3, 'be': None}",26,14,0.089,0.43,12,0.438,0.58,1.56,6.5,-9.6,11,0.089
XAUUSD,NYF,"{'tf': '5min', 'k': 0.4, 'rr': 3, 'be': 1.0}",26,14,-0.212,0.14,12,0.321,0.42,1.09,0.9,-8.3,16,-0.212
XAUUSD,NYF,"{'tf': '15min', 'k': 0.2, 'rr': 2, 'be': None}",40,21,-0.276,0.38,19,0.276,0.63,0.97,-0.6,-8.3,6,-0.276
XAUUSD,NYF,"{'tf': '15min', 'k': 0.2, 'rr': 2, 'be': 1.0}",40,21,-0.456,0.1,19,0.094,0.42,0.48,-7.8,-11.3,17,-0.456
XAUUSD,NYF,"{'tf': '15min', 'k': 0.2, 'rr': 3, 'be': None}",40,21,-0.276,0.38,19,0.326,0.63,1.03,0.4,-8.3,6,-0.276
XAUUSD,NYF,"{'tf': '15min', 'k': 0.2, 'rr': 3, 'be': 1.0}",40,21,-0.456,0.1,19,0.042,0.37,0.42,-8.8,-11.3,17,-0.456
XAUUSD,NYF,"{'tf': '15min', 'k': 0.3, 'rr': 2, 'be': None}",24,11,-0.41,0.27,13,0.278,0.62,0.91,-0.9,-8.5,10,-0.41
XAUUSD,NYF,"{'tf': '15min', 'k': 0.3, 'rr': 2, 'be': 1.0}",24,11,-0.495,0.09,13,0.135,0.46,0.6,-3.7,-8.1,11,-0.495
XAUUSD,NYF,"{'tf': '15min', 'k': 0.3, 'rr': 3, 'be': None}",24,11,-0.41,0.27,13,0.352,0.62,1.01,0.1,-8.5,10,-0.41
XAUUSD,NYF,"{'tf': '15min', 'k': 0.3, 'rr': 3, 'be': 1.0}",24,11,-0.495,0.09,13,0.058,0.38,0.49,-4.7,-8.1,11,-0.495
XAUUSD,NYF,"{'tf': '15min', 'k': 0.4, 'rr': 2, 'be': None}",10,6,-0.325,0.33,4,-0.3,0.5,0.34,-3.1,-3.9,4,-0.325
XAUUSD,NYF,"{'tf': '15min', 'k': 0.4, 'rr': 2, 'be': 1.0}",10,6,-0.392,0.17,4,-0.05,0.5,0.32,-2.6,-2.9,5,-0.392
XAUUSD,NYF,"{'tf': '15min', 'k': 0.4, 'rr': 3, 'be': None}",10,6,-0.325,0.33,4,-0.3,0.5,0.34,-3.1,-3.9,4,-0.325
XAUUSD,NYF,"{'tf': '15min', 'k': 0.4, 'rr': 3, 'be': 1.0}",10,6,-0.392,0.17,4,-0.05,0.5,0.32,-2.6,-2.9,5,-0.392
XAUUSD,ABO,"{'tf': '30min', 'win': 'W1', 'rr': 2, 'bias': False, 'be': None}",66,36,0.164,0.53,30,0.139,0.47,1.81,10.1,-2.8,5,0.139
XAUUSD,ABO,"{'tf': '30min', 'win': 'W1', 'rr': 2, 'bias': False, 'be': 1.0}",66,36,0.036,0.36,30,-0.015,0.3,1.07,0.8,-2.9,7,-0.015
XAUUSD,ABO,"{'tf': '30min', 'win': 'W1', 'rr': 2, 'bias': True, 'be': None}",51,30,0.231,0.53,21,0.183,0.48,2.33,10.8,-1.3,5,0.183
XAUUSD,ABO,"{'tf': '30min', 'win': 'W1', 'rr': 2, 'bias': True, 'be': 1.0}",51,30,0.078,0.33,21,0.027,0.29,1.36,2.9,-2.6,6,0.027
XAUUSD,ABO,"{'tf': '30min', 'win': 'W1', 'rr': 3, 'bias': False, 'be': None}",66,36,0.186,0.53,30,0.139,0.47,1.87,10.9,-2.8,5,0.139
XAUUSD,ABO,"{'tf': '30min', 'win': 'W1', 'rr': 3, 'bias': False, 'be': 1.0}",66,36,0.008,0.33,30,-0.082,0.27,0.83,-2.2,-4.9,7,-0.082
XAUUSD,ABO,"{'tf': '30min', 'win': 'W1', 'rr': 3, 'bias': True, 'be': None}",51,30,0.258,0.53,21,0.184,0.48,2.43,11.6,-1.3,5,0.184
XAUUSD,ABO,"{'tf': '30min', 'win': 'W1', 'rr': 3, 'bias': True, 'be': 1.0}",51,30,0.044,0.3,21,-0.068,0.24,0.99,-0.1,-3.4,7,-0.068
XAUUSD,ABO,"{'tf': '1h', 'win': 'W1', 'rr': 2, 'bias': False, 'be': None}",61,32,0.294,0.53,29,-0.044,0.41,1.59,8.1,-3.2,4,-0.044
XAUUSD,ABO,"{'tf': '1h', 'win': 'W1', 'rr': 2, 'bias': False, 'be': 1.0}",61,32,0.122,0.38,29,-0.117,0.31,1.04,0.5,-4.6,6,-0.117
XAUUSD,ABO,"{'tf': '1h', 'win': 'W1', 'rr': 2, 'bias': True, 'be': None}",53,29,0.329,0.52,24,0.074,0.5,2.14,11.3,-3.1,4,0.074
XAUUSD,ABO,"{'tf': '1h', 'win': 'W1', 'rr': 2, 'bias': True, 'be': 1.0}",53,29,0.14,0.34,24,-0.014,0.38,1.38,3.7,-3.1,6,-0.014
XAUUSD,ABO,"{'tf': '1h', 'win': 'W1', 'rr': 3, 'bias': False, 'be': None}",61,32,0.311,0.53,29,-0.043,0.41,1.63,8.7,-3.2,4,-0.043
XAUUSD,ABO,"{'tf': '1h', 'win': 'W1', 'rr': 3, 'bias': False, 'be': 1.0}",61,32,0.029,0.31,29,-0.185,0.28,0.67,-4.5,-6.6,6,-0.185
XAUUSD,ABO,"{'tf': '1h', 'win': 'W1', 'rr': 3, 'bias': True, 'be': None}",53,29,0.348,0.52,24,0.075,0.5,2.2,11.9,-3.1,4,0.075
XAUUSD,ABO,"{'tf': '1h', 'win': 'W1', 'rr': 3, 'bias': True, 'be': 1.0}",53,29,0.037,0.28,24,-0.097,0.33,0.87,-1.3,-3.9,6,-0.097
XAUUSD,ASR,"{'tf': '5min', 'win': 'W1', 'rr': 2, 'pdfade': True, 'be': None}",35,19,-0.37,0.21,16,-0.025,0.38,0.71,-7.4,-11.2,8,-0.37
XAUUSD,ASR,"{'tf': '5min', 'win': 'W1', 'rr': 2, 'pdfade': True, 'be': 1.0}",35,19,-0.528,0.11,16,-0.143,0.19,0.4,-12.3,-12.7,11,-0.528
XAUUSD,ASR,"{'tf': '5min', 'win': 'W1', 'rr': 3, 'pdfade': True, 'be': None}",35,19,-0.16,0.21,16,0.071,0.38,0.92,-1.9,-11.7,8,-0.16
XAUUSD,ASR,"{'tf': '5min', 'win': 'W1', 'rr': 3, 'pdfade': True, 'be': 1.0}",35,19,-0.423,0.11,16,-0.206,0.12,0.45,-11.3,-11.3,11,-0.423
XAUUSD,ASR,"{'tf': '15min', 'win': 'W1', 'rr': 2, 'pdfade': True, 'be': None}",31,17,-0.566,0.18,14,-0.092,0.36,0.5,-10.9,-14.8,8,-0.566
XAUUSD,ASR,"{'tf': '15min', 'win': 'W1', 'rr': 2, 'pdfade': True, 'be': 1.0}",31,17,-0.521,0.06,14,-0.243,0.21,0.33,-12.3,-13.0,12,-0.521
XAUUSD,ASR,"{'tf': '15min', 'win': 'W1', 'rr': 3, 'pdfade': True, 'be': None}",31,17,-0.449,0.18,14,0.066,0.36,0.7,-6.7,-14.2,8,-0.449
XAUUSD,ASR,"{'tf': '15min', 'win': 'W1', 'rr': 3, 'pdfade': True, 'be': 1.0}",31,17,-0.462,0.06,14,-0.315,0.14,0.33,-12.3,-12.6,12,-0.462
XAUUSD,ASR,"{'tf': '30min', 'win': 'W1', 'rr': 2, 'pdfade': True, 'be': None}",27,13,-0.417,0.23,14,-0.178,0.36,0.54,-7.9,-10.4,6,-0.417
XAUUSD,ASR,"{'tf': '30min', 'win': 'W1', 'rr': 2, 'pdfade': True, 'be': 1.0}",27,13,-0.28,0.15,14,-0.333,0.14,0.42,-8.3,-8.9,8,-0.333
XAUUSD,ASR,"{'tf': '30min', 'win': 'W1', 'rr': 3, 'pdfade': True, 'be': None}",27,13,-0.263,0.23,14,-0.106,0.36,0.71,-4.9,-10.4,6,-0.263
XAUUSD,ASR,"{'tf': '30min', 'win': 'W1', 'rr': 3, 'pdfade': True, 'be': 1.0}",27,13,-0.357,0.08,14,-0.261,0.14,0.42,-8.3,-9.6,10,-0.357
XAUUSD,TPB,"{'tf': '15min', 'win': 'W1', 'rr': 2, 'dirmode': 'day', 'dmin': 0.15, 'be': None}",60,34,-0.264,0.32,26,0.167,0.42,0.87,-4.6,-13.9,10,-0.264
XAUUSD,TPB,"{'tf': '15min', 'win': 'W1', 'rr': 2, 'dirmode': 'day', 'dmin': 0.15, 'be': 1.0}",60,34,-0.24,0.21,26,0.21,0.31,0.9,-2.7,-12.0,11,-0.24
XAUUSD,TPB,"{'tf': '15min', 'win': 'W1', 'rr': 3, 'dirmode': 'day', 'dmin': 0.15, 'be': None}",60,34,-0.348,0.29,26,0.106,0.35,0.76,-9.1,-16.7,10,-0.348
XAUUSD,TPB,"{'tf': '15min', 'win': 'W1', 'rr': 3, 'dirmode': 'day', 'dmin': 0.15, 'be': 1.0}",60,34,-0.446,0.09,26,0.018,0.15,0.46,-14.7,-23.0,29,-0.446
XAUUSD,TPB,"{'tf': '15min', 'win': 'W2', 'rr': 2, 'dirmode': 'day', 'dmin': 0.15, 'be': None}",64,33,0.234,0.45,31,-0.069,0.42,1.18,5.6,-6.2,5,-0.069
XAUUSD,TPB,"{'tf': '15min', 'win': 'W2', 'rr': 2, 'dirmode': 'day', 'dmin': 0.15, 'be': 1.0}",64,33,0.075,0.24,31,-0.213,0.19,0.83,-4.1,-7.7,10,-0.213
XAUUSD,TPB,"{'tf': '15min', 'win': 'W2', 'rr': 3, 'dirmode': 'day', 'dmin': 0.15, 'be': None}",64,33,0.113,0.42,31,-0.111,0.42,1.01,0.3,-7.7,5,-0.111
XAUUSD,TPB,"{'tf': '15min', 'win': 'W2', 'rr': 3, 'dirmode': 'day', 'dmin': 0.15, 'be': 1.0}",64,33,-0.258,0.06,31,-0.407,0.1,0.15,-21.1,-21.4,30,-0.407
XAUUSD,TPB,"{'tf': '15min', 'win': 'BOTH', 'rr': 2, 'dirmode': 'day', 'dmin': 0.15, 'be': None}",92,49,-0.134,0.37,43,0.192,0.47,1.03,1.7,-14.8,9,-0.134
XAUUSD,TPB,"{'tf': '15min', 'win': 'BOTH', 'rr': 2, 'dirmode': 'day', 'dmin': 0.15, 'be': 1.0}",92,49,-0.107,0.24,43,0.128,0.28,1.01,0.3,-11.1,13,-0.107
XAUUSD,TPB,"{'tf': '15min', 'win': 'BOTH', 'rr': 3, 'dirmode': 'day', 'dmin': 0.15, 'be': None}",92,49,-0.253,0.35,43,0.102,0.42,0.84,-8.0,-19.9,9,-0.253
XAUUSD,TPB,"{'tf': '15min', 'win': 'BOTH', 'rr': 3, 'dirmode': 'day', 'dmin': 0.15, 'be': 1.0}",92,49,-0.413,0.08,43,-0.128,0.12,0.33,-25.7,-31.4,42,-0.413
XAUUSD,TPB,"{'tf': '15min', 'win': 'W1', 'rr': 2, 'dirmode': 'day', 'dmin': 0.25, 'be': None}",35,21,-0.606,0.19,14,-0.047,0.36,0.44,-13.4,-16.4,9,-0.606
XAUUSD,TPB,"{'tf': '15min', 'win': 'W1', 'rr': 2, 'dirmode': 'day', 'dmin': 0.25, 'be': 1.0}",35,21,-0.514,0.1,14,0.031,0.21,0.43,-10.4,-13.0,13,-0.514
XAUUSD,TPB,"{'tf': '15min', 'win': 'W1', 'rr': 3, 'dirmode': 'day', 'dmin': 0.25, 'be': None}",35,21,-0.558,0.19,14,-0.083,0.29,0.46,-12.9,-15.9,9,-0.558
XAUUSD,TPB,"{'tf': '15min', 'win': 'W1', 'rr': 3, 'dirmode': 'day', 'dmin': 0.25, 'be': 1.0}",35,21,-0.466,0.1,14,-0.183,0.07,0.32,-12.4,-15.3,21,-0.466
XAUUSD,TPB,"{'tf': '15min', 'win': 'W2', 'rr': 2, 'dirmode': 'day', 'dmin': 0.25, 'be': None}",50,25,0.128,0.4,25,-0.075,0.44,1.05,1.3,-5.6,4,-0.075
XAUUSD,TPB,"{'tf': '15min', 'win': 'W2', 'rr': 2, 'dirmode': 'day', 'dmin': 0.25, 'be': 1.0}",50,25,-0.063,0.16,25,-0.197,0.28,0.69,-6.5,-6.4,8,-0.197
XAUUSD,TPB,"{'tf': '15min', 'win': 'W2', 'rr': 3, 'dirmode': 'day', 'dmin': 0.25, 'be': None}",50,25,0.028,0.36,25,-0.127,0.44,0.91,-2.5,-7.1,4,-0.127
XAUUSD,TPB,"{'tf': '15min', 'win': 'W2', 'rr': 3, 'dirmode': 'day', 'dmin': 0.25, 'be': 1.0}",50,25,-0.263,0.04,25,-0.437,0.16,0.18,-17.5,-17.4,24,-0.437
XAUUSD,TPB,"{'tf': '15min', 'win': 'BOTH', 'rr': 2, 'dirmode': 'day', 'dmin': 0.25, 'be': None}",67,36,-0.361,0.28,31,0.132,0.48,0.77,-8.9,-14.7,8,-0.361
XAUUSD,TPB,"{'tf': '15min', 'win': 'BOTH', 'rr': 2, 'dirmode': 'day', 'dmin': 0.25, 'be': 1.0}",67,36,-0.39,0.08,31,0.004,0.29,0.54,-13.9,-15.2,15,-0.39
XAUUSD,TPB,"{'tf': '15min', 'win': 'BOTH', 'rr': 3, 'dirmode': 'day', 'dmin': 0.25, 'be': None}",67,36,-0.364,0.28,31,0.073,0.45,0.72,-10.8,-15.7,8,-0.364
XAUUSD,TPB,"{'tf': '15min', 'win': 'BOTH', 'rr': 3, 'dirmode': 'day', 'dmin': 0.25, 'be': 1.0}",67,36,-0.418,0.06,31,-0.287,0.13,0.21,-23.9,-26.0,22,-0.418
XAUUSD,TPB,"{'tf': '30min', 'win': 'W1', 'rr': 2, 'dirmode': 'day', 'dmin': 0.15, 'be': None}",34,18,-0.334,0.28,16,0.006,0.38,0.63,-5.9,-7.6,6,-0.334
XAUUSD,TPB,"{'tf': '30min', 'win': 'W1', 'rr': 2, 'dirmode': 'day', 'dmin': 0.15, 'be': 1.0}",34,18,-0.343,0.17,16,-0.111,0.19,0.43,-8.0,-9.6,10,-0.343
XAUUSD,TPB,"{'tf': '30min', 'win': 'W1', 'rr': 3, 'dirmode': 'day', 'dmin': 0.15, 'be': None}",34,18,-0.354,0.28,16,0.068,0.38,0.67,-5.3,-7.9,6,-0.354
XAUUSD,TPB,"{'tf': '30min', 'win': 'W1', 'rr': 3, 'dirmode': 'day', 'dmin': 0.15, 'be': 1.0}",34,18,-0.454,0.11,16,-0.049,0.19,0.36,-9.0,-11.6,11,-0.454
XAUUSD,TPB,"{'tf': '30min', 'win': 'W2', 'rr': 2, 'dirmode': 'day', 'dmin': 0.15, 'be': None}",44,23,0.652,0.61,21,-0.011,0.48,2.12,14.8,-4.7,3,-0.011
XAUUSD,TPB,"{'tf': '30min', 'win': 'W2', 'rr': 2, 'dirmode': 'day', 'dmin': 0.15, 'be': 1.0}",44,23,0.457,0.43,21,-0.25,0.19,1.47,5.3,-6.0,7,-0.25
XAUUSD,TPB,"{'tf': '30min', 'win': 'W2', 'rr': 3, 'dirmode': 'day', 'dmin': 0.15, 'be': None}",44,23,0.498,0.57,21,-0.043,0.48,1.78,10.6,-4.7,3,-0.043
XAUUSD,TPB,"{'tf': '30min', 'win': 'W2', 'rr': 3, 'dirmode': 'day', 'dmin': 0.15, 'be': 1.0}",44,23,-0.021,0.17,21,-0.25,0.19,0.49,-5.7,-6.0,10,-0.25
XAUUSD,TPB,"{'tf': '30min', 'win': 'BOTH', 'rr': 2, 'dirmode': 'day', 'dmin': 0.15, 'be': None}",67,37,0.214,0.46,30,0.146,0.5,1.54,12.3,-5.5,6,0.146
XAUUSD,TPB,"{'tf': '30min', 'win': 'BOTH', 'rr': 2, 'dirmode': 'day', 'dmin': 0.15, 'be': 1.0}",67,37,0.089,0.3,30,-0.131,0.23,0.97,-0.7,-5.0,6,-0.131
XAUUSD,TPB,"{'tf': '30min', 'win': 'BOTH', 'rr': 3, 'dirmode': 'day', 'dmin': 0.15, 'be': None}",67,37,0.111,0.43,30,0.157,0.5,1.38,8.8,-5.5,6,0.111
XAUUSD,TPB,"{'tf': '30min', 'win': 'BOTH', 'rr': 3, 'dirmode': 'day', 'dmin': 0.15, 'be': 1.0}",67,37,-0.208,0.14,30,-0.098,0.23,0.49,-10.7,-11.5,13,-0.208
XAUUSD,TPB,"{'tf': '30min', 'win': 'W1', 'rr': 2, 'dirmode': 'day', 'dmin': 0.25, 'be': None}",19,10,-0.589,0.1,9,-0.136,0.33,0.23,-7.1,-6.1,8,-0.589
XAUUSD,TPB,"{'tf': '30min', 'win': 'W1', 'rr': 2, 'dirmode': 'day', 'dmin': 0.25, 'be': 1.0}",19,10,-0.679,0.0,9,-0.235,0.11,0.03,-8.9,-7.9,15,-0.679
XAUUSD,TPB,"{'tf': '30min', 'win': 'W1', 'rr': 3, 'dirmode': 'day', 'dmin': 0.25, 'be': None}",19,10,-0.589,0.1,9,-0.136,0.33,0.23,-7.1,-6.1,8,-0.589
XAUUSD,TPB,"{'tf': '30min', 'win': 'W1', 'rr': 3, 'dirmode': 'day', 'dmin': 0.25, 'be': 1.0}",19,10,-0.679,0.0,9,-0.235,0.11,0.03,-8.9,-7.9,15,-0.679
XAUUSD,TPB,"{'tf': '30min', 'win': 'W2', 'rr': 2, 'dirmode': 'day', 'dmin': 0.25, 'be': None}",31,15,0.601,0.53,16,0.049,0.56,1.95,9.8,-3.9,3,0.049
XAUUSD,TPB,"{'tf': '30min', 'win': 'W2', 'rr': 2, 'dirmode': 'day', 'dmin': 0.25, 'be': 1.0}",31,15,0.44,0.4,16,-0.227,0.31,1.32,3.0,-4.7,5,-0.227
XAUUSD,TPB,"{'tf': '30min', 'win': 'W2', 'rr': 3, 'dirmode': 'day', 'dmin': 0.25, 'be': None}",31,15,0.415,0.47,16,0.007,0.56,1.59,6.3,-3.9,5,0.007
XAUUSD,TPB,"{'tf': '30min', 'win': 'W2', 'rr': 3, 'dirmode': 'day', 'dmin': 0.25, 'be': 1.0}",31,15,-0.226,0.07,16,-0.227,0.31,0.26,-7.0,-6.6,9,-0.227
XAUUSD,TPB,"{'tf': '30min', 'win': 'BOTH', 'rr': 2, 'dirmode': 'day', 'dmin': 0.25, 'be': None}",44,24,0.172,0.38,20,0.132,0.55,1.45,6.8,-4.1,5,0.132
XAUUSD,TPB,"{'tf': '30min', 'win': 'BOTH', 'rr': 2, 'dirmode': 'day', 'dmin': 0.25, 'be': 1.0}",44,24,0.034,0.25,20,-0.153,0.3,0.85,-2.2,-4.1,6,-0.153
XAUUSD,TPB,"{'tf': '30min', 'win': 'BOTH', 'rr': 3, 'dirmode': 'day', 'dmin': 0.25, 'be': None}",44,24,0.056,0.33,20,0.099,0.55,1.22,3.3,-4.1,5,0.056
XAUUSD,TPB,"{'tf': '30min', 'win': 'BOTH', 'rr': 3, 'dirmode': 'day', 'dmin': 0.25, 'be': 1.0}",44,24,-0.382,0.04,20,-0.153,0.3,0.18,-12.2,-11.9,13,-0.382
XAUUSD,ORB,"{'or_min': 15, 'tf': '5min', 'rr': 2, 'bias': False, 'be': None}",127,74,0.024,0.39,53,-0.296,0.3,0.83,-13.9,-19.6,13,-0.296
XAUUSD,ORB,"{'or_min': 15, 'tf': '5min', 'rr': 2, 'bias': False, 'be': 1.0}",127,74,0.007,0.28,53,-0.208,0.19,0.84,-10.5,-17.5,13,-0.208
XAUUSD,ORB,"{'or_min': 15, 'tf': '5min', 'rr': 2, 'bias': True, 'be': None}",71,42,0.075,0.38,29,-0.22,0.31,0.93,-3.2,-16.6,11,-0.22
XAUUSD,ORB,"{'or_min': 15, 'tf': '5min', 'rr': 2, 'bias': True, 'be': 1.0}",71,42,0.079,0.31,29,-0.094,0.24,1.02,0.6,-12.6,11,-0.094
XAUUSD,ORB,"{'or_min': 15, 'tf': '5min', 'rr': 3, 'bias': False, 'be': None}",127,74,0.142,0.38,53,-0.353,0.25,0.91,-8.2,-21.0,14,-0.353
XAUUSD,ORB,"{'or_min': 15, 'tf': '5min', 'rr': 3, 'bias': False, 'be': 1.0}",127,74,0.02,0.2,53,-0.227,0.13,0.84,-10.5,-17.8,20,-0.227
XAUUSD,ORB,"{'or_min': 15, 'tf': '5min', 'rr': 3, 'bias': True, 'be': None}",71,42,0.251,0.36,29,-0.289,0.24,1.04,2.1,-15.6,11,-0.289
XAUUSD,ORB,"{'or_min': 15, 'tf': '5min', 'rr': 3, 'bias': True, 'be': 1.0}",71,42,0.221,0.26,29,-0.094,0.17,1.18,6.6,-11.6,12,-0.094
XAUUSD,ORB,"{'or_min': 15, 'tf': '15min', 'rr': 2, 'bias': False, 'be': None}",118,69,0.179,0.45,49,-0.33,0.31,0.94,-3.8,-18.1,9,-0.33
XAUUSD,ORB,"{'or_min': 15, 'tf': '15min', 'rr': 2, 'bias': False, 'be': 1.0}",118,69,0.087,0.29,49,-0.223,0.2,0.91,-5.0,-13.9,13,-0.223
XAUUSD,ORB,"{'or_min': 15, 'tf': '15min', 'rr': 2, 'bias': True, 'be': None}",75,46,0.232,0.48,29,-0.188,0.34,1.12,5.2,-13.3,6,-0.188
XAUUSD,ORB,"{'or_min': 15, 'tf': '15min', 'rr': 2, 'bias': True, 'be': 1.0}",75,46,0.164,0.33,29,-0.131,0.24,1.11,3.7,-10.7,12,-0.131
XAUUSD,ORB,"{'or_min': 15, 'tf': '15min', 'rr': 3, 'bias': False, 'be': None}",118,69,0.099,0.39,49,-0.469,0.24,0.79,-16.2,-26.3,19,-0.469
XAUUSD,ORB,"{'or_min': 15, 'tf': '15min', 'rr': 3, 'bias': False, 'be': 1.0}",118,69,-0.087,0.14,49,-0.387,0.1,0.56,-25.0,-25.2,28,-0.387
XAUUSD,ORB,"{'or_min': 15, 'tf': '15min', 'rr': 3, 'bias': True, 'be': None}",75,46,0.188,0.41,29,-0.418,0.24,0.93,-3.5,-13.4,12,-0.418
XAUUSD,ORB,"{'or_min': 15, 'tf': '15min', 'rr': 3, 'bias': True, 'be': 1.0}",75,46,0.12,0.22,29,-0.338,0.1,0.88,-4.3,-11.9,15,-0.338
XAUUSD,ORB,"{'or_min': 30, 'tf': '5min', 'rr': 2, 'bias': False, 'be': None}",110,63,-0.008,0.35,47,-0.185,0.34,0.86,-9.2,-15.0,10,-0.185
XAUUSD,ORB,"{'or_min': 30, 'tf': '5min', 'rr': 2, 'bias': False, 'be': 1.0}",110,63,-0.049,0.25,47,-0.262,0.17,0.73,-15.4,-23.9,10,-0.262
XAUUSD,ORB,"{'or_min': 30, 'tf': '5min', 'rr': 2, 'bias': True, 'be': None}",74,43,-0.004,0.35,31,-0.092,0.35,0.93,-3.0,-11.8,9,-0.092
XAUUSD,ORB,"{'or_min': 30, 'tf': '5min', 'rr': 2, 'bias': True, 'be': 1.0}",74,43,-0.02,0.26,31,-0.207,0.16,0.8,-7.3,-13.1,12,-0.207
XAUUSD,ORB,"{'or_min': 30, 'tf': '5min', 'rr': 3, 'bias': False, 'be': None}",110,63,-0.093,0.32,47,-0.139,0.32,0.82,-12.4,-22.4,12,-0.139
XAUUSD,ORB,"{'or_min': 30, 'tf': '5min', 'rr': 3, 'bias': False, 'be': 1.0}",110,63,-0.16,0.14,47,-0.262,0.13,0.61,-22.4,-31.1,21,-0.262
XAUUSD,ORB,"{'or_min': 30, 'tf': '5min', 'rr': 3, 'bias': True, 'be': None}",74,43,-0.127,0.3,31,-0.088,0.32,0.83,-8.2,-15.3,10,-0.127
XAUUSD,ORB,"{'or_min': 30, 'tf': '5min', 'rr': 3, 'bias': True, 'be': 1.0}",74,43,-0.137,0.14,31,-0.271,0.1,0.6,-14.3,-18.2,19,-0.271
XAUUSD,ORB,"{'or_min': 30, 'tf': '15min', 'rr': 2, 'bias': False, 'be': None}",97,55,-0.069,0.35,42,-0.406,0.31,0.65,-20.8,-27.5,12,-0.406
XAUUSD,ORB,"{'or_min': 30, 'tf': '15min', 'rr': 2, 'bias': False, 'be': 1.0}",97,55,-0.199,0.2,42,-0.478,0.12,0.43,-31.0,-36.0,23,-0.478
XAUUSD,ORB,"{'or_min': 30, 'tf': '15min', 'rr': 2, 'bias': True, 'be': None}",67,39,-0.047,0.33,28,-0.352,0.32,0.72,-11.7,-15.8,9,-0.352
XAUUSD,ORB,"{'or_min': 30, 'tf': '15min', 'rr': 2, 'bias': True, 'be': 1.0}",67,39,-0.147,0.23,28,-0.512,0.07,0.48,-20.1,-24.0,16,-0.512
XAUUSD,ORB,"{'or_min': 30, 'tf': '15min', 'rr': 3, 'bias': False, 'be': None}",97,55,-0.158,0.31,42,-0.358,0.31,0.62,-23.8,-32.6,15,-0.358
XAUUSD,ORB,"{'or_min': 30, 'tf': '15min', 'rr': 3, 'bias': False, 'be': 1.0}",97,55,-0.309,0.11,42,-0.43,0.12,0.36,-35.0,-38.5,23,-0.43
XAUUSD,ORB,"{'or_min': 30, 'tf': '15min', 'rr': 3, 'bias': True, 'be': None}",67,39,-0.225,0.28,28,-0.317,0.32,0.6,-17.6,-19.9,10,-0.317
XAUUSD,ORB,"{'or_min': 30, 'tf': '15min', 'rr': 3, 'bias': True, 'be': 1.0}",67,39,-0.327,0.1,28,-0.477,0.07,0.33,-26.1,-26.1,20,-0.477
GBPJPY,NYF,"{'tf': '5min', 'k': 0.2, 'rr': 2, 'be': None}",59,30,0.048,0.4,29,-0.188,0.34,0.89,-4.0,-12.2,6,-0.188
GBPJPY,NYF,"{'tf': '5min', 'k': 0.2, 'rr': 2, 'be': 1.0}",59,30,-0.162,0.2,29,-0.252,0.17,0.61,-12.2,-15.7,11,-0.252
GBPJPY,NYF,"{'tf': '5min', 'k': 0.2, 'rr': 3, 'be': None}",59,30,0.232,0.4,29,-0.201,0.31,1.03,1.1,-12.0,6,-0.201
GBPJPY,NYF,"{'tf': '5min', 'k': 0.2, 'rr': 3, 'be': 1.0}",59,30,-0.162,0.13,29,-0.218,0.14,0.65,-11.2,-16.4,18,-0.218
GBPJPY,NYF,"{'tf': '5min', 'k': 0.3, 'rr': 2, 'be': None}",23,11,-0.113,0.36,12,-0.13,0.42,0.81,-2.8,-7.6,5,-0.13
GBPJPY,NYF,"{'tf': '5min', 'k': 0.3, 'rr': 2, 'be': 1.0}",23,11,-0.063,0.27,12,-0.393,0.17,0.59,-5.4,-7.9,7,-0.393
GBPJPY,NYF,"{'tf': '5min', 'k': 0.3, 'rr': 3, 'be': None}",23,11,0.16,0.36,12,-0.297,0.33,0.89,-1.8,-8.1,5,-0.297
GBPJPY,NYF,"{'tf': '5min', 'k': 0.3, 'rr': 3, 'be': 1.0}",23,11,0.21,0.27,12,-0.309,0.17,0.89,-1.4,-6.5,7,-0.309
GBPJPY,NYF,"{'tf': '5min', 'k': 0.4, 'rr': 2, 'be': None}",16,8,-0.396,0.25,8,-0.194,0.38,0.62,-4.7,-6.4,5,-0.396
GBPJPY,NYF,"{'tf': '5min', 'k': 0.4, 'rr': 2, 'be': 1.0}",16,8,-0.271,0.25,8,-0.48,0.12,0.48,-6.0,-6.7,5,-0.48
GBPJPY,NYF,"{'tf': '5min', 'k': 0.4, 'rr': 3, 'be': None}",16,8,-0.146,0.25,8,-0.73,0.25,0.48,-7.0,-9.2,5,-0.73
GBPJPY,NYF,"{'tf': '5min', 'k': 0.4, 'rr': 3, 'be': 1.0}",16,8,-0.021,0.25,8,-0.73,0.0,0.49,-6.0,-8.2,11,-0.73
GBPJPY,NYF,"{'tf': '15min', 'k': 0.2, 'rr': 2, 'be': None}",24,11,0.391,0.55,13,-0.145,0.54,1.2,2.4,-6.0,4,-0.145
GBPJPY,NYF,"{'tf': '15min', 'k': 0.2, 'rr': 2, 'be': 1.0}",24,11,0.257,0.36,13,-0.203,0.31,1.02,0.2,-5.2,8,-0.203
GBPJPY,NYF,"{'tf': '15min', 'k': 0.2, 'rr': 3, 'be': None}",24,11,0.577,0.55,13,-0.068,0.54,1.45,5.5,-6.0,4,-0.068
GBPJPY,NYF,"{'tf': '15min', 'k': 0.2, 'rr': 3, 'be': 1.0}",24,11,0.076,0.18,13,-0.126,0.31,0.92,-0.8,-5.4,8,-0.126
GBPJPY,NYF,"{'tf': '15min', 'k': 0.3, 'rr': 2, 'be': None}",5,2,1.583,1.0,3,-0.711,0.33,1.48,1.0,-2.1,2,-0.711
GBPJPY,NYF,"{'tf': '15min', 'k': 0.3, 'rr': 2, 'be': 1.0}",5,2,0.858,0.5,3,-0.711,0.33,0.82,-0.4,-2.3,3,-0.711
GBPJPY,NYF,"{'tf': '15min', 'k': 0.3, 'rr': 3, 'be': None}",5,2,1.829,1.0,3,-0.711,0.33,1.71,1.5,-2.1,2,-0.711
GBPJPY,NYF,"{'tf': '15min', 'k': 0.3, 'rr': 3, 'be': 1.0}",5,2,-0.142,0.0,3,-0.711,0.33,0.01,-2.4,-2.3,4,-0.711
GBPJPY,NYF,"{'tf': '15min', 'k': 0.4, 'rr': 2, 'be': None}",2,0,0.0,,2,-0.529,0.5,0.01,-1.1,0.0,1,-0.529
GBPJPY,NYF,"{'tf': '15min', 'k': 0.4, 'rr': 2, 'be': 1.0}",2,0,0.0,,2,-0.529,0.5,0.01,-1.1,0.0,1,-0.529
GBPJPY,NYF,"{'tf': '15min', 'k': 0.4, 'rr': 3, 'be': None}",2,0,0.0,,2,-0.529,0.5,0.01,-1.1,0.0,1,-0.529
GBPJPY,NYF,"{'tf': '15min', 'k': 0.4, 'rr': 3, 'be': 1.0}",2,0,0.0,,2,-0.529,0.5,0.01,-1.1,0.0,1,-0.529
GBPJPY,ABO,"{'tf': '30min', 'win': 'W1', 'rr': 2, 'bias': False, 'be': None}",90,56,-0.053,0.48,34,-0.072,0.35,0.88,-5.4,-13.7,9,-0.072
GBPJPY,ABO,"{'tf': '30min', 'win': 'W1', 'rr': 2, 'bias': False, 'be': 1.0}",90,56,-0.243,0.27,34,-0.097,0.32,0.63,-16.9,-19.9,10,-0.243
GBPJPY,ABO,"{'tf': '30min', 'win': 'W1', 'rr': 2, 'bias': True, 'be': None}",67,42,-0.139,0.43,25,-0.104,0.4,0.77,-8.4,-15.9,6,-0.139
GBPJPY,ABO,"{'tf': '30min', 'win': 'W1', 'rr': 2, 'bias': True, 'be': 1.0}",67,42,-0.345,0.21,25,-0.138,0.36,0.5,-17.9,-21.0,10,-0.345
GBPJPY,ABO,"{'tf': '30min', 'win': 'W1', 'rr': 3, 'bias': False, 'be': None}",90,56,-0.006,0.48,34,-0.087,0.32,0.93,-3.3,-12.3,9,-0.087
GBPJPY,ABO,"{'tf': '30min', 'win': 'W1', 'rr': 3, 'bias': False, 'be': 1.0}",90,56,-0.243,0.23,34,-0.274,0.21,0.5,-22.9,-23.4,14,-0.274
GBPJPY,ABO,"{'tf': '30min', 'win': 'W1', 'rr': 3, 'bias': True, 'be': None}",67,42,-0.083,0.43,25,-0.127,0.36,0.82,-6.6,-15.0,7,-0.127
GBPJPY,ABO,"{'tf': '30min', 'win': 'W1', 'rr': 3, 'bias': True, 'be': 1.0}",67,42,-0.345,0.19,25,-0.218,0.28,0.45,-19.9,-20.5,11,-0.345
GBPJPY,ABO,"{'tf': '1h', 'win': 'W1', 'rr': 2, 'bias': False, 'be': None}",83,49,-0.007,0.49,34,-0.089,0.41,0.91,-3.3,-11.1,7,-0.089
GBPJPY,ABO,"{'tf': '1h', 'win': 'W1', 'rr': 2, 'bias': False, 'be': 1.0}",83,49,-0.199,0.29,34,-0.147,0.32,0.59,-14.7,-15.2,8,-0.199
GBPJPY,ABO,"{'tf': '1h', 'win': 'W1', 'rr': 2, 'bias': True, 'be': None}",70,41,0.0,0.49,29,-0.123,0.45,0.89,-3.6,-10.6,5,-0.123
GBPJPY,ABO,"{'tf': '1h', 'win': 'W1', 'rr': 2, 'bias': True, 'be': 1.0}",70,41,-0.202,0.29,29,-0.192,0.34,0.56,-13.8,-14.3,7,-0.202
GBPJPY,ABO,"{'tf': '1h', 'win': 'W1', 'rr': 3, 'bias': False, 'be': None}",83,49,0.08,0.49,34,-0.098,0.38,1.01,0.6,-10.7,7,-0.098
GBPJPY,ABO,"{'tf': '1h', 'win': 'W1', 'rr': 3, 'bias': False, 'be': 1.0}",83,49,-0.158,0.27,34,-0.206,0.26,0.6,-14.7,-15.4,8,-0.206
GBPJPY,ABO,"{'tf': '1h', 'win': 'W1', 'rr': 3, 'bias': True, 'be': None}",70,41,0.08,0.49,29,-0.158,0.41,0.96,-1.3,-11.1,5,-0.158
GBPJPY,ABO,"{'tf': '1h', 'win': 'W1', 'rr': 3, 'bias': True, 'be': 1.0}",70,41,-0.177,0.27,29,-0.192,0.31,0.59,-12.8,-13.8,7,-0.192
GBPJPY,ASR,"{'tf': '5min', 'win': 'W1', 'rr': 2, 'pdfade': True, 'be': None}",51,32,-0.406,0.31,19,-0.38,0.26,0.5,-20.2,-19.1,11,-0.406
GBPJPY,ASR,"{'tf': '5min', 'win': 'W1', 'rr': 2, 'pdfade': True, 'be': 1.0}",51,32,-0.308,0.28,19,-0.169,0.21,0.59,-13.1,-12.0,12,-0.308
GBPJPY,ASR,"{'tf': '5min', 'win': 'W1', 'rr': 3, 'pdfade': True, 'be': None}",51,32,-0.344,0.28,19,-0.169,0.26,0.66,-14.2,-13.4,11,-0.344
GBPJPY,ASR,"{'tf': '5min', 'win': 'W1', 'rr': 3, 'pdfade': True, 'be': 1.0}",51,32,-0.214,0.25,19,0.041,0.21,0.81,-6.1,-9.1,12,-0.214
GBPJPY,ASR,"{'tf': '15min', 'win': 'W1', 'rr': 2, 'pdfade': True, 'be': None}",45,28,-0.413,0.32,17,-0.125,0.35,0.58,-13.7,-13.6,8,-0.413
GBPJPY,ASR,"{'tf': '15min', 'win': 'W1', 'rr': 2, 'pdfade': True, 'be': 1.0}",45,28,-0.355,0.21,17,-0.147,0.24,0.51,-12.5,-11.9,11,-0.355
GBPJPY,ASR,"{'tf': '15min', 'win': 'W1', 'rr': 3, 'pdfade': True, 'be': None}",45,28,-0.294,0.32,17,-0.173,0.29,0.66,-11.2,-11.8,9,-0.294
GBPJPY,ASR,"{'tf': '15min', 'win': 'W1', 'rr': 3, 'pdfade': True, 'be': 1.0}",45,28,-0.248,0.21,17,-0.265,0.12,0.56,-11.5,-13.8,12,-0.265
GBPJPY,ASR,"{'tf': '30min', 'win': 'W1', 'rr': 2, 'pdfade': True, 'be': None}",37,23,-0.312,0.3,14,-0.142,0.29,0.64,-9.2,-10.9,8,-0.312
GBPJPY,ASR,"{'tf': '30min', 'win': 'W1', 'rr': 2, 'pdfade': True, 'be': 1.0}",37,23,-0.355,0.22,14,-0.142,0.21,0.53,-10.2,-10.7,9,-0.355
GBPJPY,ASR,"{'tf': '30min', 'win': 'W1', 'rr': 3, 'pdfade': True, 'be': None}",37,23,-0.383,0.26,14,-0.185,0.21,0.55,-11.4,-14.9,10,-0.383
GBPJPY,ASR,"{'tf': '30min', 'win': 'W1', 'rr': 3, 'pdfade': True, 'be': 1.0}",37,23,-0.486,0.13,14,-0.356,0.07,0.27,-16.2,-18.1,14,-0.486
GBPJPY,TPB,"{'tf': '15min', 'win': 'W1', 'rr': 2, 'dirmode': 'day', 'dmin': 0.15, 'be': None}",53,22,-0.168,0.36,31,0.023,0.45,0.9,-3.0,-10.5,6,-0.168
GBPJPY,TPB,"{'tf': '15min', 'win': 'W1', 'rr': 2, 'dirmode': 'day', 'dmin': 0.15, 'be': 1.0}",53,22,-0.157,0.18,31,-0.238,0.19,0.61,-10.8,-13.6,13,-0.238
GBPJPY,TPB,"{'tf': '15min', 'win': 'W1', 'rr': 3, 'dirmode': 'day', 'dmin': 0.15, 'be': None}",53,22,-0.171,0.32,31,-0.001,0.42,0.88,-3.8,-11.5,6,-0.171
GBPJPY,TPB,"{'tf': '15min', 'win': 'W1', 'rr': 3, 'dirmode': 'day', 'dmin': 0.15, 'be': 1.0}",53,22,-0.248,0.09,31,-0.271,0.13,0.51,-13.8,-16.9,18,-0.271
GBPJPY,TPB,"{'tf': '15min', 'win': 'W2', 'rr': 2, 'dirmode': 'day', 'dmin': 0.15, 'be': None}",61,33,-0.041,0.42,28,-0.042,0.43,0.92,-2.5,-7.9,5,-0.042
GBPJPY,TPB,"{'tf': '15min', 'win': 'W2', 'rr': 2, 'dirmode': 'day', 'dmin': 0.15, 'be': 1.0}",61,33,-0.078,0.27,28,-0.197,0.25,0.73,-8.1,-9.8,8,-0.197
GBPJPY,TPB,"{'tf': '15min', 'win': 'W2', 'rr': 3, 'dirmode': 'day', 'dmin': 0.15, 'be': None}",61,33,-0.048,0.42,28,-0.046,0.43,0.92,-2.9,-6.3,5,-0.048
GBPJPY,TPB,"{'tf': '15min', 'win': 'W2', 'rr': 3, 'dirmode': 'day', 'dmin': 0.15, 'be': 1.0}",61,33,-0.29,0.15,28,-0.34,0.14,0.38,-19.1,-19.3,10,-0.34
GBPJPY,TPB,"{'tf': '15min', 'win': 'BOTH', 'rr': 2, 'dirmode': 'day', 'dmin': 0.15, 'be': None}",87,44,-0.127,0.39,43,0.007,0.44,0.89,-5.3,-13.1,7,-0.127
GBPJPY,TPB,"{'tf': '15min', 'win': 'BOTH', 'rr': 2, 'dirmode': 'day', 'dmin': 0.15, 'be': 1.0}",87,44,-0.177,0.2,43,-0.235,0.21,0.6,-17.9,-20.6,13,-0.235
GBPJPY,TPB,"{'tf': '15min', 'win': 'BOTH', 'rr': 3, 'dirmode': 'day', 'dmin': 0.15, 'be': None}",87,44,-0.118,0.36,43,-0.031,0.42,0.87,-6.5,-14.1,7,-0.118
GBPJPY,TPB,"{'tf': '15min', 'win': 'BOTH', 'rr': 3, 'dirmode': 'day', 'dmin': 0.15, 'be': 1.0}",87,44,-0.314,0.11,43,-0.351,0.12,0.37,-28.9,-30.1,21,-0.351
GBPJPY,TPB,"{'tf': '15min', 'win': 'W1', 'rr': 2, 'dirmode': 'day', 'dmin': 0.25, 'be': None}",35,12,-0.06,0.42,23,-0.019,0.39,0.94,-1.1,-6.4,5,-0.06
GBPJPY,TPB,"{'tf': '15min', 'win': 'W1', 'rr': 2, 'dirmode': 'day', 'dmin': 0.25, 'be': 1.0}",35,12,-0.061,0.17,23,-0.256,0.17,0.58,-6.6,-7.3,7,-0.256
GBPJPY,TPB,"{'tf': '15min', 'win': 'W1', 'rr': 3, 'dirmode': 'day', 'dmin': 0.25, 'be': None}",35,12,-0.478,0.25,23,-0.036,0.35,0.69,-6.6,-10.1,5,-0.478
GBPJPY,TPB,"{'tf': '15min', 'win': 'W1', 'rr': 3, 'dirmode': 'day', 'dmin': 0.25, 'be': 1.0}",35,12,-0.394,0.0,23,-0.256,0.13,0.35,-10.6,-11.4,13,-0.394
GBPJPY,TPB,"{'tf': '15min', 'win': 'W2', 'rr': 2, 'dirmode': 'day', 'dmin': 0.25, 'be': None}",42,24,-0.214,0.38,18,0.156,0.5,0.89,-2.3,-6.0,4,-0.214
GBPJPY,TPB,"{'tf': '15min', 'win': 'W2', 'rr': 2, 'dirmode': 'day', 'dmin': 0.25, 'be': 1.0}",42,24,-0.171,0.25,18,0.025,0.28,0.79,-3.7,-5.9,7,-0.171
GBPJPY,TPB,"{'tf': '15min', 'win': 'W2', 'rr': 3, 'dirmode': 'day', 'dmin': 0.25, 'be': None}",42,24,-0.177,0.38,18,0.124,0.5,0.91,-2.0,-5.3,4,-0.177
GBPJPY,TPB,"{'tf': '15min', 'win': 'W2', 'rr': 3, 'dirmode': 'day', 'dmin': 0.25, 'be': 1.0}",42,24,-0.213,0.21,18,-0.086,0.17,0.63,-6.7,-8.3,13,-0.213
GBPJPY,TPB,"{'tf': '15min', 'win': 'BOTH', 'rr': 2, 'dirmode': 'day', 'dmin': 0.25, 'be': None}",61,31,-0.224,0.35,30,0.132,0.43,0.91,-3.0,-8.8,7,-0.224
GBPJPY,TPB,"{'tf': '15min', 'win': 'BOTH', 'rr': 2, 'dirmode': 'day', 'dmin': 0.25, 'be': 1.0}",61,31,-0.23,0.16,30,-0.127,0.2,0.6,-10.9,-11.6,9,-0.23
GBPJPY,TPB,"{'tf': '15min', 'win': 'BOTH', 'rr': 3, 'dirmode': 'day', 'dmin': 0.25, 'be': None}",61,31,-0.354,0.29,30,0.094,0.4,0.77,-8.2,-12.7,9,-0.354
GBPJPY,TPB,"{'tf': '15min', 'win': 'BOTH', 'rr': 3, 'dirmode': 'day', 'dmin': 0.25, 'be': 1.0}",61,31,-0.327,0.1,30,-0.16,0.13,0.46,-14.9,-15.0,15,-0.327
GBPJPY,TPB,"{'tf': '30min', 'win': 'W1', 'rr': 2, 'dirmode': 'day', 'dmin': 0.15, 'be': None}",42,21,-0.276,0.33,21,0.398,0.62,1.13,2.6,-8.8,6,-0.276
GBPJPY,TPB,"{'tf': '30min', 'win': 'W1', 'rr': 2, 'dirmode': 'day', 'dmin': 0.15, 'be': 1.0}",42,21,-0.278,0.19,21,-0.042,0.19,0.64,-6.7,-12.0,11,-0.278
GBPJPY,TPB,"{'tf': '30min', 'win': 'W1', 'rr': 3, 'dirmode': 'day', 'dmin': 0.15, 'be': None}",42,21,-0.341,0.29,21,0.46,0.62,1.13,2.5,-9.1,6,-0.341
GBPJPY,TPB,"{'tf': '30min', 'win': 'W1', 'rr': 3, 'dirmode': 'day', 'dmin': 0.15, 'be': 1.0}",42,21,-0.421,0.1,21,-0.042,0.14,0.49,-9.7,-12.0,11,-0.421
GBPJPY,TPB,"{'tf': '30min', 'win': 'W2', 'rr': 2, 'dirmode': 'day', 'dmin': 0.15, 'be': None}",41,23,0.161,0.57,18,-0.354,0.28,0.86,-2.7,-8.7,6,-0.354
GBPJPY,TPB,"{'tf': '30min', 'win': 'W2', 'rr': 2, 'dirmode': 'day', 'dmin': 0.15, 'be': 1.0}",41,23,-0.085,0.3,18,-0.363,0.17,0.5,-8.5,-11.8,11,-0.363
GBPJPY,TPB,"{'tf': '30min', 'win': 'W2', 'rr': 3, 'dirmode': 'day', 'dmin': 0.15, 'be': None}",41,23,0.118,0.57,18,-0.323,0.28,0.83,-3.1,-8.7,6,-0.323
GBPJPY,TPB,"{'tf': '30min', 'win': 'W2', 'rr': 3, 'dirmode': 'day', 'dmin': 0.15, 'be': 1.0}",41,23,-0.216,0.22,18,-0.474,0.11,0.24,-13.5,-15.2,12,-0.474
GBPJPY,TPB,"{'tf': '30min', 'win': 'BOTH', 'rr': 2, 'dirmode': 'day', 'dmin': 0.15, 'be': None}",68,37,-0.128,0.41,31,0.21,0.52,1.06,1.7,-9.2,5,-0.128
GBPJPY,TPB,"{'tf': '30min', 'win': 'BOTH', 'rr': 2, 'dirmode': 'day', 'dmin': 0.15, 'be': 1.0}",68,37,-0.27,0.19,31,-0.089,0.23,0.57,-12.7,-18.5,14,-0.27
GBPJPY,TPB,"{'tf': '30min', 'win': 'BOTH', 'rr': 3, 'dirmode': 'day', 'dmin': 0.15, 'be': None}",68,37,-0.138,0.38,31,0.27,0.52,1.11,3.3,-8.7,5,-0.138
GBPJPY,TPB,"{'tf': '30min', 'win': 'BOTH', 'rr': 3, 'dirmode': 'day', 'dmin': 0.15, 'be': 1.0}",68,37,-0.324,0.14,31,-0.153,0.16,0.44,-16.7,-17.5,14,-0.324
GBPJPY,TPB,"{'tf': '30min', 'win': 'W1', 'rr': 2, 'dirmode': 'day', 'dmin': 0.25, 'be': None}",22,10,-0.321,0.3,12,0.401,0.5,1.15,1.6,-8.8,9,-0.321
GBPJPY,TPB,"{'tf': '30min', 'win': 'W1', 'rr': 2, 'dirmode': 'day', 'dmin': 0.25, 'be': 1.0}",22,10,-0.243,0.2,12,-0.076,0.17,0.65,-3.3,-7.9,12,-0.243
GBPJPY,TPB,"{'tf': '30min', 'win': 'W1', 'rr': 3, 'dirmode': 'day', 'dmin': 0.25, 'be': None}",22,10,-0.553,0.2,12,0.426,0.5,0.96,-0.4,-10.0,9,-0.553
GBPJPY,TPB,"{'tf': '30min', 'win': 'W1', 'rr': 3, 'dirmode': 'day', 'dmin': 0.25, 'be': 1.0}",22,10,-0.443,0.1,12,-0.16,0.08,0.35,-6.3,-8.8,12,-0.443
GBPJPY,TPB,"{'tf': '30min', 'win': 'W2', 'rr': 2, 'dirmode': 'day', 'dmin': 0.25, 'be': None}",26,13,-0.185,0.46,13,-0.45,0.15,0.41,-8.3,-8.2,8,-0.45
GBPJPY,TPB,"{'tf': '30min', 'win': 'W2', 'rr': 2, 'dirmode': 'day', 'dmin': 0.25, 'be': 1.0}",26,13,-0.39,0.31,13,-0.462,0.0,0.09,-11.1,-11.0,19,-0.462
GBPJPY,TPB,"{'tf': '30min', 'win': 'W2', 'rr': 3, 'dirmode': 'day', 'dmin': 0.25, 'be': None}",26,13,-0.185,0.46,13,-0.45,0.15,0.41,-8.3,-8.2,8,-0.45
GBPJPY,TPB,"{'tf': '30min', 'win': 'W2', 'rr': 3, 'dirmode': 'day', 'dmin': 0.25, 'be': 1.0}",26,13,-0.39,0.31,13,-0.462,0.0,0.09,-11.1,-11.0,19,-0.462
GBPJPY,TPB,"{'tf': '30min', 'win': 'BOTH', 'rr': 2, 'dirmode': 'day', 'dmin': 0.25, 'be': None}",43,22,-0.263,0.36,21,0.068,0.33,0.79,-4.4,-12.2,7,-0.263
GBPJPY,TPB,"{'tf': '30min', 'win': 'BOTH', 'rr': 2, 'dirmode': 'day', 'dmin': 0.25, 'be': 1.0}",43,22,-0.348,0.23,21,-0.214,0.1,0.37,-12.2,-15.9,24,-0.348
GBPJPY,TPB,"{'tf': '30min', 'win': 'BOTH', 'rr': 3, 'dirmode': 'day', 'dmin': 0.25, 'be': None}",43,22,-0.369,0.32,21,0.083,0.33,0.71,-6.4,-13.5,7,-0.369
GBPJPY,TPB,"{'tf': '30min', 'win': 'BOTH', 'rr': 3, 'dirmode': 'day', 'dmin': 0.25, 'be': 1.0}",43,22,-0.439,0.18,21,-0.262,0.05,0.22,-15.2,-17.0,24,-0.439
GBPJPY,ORB,"{'or_min': 15, 'tf': '5min', 'rr': 2, 'bias': False, 'be': None}",131,75,-0.393,0.28,56,-0.153,0.39,0.63,-38.1,-40.4,7,-0.393
GBPJPY,ORB,"{'or_min': 15, 'tf': '5min', 'rr': 2, 'bias': False, 'be': 1.0}",131,75,-0.426,0.19,56,-0.378,0.16,0.43,-53.1,-53.8,16,-0.426
GBPJPY,ORB,"{'or_min': 15, 'tf': '5min', 'rr': 2, 'bias': True, 'be': None}",73,44,-0.258,0.34,29,-0.179,0.38,0.7,-16.5,-17.2,6,-0.258
GBPJPY,ORB,"{'or_min': 15, 'tf': '5min', 'rr': 2, 'bias': True, 'be': 1.0}",73,44,-0.36,0.2,29,-0.437,0.14,0.44,-28.5,-29.2,12,-0.437
GBPJPY,ORB,"{'or_min': 15, 'tf': '5min', 'rr': 3, 'bias': False, 'be': None}",131,75,-0.395,0.25,56,-0.197,0.36,0.62,-40.6,-42.5,7,-0.395
GBPJPY,ORB,"{'or_min': 15, 'tf': '5min', 'rr': 3, 'bias': False, 'be': 1.0}",131,75,-0.453,0.12,56,-0.503,0.07,0.34,-62.1,-61.0,28,-0.503
GBPJPY,ORB,"{'or_min': 15, 'tf': '5min', 'rr': 3, 'bias': True, 'be': None}",73,44,-0.267,0.3,29,-0.319,0.31,0.64,-21.0,-21.3,10,-0.319
GBPJPY,ORB,"{'or_min': 15, 'tf': '5min', 'rr': 3, 'bias': True, 'be': 1.0}",73,44,-0.314,0.16,29,-0.609,0.03,0.39,-31.5,-30.4,24,-0.609
GBPJPY,ORB,"{'or_min': 15, 'tf': '15min', 'rr': 2, 'bias': False, 'be': None}",121,69,-0.307,0.33,52,0.095,0.5,0.8,-16.2,-24.5,5,-0.307
GBPJPY,ORB,"{'or_min': 15, 'tf': '15min', 'rr': 2, 'bias': False, 'be': 1.0}",121,69,-0.411,0.16,52,-0.173,0.23,0.5,-37.4,-39.9,16,-0.411
GBPJPY,ORB,"{'or_min': 15, 'tf': '15min', 'rr': 2, 'bias': True, 'be': None}",70,42,-0.092,0.43,28,-0.016,0.46,0.9,-4.3,-10.6,5,-0.092
GBPJPY,ORB,"{'or_min': 15, 'tf': '15min', 'rr': 2, 'bias': True, 'be': 1.0}",70,42,-0.214,0.21,28,-0.263,0.18,0.6,-16.4,-18.9,12,-0.263
GBPJPY,ORB,"{'or_min': 15, 'tf': '15min', 'rr': 3, 'bias': False, 'be': None}",121,69,-0.353,0.32,52,-0.017,0.44,0.71,-25.2,-29.3,7,-0.353
GBPJPY,ORB,"{'or_min': 15, 'tf': '15min', 'rr': 3, 'bias': False, 'be': 1.0}",121,69,-0.527,0.07,52,-0.326,0.12,0.31,-53.4,-55.1,31,-0.527
GBPJPY,ORB,"{'or_min': 15, 'tf': '15min', 'rr': 3, 'bias': True, 'be': None}",70,42,-0.117,0.4,28,-0.146,0.39,0.81,-9.0,-13.6,10,-0.146
GBPJPY,ORB,"{'or_min': 15, 'tf': '15min', 'rr': 3, 'bias': True, 'be': 1.0}",70,42,-0.309,0.12,28,-0.406,0.07,0.42,-24.4,-26.1,20,-0.406
GBPJPY,ORB,"{'or_min': 30, 'tf': '5min', 'rr': 2, 'bias': False, 'be': None}",122,69,-0.216,0.35,53,-0.196,0.4,0.71,-25.3,-27.2,6,-0.216
GBPJPY,ORB,"{'or_min': 30, 'tf': '5min', 'rr': 2, 'bias': False, 'be': 1.0}",122,69,-0.294,0.22,53,-0.275,0.21,0.55,-34.9,-36.8,11,-0.294
GBPJPY,ORB,"{'or_min': 30, 'tf': '5min', 'rr': 2, 'bias': True, 'be': None}",69,40,0.037,0.45,29,-0.388,0.31,0.79,-9.8,-11.8,7,-0.388
GBPJPY,ORB,"{'or_min': 30, 'tf': '5min', 'rr': 2, 'bias': True, 'be': 1.0}",69,40,-0.128,0.25,29,-0.412,0.14,0.59,-17.1,-19.0,11,-0.412
GBPJPY,ORB,"{'or_min': 30, 'tf': '5min', 'rr': 3, 'bias': False, 'be': None}",122,69,-0.314,0.3,53,-0.187,0.38,0.65,-31.6,-32.3,11,-0.314
GBPJPY,ORB,"{'or_min': 30, 'tf': '5min', 'rr': 3, 'bias': False, 'be': 1.0}",122,69,-0.468,0.09,53,-0.37,0.13,0.35,-51.9,-51.8,31,-0.468
GBPJPY,ORB,"{'or_min': 30, 'tf': '5min', 'rr': 3, 'bias': True, 'be': None}",69,40,-0.064,0.38,29,-0.476,0.28,0.68,-16.3,-17.1,10,-0.476
GBPJPY,ORB,"{'or_min': 30, 'tf': '5min', 'rr': 3, 'bias': True, 'be': 1.0}",69,40,-0.253,0.12,29,-0.515,0.07,0.41,-25.1,-25.0,24,-0.515
GBPJPY,ORB,"{'or_min': 30, 'tf': '15min', 'rr': 2, 'bias': False, 'be': None}",107,62,-0.312,0.34,45,-0.067,0.44,0.68,-22.4,-23.9,12,-0.312
GBPJPY,ORB,"{'or_min': 30, 'tf': '15min', 'rr': 2, 'bias': False, 'be': 1.0}",107,62,-0.378,0.19,45,-0.247,0.2,0.46,-34.6,-34.2,18,-0.378
GBPJPY,ORB,"{'or_min': 30, 'tf': '15min', 'rr': 2, 'bias': True, 'be': None}",64,39,-0.091,0.41,25,-0.249,0.36,0.76,-9.8,-12.8,10,-0.249
GBPJPY,ORB,"{'or_min': 30, 'tf': '15min', 'rr': 2, 'bias': True, 'be': 1.0}",64,39,-0.192,0.26,25,-0.402,0.08,0.52,-17.5,-17.2,15,-0.402
GBPJPY,ORB,"{'or_min': 30, 'tf': '15min', 'rr': 3, 'bias': False, 'be': None}",107,62,-0.335,0.32,45,-0.025,0.44,0.69,-21.9,-24.5,12,-0.335
GBPJPY,ORB,"{'or_min': 30, 'tf': '15min', 'rr': 3, 'bias': False, 'be': 1.0}",107,62,-0.475,0.11,45,-0.313,0.13,0.33,-43.6,-43.2,24,-0.475
GBPJPY,ORB,"{'or_min': 30, 'tf': '15min', 'rr': 3, 'bias': True, 'be': None}",64,39,-0.098,0.38,25,-0.242,0.36,0.77,-9.9,-15.0,10,-0.242
GBPJPY,ORB,"{'or_min': 30, 'tf': '15min', 'rr': 3, 'bias': True, 'be': 1.0}",64,39,-0.294,0.15,25,-0.442,0.04,0.39,-22.5,-22.2,22,-0.442
NAS100,NYF,"{'tf': '5min', 'k': 0.2, 'rr': 2, 'be': None}",81,39,0.366,0.49,42,0.443,0.55,1.89,32.9,-5.0,3,0.366
NAS100,NYF,"{'tf': '5min', 'k': 0.2, 'rr': 2, 'be': 1.0}",81,39,0.248,0.41,42,0.204,0.29,1.54,18.2,-6.3,9,0.204
NAS100,NYF,"{'tf': '5min', 'k': 0.2, 'rr': 3, 'be': None}",81,39,0.392,0.41,42,0.157,0.4,1.48,21.9,-7.7,5,0.157
NAS100,NYF,"{'tf': '5min', 'k': 0.2, 'rr': 3, 'be': 1.0}",81,39,0.299,0.31,42,-0.082,0.1,1.24,8.2,-7.6,17,-0.082
NAS100,NYF,"{'tf': '5min', 'k': 0.3, 'rr': 2, 'be': None}",53,23,0.711,0.61,30,0.393,0.57,2.3,28.1,-3.1,3,0.393
NAS100,NYF,"{'tf': '5min', 'k': 0.3, 'rr': 2, 'be': 1.0}",53,23,0.461,0.48,30,0.244,0.33,1.9,17.9,-4.2,7,0.244
NAS100,NYF,"{'tf': '5min', 'k': 0.3, 'rr': 3, 'be': None}",53,23,0.611,0.48,30,0.141,0.43,1.66,18.3,-6.6,5,0.141
NAS100,NYF,"{'tf': '5min', 'k': 0.3, 'rr': 3, 'be': 1.0}",53,23,0.505,0.35,30,-0.156,0.1,1.34,6.9,-7.6,16,-0.156
NAS100,NYF,"{'tf': '5min', 'k': 0.4, 'rr': 2, 'be': None}",32,14,1.117,0.71,18,0.541,0.61,3.46,25.4,-2.1,2,0.541
NAS100,NYF,"{'tf': '5min', 'k': 0.4, 'rr': 2, 'be': 1.0}",32,14,0.831,0.57,18,0.304,0.28,3.02,17.1,-3.1,5,0.304
NAS100,NYF,"{'tf': '5min', 'k': 0.4, 'rr': 3, 'be': None}",32,14,1.382,0.64,18,0.583,0.56,3.41,29.8,-4.1,4,0.583
NAS100,NYF,"{'tf': '5min', 'k': 0.4, 'rr': 3, 'be': 1.0}",32,14,1.188,0.5,18,0.082,0.11,3.11,18.1,-3.1,10,0.082
NAS100,NYF,"{'tf': '15min', 'k': 0.2, 'rr': 2, 'be': None}",37,13,0.098,0.38,24,-0.467,0.29,0.56,-9.9,-13.2,5,-0.467
NAS100,NYF,"{'tf': '15min', 'k': 0.2, 'rr': 2, 'be': 1.0}",37,13,0.252,0.38,24,-0.491,0.08,0.52,-8.5,-11.8,15,-0.491
NAS100,NYF,"{'tf': '15min', 'k': 0.2, 'rr': 3, 'be': None}",37,13,-0.082,0.31,24,-0.467,0.29,0.48,-12.3,-13.2,5,-0.467
NAS100,NYF,"{'tf': '15min', 'k': 0.2, 'rr': 3, 'be': 1.0}",37,13,0.098,0.23,24,-0.491,0.08,0.41,-10.5,-11.8,15,-0.491
NAS100,NYF,"{'tf': '15min', 'k': 0.3, 'rr': 2, 'be': None}",22,8,0.48,0.5,14,-0.381,0.36,0.88,-1.5,-6.3,4,-0.381
NAS100,NYF,"{'tf': '15min', 'k': 0.3, 'rr': 2, 'be': 1.0}",22,8,0.605,0.5,14,-0.469,0.07,0.82,-1.7,-6.6,11,-0.469
NAS100,NYF,"{'tf': '15min', 'k': 0.3, 'rr': 3, 'be': None}",22,8,0.188,0.38,14,-0.381,0.36,0.71,-3.8,-6.3,4,-0.381
NAS100,NYF,"{'tf': '15min', 'k': 0.3, 'rr': 3, 'be': 1.0}",22,8,0.355,0.25,14,-0.469,0.07,0.62,-3.7,-6.6,11,-0.469
NAS100,NYF,"{'tf': '15min', 'k': 0.4, 'rr': 2, 'be': None}",13,3,0.979,0.67,10,-0.133,0.5,1.3,1.6,-2.3,2,-0.133
NAS100,NYF,"{'tf': '15min', 'k': 0.4, 'rr': 2, 'be': 1.0}",13,3,0.979,0.67,10,-0.372,0.1,0.84,-0.8,-3.7,8,-0.372
NAS100,NYF,"{'tf': '15min', 'k': 0.4, 'rr': 3, 'be': None}",13,3,0.312,0.33,10,-0.133,0.5,0.94,-0.4,-3.3,2,-0.133
NAS100,NYF,"{'tf': '15min', 'k': 0.4, 'rr': 3, 'be': 1.0}",13,3,0.646,0.33,10,-0.372,0.1,0.63,-1.8,-3.7,8,-0.372
NAS100,ABO,"{'tf': '30min', 'win': 'W1', 'rr': 2, 'bias': False, 'be': None}",88,47,-0.102,0.51,41,0.069,0.54,0.93,-2.0,-7.9,5,-0.102
NAS100,ABO,"{'tf': '30min', 'win': 'W1', 'rr': 2, 'bias': False, 'be': 1.0}",88,47,-0.179,0.4,41,-0.129,0.37,0.5,-13.7,-14.9,7,-0.179
NAS100,ABO,"{'tf': '30min', 'win': 'W1', 'rr': 2, 'bias': True, 'be': None}",68,35,-0.07,0.51,33,0.096,0.55,1.03,0.7,-5.6,4,-0.07
NAS100,ABO,"{'tf': '30min', 'win': 'W1', 'rr': 2, 'bias': True, 'be': 1.0}",68,35,-0.152,0.4,33,-0.123,0.39,0.58,-9.4,-10.1,6,-0.152
NAS100,ABO,"{'tf': '30min', 'win': 'W1', 'rr': 3, 'bias': False, 'be': None}",88,47,-0.081,0.51,41,0.066,0.54,0.96,-1.1,-7.9,5,-0.081
NAS100,ABO,"{'tf': '30min', 'win': 'W1', 'rr': 3, 'bias': False, 'be': 1.0}",88,47,-0.158,0.4,41,-0.154,0.34,0.5,-13.7,-14.0,7,-0.158
NAS100,ABO,"{'tf': '30min', 'win': 'W1', 'rr': 3, 'bias': True, 'be': None}",68,35,-0.042,0.51,33,0.093,0.55,1.07,1.6,-5.6,4,-0.042
NAS100,ABO,"{'tf': '30min', 'win': 'W1', 'rr': 3, 'bias': True, 'be': 1.0}",68,35,-0.123,0.4,33,-0.153,0.36,0.58,-9.4,-10.0,6,-0.153
NAS100,ABO,"{'tf': '1h', 'win': 'W1', 'rr': 2, 'bias': False, 'be': None}",76,41,-0.07,0.46,35,0.094,0.49,1.02,0.4,-8.9,5,-0.07
NAS100,ABO,"{'tf': '1h', 'win': 'W1', 'rr': 2, 'bias': False, 'be': 1.0}",76,41,-0.121,0.39,35,-0.065,0.29,0.7,-7.2,-10.1,8,-0.121
NAS100,ABO,"{'tf': '1h', 'win': 'W1', 'rr': 2, 'bias': True, 'be': None}",63,31,-0.083,0.39,32,0.104,0.47,1.04,0.7,-7.3,4,-0.083
NAS100,ABO,"{'tf': '1h', 'win': 'W1', 'rr': 2, 'bias': True, 'be': 1.0}",63,31,-0.125,0.32,32,-0.101,0.25,0.66,-7.1,-8.5,7,-0.125
NAS100,ABO,"{'tf': '1h', 'win': 'W1', 'rr': 3, 'bias': False, 'be': None}",76,41,-0.075,0.46,35,0.096,0.49,1.01,0.3,-8.9,5,-0.075
NAS100,ABO,"{'tf': '1h', 'win': 'W1', 'rr': 3, 'bias': False, 'be': 1.0}",76,41,-0.145,0.37,35,-0.15,0.23,0.53,-11.2,-11.8,8,-0.15
NAS100,ABO,"{'tf': '1h', 'win': 'W1', 'rr': 3, 'bias': True, 'be': None}",63,31,-0.09,0.39,32,0.107,0.47,1.03,0.6,-7.3,4,-0.09
NAS100,ABO,"{'tf': '1h', 'win': 'W1', 'rr': 3, 'bias': True, 'be': 1.0}",63,31,-0.157,0.29,32,-0.194,0.19,0.46,-11.1,-11.2,7,-0.194
NAS100,ASR,"{'tf': '5min', 'win': 'W1', 'rr': 2, 'pdfade': True, 'be': None}",50,24,-0.576,0.17,26,0.093,0.38,0.7,-11.4,-17.6,10,-0.576
NAS100,ASR,"{'tf': '5min', 'win': 'W1', 'rr': 2, 'pdfade': True, 'be': 1.0}",50,24,-0.492,0.17,26,0.17,0.35,0.77,-7.4,-14.2,10,-0.492
NAS100,ASR,"{'tf': '5min', 'win': 'W1', 'rr': 3, 'pdfade': True, 'be': None}",50,24,-0.576,0.12,26,0.117,0.35,0.73,-10.8,-21.3,10,-0.576
NAS100,ASR,"{'tf': '5min', 'win': 'W1', 'rr': 3, 'pdfade': True, 'be': 1.0}",50,24,-0.451,0.12,26,-0.061,0.15,0.62,-12.4,-17.3,13,-0.451
NAS100,ASR,"{'tf': '15min', 'win': 'W1', 'rr': 2, 'pdfade': True, 'be': None}",41,17,-0.443,0.24,24,0.083,0.42,0.81,-5.5,-10.0,6,-0.443
NAS100,ASR,"{'tf': '15min', 'win': 'W1', 'rr': 2, 'pdfade': True, 'be': 1.0}",41,17,-0.531,0.12,24,-0.004,0.29,0.66,-9.1,-12.5,11,-0.531
NAS100,ASR,"{'tf': '15min', 'win': 'W1', 'rr': 3, 'pdfade': True, 'be': None}",41,17,-0.639,0.18,24,0.141,0.42,0.75,-7.5,-14.1,8,-0.639
NAS100,ASR,"{'tf': '15min', 'win': 'W1', 'rr': 3, 'pdfade': True, 'be': 1.0}",41,17,-0.766,0.0,24,-0.087,0.17,0.44,-15.1,-17.5,21,-0.766
NAS100,ASR,"{'tf': '30min', 'win': 'W1', 'rr': 2, 'pdfade': True, 'be': None}",37,15,-0.191,0.33,22,0.215,0.45,1.09,1.9,-8.7,5,-0.191
NAS100,ASR,"{'tf': '30min', 'win': 'W1', 'rr': 2, 'pdfade': True, 'be': 1.0}",37,15,-0.315,0.13,22,-0.078,0.23,0.68,-6.4,-12.9,14,-0.315
NAS100,ASR,"{'tf': '30min', 'win': 'W1', 'rr': 3, 'pdfade': True, 'be': None}",37,15,-0.322,0.27,22,0.185,0.45,0.97,-0.8,-11.5,5,-0.322
NAS100,ASR,"{'tf': '30min', 'win': 'W1', 'rr': 3, 'pdfade': True, 'be': 1.0}",37,15,-0.581,0.0,22,-0.396,0.05,0.15,-17.4,-17.1,27,-0.581
NAS100,TPB,"{'tf': '15min', 'win': 'W1', 'rr': 2, 'dirmode': 'day', 'dmin': 0.15, 'be': None}",40,24,-0.168,0.42,16,-0.166,0.38,0.73,-6.7,-12.1,7,-0.168
NAS100,TPB,"{'tf': '15min', 'win': 'W1', 'rr': 2, 'dirmode': 'day', 'dmin': 0.15, 'be': 1.0}",40,24,-0.224,0.29,16,-0.226,0.19,0.59,-9.0,-13.7,14,-0.226
NAS100,TPB,"{'tf': '15min', 'win': 'W1', 'rr': 3, 'dirmode': 'day', 'dmin': 0.15, 'be': None}",40,24,-0.043,0.42,16,-0.234,0.38,0.81,-4.8,-12.5,7,-0.234
NAS100,TPB,"{'tf': '15min', 'win': 'W1', 'rr': 3, 'dirmode': 'day', 'dmin': 0.15, 'be': 1.0}",40,24,-0.099,0.29,16,-0.601,0.0,0.46,-12.0,-16.9,24,-0.601
NAS100,TPB,"{'tf': '15min', 'win': 'W2', 'rr': 2, 'dirmode': 'day', 'dmin': 0.15, 'be': None}",71,43,-0.052,0.37,28,0.007,0.5,0.95,-2.0,-14.2,7,-0.052
NAS100,TPB,"{'tf': '15min', 'win': 'W2', 'rr': 2, 'dirmode': 'day', 'dmin': 0.15, 'be': 1.0}",71,43,-0.067,0.28,28,0.074,0.32,0.97,-0.8,-13.3,7,-0.067
NAS100,TPB,"{'tf': '15min', 'win': 'W2', 'rr': 3, 'dirmode': 'day', 'dmin': 0.15, 'be': None}",71,43,-0.091,0.35,28,0.096,0.5,0.97,-1.2,-12.4,7,-0.091
NAS100,TPB,"{'tf': '15min', 'win': 'W2', 'rr': 3, 'dirmode': 'day', 'dmin': 0.15, 'be': 1.0}",71,43,-0.346,0.12,28,0.002,0.25,0.5,-14.8,-17.7,11,-0.346
NAS100,TPB,"{'tf': '15min', 'win': 'BOTH', 'rr': 2, 'dirmode': 'day', 'dmin': 0.15, 'be': None}",87,52,0.116,0.48,35,-0.039,0.46,1.11,4.7,-14.2,7,-0.039
NAS100,TPB,"{'tf': '15min', 'win': 'BOTH', 'rr': 2, 'dirmode': 'day', 'dmin': 0.15, 'be': 1.0}",87,52,0.021,0.35,35,-0.038,0.29,0.99,-0.2,-16.4,9,-0.038
NAS100,TPB,"{'tf': '15min', 'win': 'BOTH', 'rr': 3, 'dirmode': 'day', 'dmin': 0.15, 'be': None}",87,52,0.159,0.46,35,-0.057,0.46,1.14,6.3,-14.6,7,-0.057
NAS100,TPB,"{'tf': '15min', 'win': 'BOTH', 'rr': 3, 'dirmode': 'day', 'dmin': 0.15, 'be': 1.0}",87,52,-0.114,0.23,35,-0.323,0.14,0.53,-17.2,-19.9,10,-0.323
NAS100,TPB,"{'tf': '15min', 'win': 'W1', 'rr': 2, 'dirmode': 'day', 'dmin': 0.25, 'be': None}",28,16,0.104,0.5,12,-0.141,0.42,1.0,-0.0,-6.5,7,-0.141
NAS100,TPB,"{'tf': '15min', 'win': 'W1', 'rr': 2, 'dirmode': 'day', 'dmin': 0.25, 'be': 1.0}",28,16,-0.126,0.25,12,-0.183,0.25,0.68,-4.2,-6.1,8,-0.183
NAS100,TPB,"{'tf': '15min', 'win': 'W1', 'rr': 3, 'dirmode': 'day', 'dmin': 0.25, 'be': None}",28,16,0.229,0.5,12,-0.189,0.42,1.09,1.4,-6.5,7,-0.189
NAS100,TPB,"{'tf': '15min', 'win': 'W1', 'rr': 3, 'dirmode': 'day', 'dmin': 0.25, 'be': 1.0}",28,16,-0.001,0.25,12,-0.516,0.08,0.52,-6.2,-8.8,15,-0.516
NAS100,TPB,"{'tf': '15min', 'win': 'W2', 'rr': 2, 'dirmode': 'day', 'dmin': 0.25, 'be': None}",53,32,0.125,0.44,21,0.273,0.67,1.43,9.7,-7.1,6,0.125
NAS100,TPB,"{'tf': '15min', 'win': 'W2', 'rr': 2, 'dirmode': 'day', 'dmin': 0.25, 'be': 1.0}",53,32,0.037,0.28,21,0.266,0.43,1.38,6.8,-6.1,7,0.037
NAS100,TPB,"{'tf': '15min', 'win': 'W2', 'rr': 3, 'dirmode': 'day', 'dmin': 0.25, 'be': None}",53,32,0.146,0.44,21,0.391,0.67,1.56,12.9,-8.0,6,0.146
NAS100,TPB,"{'tf': '15min', 'win': 'W2', 'rr': 3, 'dirmode': 'day', 'dmin': 0.25, 'be': 1.0}",53,32,-0.213,0.12,21,0.171,0.33,0.82,-3.2,-10.4,9,-0.213
NAS100,TPB,"{'tf': '15min', 'win': 'BOTH', 'rr': 2, 'dirmode': 'day', 'dmin': 0.25, 'be': None}",66,39,0.303,0.54,27,0.075,0.56,1.5,13.8,-8.0,6,0.075
NAS100,TPB,"{'tf': '15min', 'win': 'BOTH', 'rr': 2, 'dirmode': 'day', 'dmin': 0.25, 'be': 1.0}",66,39,0.086,0.31,27,0.056,0.37,1.22,4.9,-9.6,7,0.056
NAS100,TPB,"{'tf': '15min', 'win': 'BOTH', 'rr': 3, 'dirmode': 'day', 'dmin': 0.25, 'be': None}",66,39,0.394,0.54,27,0.071,0.56,1.63,17.3,-8.4,6,0.071
NAS100,TPB,"{'tf': '15min', 'win': 'BOTH', 'rr': 3, 'dirmode': 'day', 'dmin': 0.25, 'be': 1.0}",66,39,-0.017,0.21,27,-0.24,0.22,0.69,-7.1,-11.2,8,-0.24
NAS100,TPB,"{'tf': '30min', 'win': 'W1', 'rr': 2, 'dirmode': 'day', 'dmin': 0.15, 'be': None}",24,12,-0.261,0.33,12,0.562,0.58,1.33,3.6,-5.1,3,-0.261
NAS100,TPB,"{'tf': '30min', 'win': 'W1', 'rr': 2, 'dirmode': 'day', 'dmin': 0.15, 'be': 1.0}",24,12,-0.255,0.25,12,0.355,0.42,1.12,1.2,-5.0,5,-0.255
NAS100,TPB,"{'tf': '30min', 'win': 'W1', 'rr': 3, 'dirmode': 'day', 'dmin': 0.15, 'be': None}",24,12,-0.511,0.25,12,0.239,0.42,0.74,-3.3,-6.3,5,-0.511
NAS100,TPB,"{'tf': '30min', 'win': 'W1', 'rr': 3, 'dirmode': 'day', 'dmin': 0.15, 'be': 1.0}",24,12,-0.421,0.17,12,-0.062,0.17,0.43,-5.8,-7.3,6,-0.421
NAS100,TPB,"{'tf': '30min', 'win': 'W2', 'rr': 2, 'dirmode': 'day', 'dmin': 0.15, 'be': None}",48,27,-0.055,0.37,21,-0.121,0.38,0.84,-4.0,-9.9,7,-0.121
NAS100,TPB,"{'tf': '30min', 'win': 'W2', 'rr': 2, 'dirmode': 'day', 'dmin': 0.15, 'be': 1.0}",48,27,-0.104,0.26,21,-0.136,0.24,0.75,-5.7,-10.5,8,-0.136
NAS100,TPB,"{'tf': '30min', 'win': 'W2', 'rr': 3, 'dirmode': 'day', 'dmin': 0.15, 'be': None}",48,27,-0.091,0.33,21,-0.107,0.38,0.82,-4.7,-8.6,7,-0.107
NAS100,TPB,"{'tf': '30min', 'win': 'W2', 'rr': 3, 'dirmode': 'day', 'dmin': 0.15, 'be': 1.0}",48,27,-0.252,0.15,21,-0.136,0.19,0.58,-9.7,-11.6,10,-0.252
NAS100,TPB,"{'tf': '30min', 'win': 'BOTH', 'rr': 2, 'dirmode': 'day', 'dmin': 0.15, 'be': None}",64,35,-0.016,0.4,29,0.069,0.41,1.05,1.5,-9.4,5,-0.016
NAS100,TPB,"{'tf': '30min', 'win': 'BOTH', 'rr': 2, 'dirmode': 'day', 'dmin': 0.15, 'be': 1.0}",64,35,-0.052,0.29,29,-0.025,0.28,0.91,-2.6,-10.3,7,-0.052
NAS100,TPB,"{'tf': '30min', 'win': 'BOTH', 'rr': 3, 'dirmode': 'day', 'dmin': 0.15, 'be': None}",64,35,-0.13,0.34,29,-0.089,0.34,0.79,-7.1,-11.4,5,-0.13
NAS100,TPB,"{'tf': '30min', 'win': 'BOTH', 'rr': 3, 'dirmode': 'day', 'dmin': 0.15, 'be': 1.0}",64,35,-0.223,0.17,29,-0.232,0.14,0.49,-14.6,-16.4,10,-0.232
NAS100,TPB,"{'tf': '30min', 'win': 'W1', 'rr': 2, 'dirmode': 'day', 'dmin': 0.25, 'be': None}",13,9,-0.115,0.44,4,0.103,0.5,0.91,-0.6,-3.5,3,-0.115
NAS100,TPB,"{'tf': '30min', 'win': 'W1', 'rr': 2, 'dirmode': 'day', 'dmin': 0.25, 'be': 1.0}",13,9,-0.218,0.33,4,-0.027,0.25,0.71,-2.1,-4.4,5,-0.218
NAS100,TPB,"{'tf': '30min', 'win': 'W1', 'rr': 3, 'dirmode': 'day', 'dmin': 0.25, 'be': None}",13,9,-0.448,0.33,4,-0.395,0.25,0.32,-5.6,-5.1,3,-0.448
NAS100,TPB,"{'tf': '30min', 'win': 'W1', 'rr': 3, 'dirmode': 'day', 'dmin': 0.25, 'be': 1.0}",13,9,-0.44,0.22,4,-0.527,0.0,0.17,-6.1,-6.0,6,-0.527
NAS100,TPB,"{'tf': '30min', 'win': 'W2', 'rr': 2, 'dirmode': 'day', 'dmin': 0.25, 'be': None}",33,18,-0.074,0.39,15,-0.129,0.4,0.81,-3.3,-9.7,5,-0.129
NAS100,TPB,"{'tf': '30min', 'win': 'W2', 'rr': 2, 'dirmode': 'day', 'dmin': 0.25, 'be': 1.0}",33,18,-0.095,0.28,15,-0.216,0.2,0.69,-4.9,-11.4,7,-0.216
NAS100,TPB,"{'tf': '30min', 'win': 'W2', 'rr': 3, 'dirmode': 'day', 'dmin': 0.25, 'be': None}",33,18,-0.018,0.39,15,-0.176,0.4,0.83,-3.0,-8.6,5,-0.176
NAS100,TPB,"{'tf': '30min', 'win': 'W2', 'rr': 3, 'dirmode': 'day', 'dmin': 0.25, 'be': 1.0}",33,18,-0.261,0.17,15,-0.283,0.13,0.43,-8.9,-12.4,10,-0.283
NAS100,TPB,"{'tf': '30min', 'win': 'BOTH', 'rr': 2, 'dirmode': 'day', 'dmin': 0.25, 'be': None}",41,25,-0.014,0.44,16,-0.217,0.38,0.83,-3.8,-11.7,6,-0.217
NAS100,TPB,"{'tf': '30min', 'win': 'BOTH', 'rr': 2, 'dirmode': 'day', 'dmin': 0.25, 'be': 1.0}",41,25,-0.066,0.32,16,-0.328,0.19,0.67,-6.9,-14.8,9,-0.328
NAS100,TPB,"{'tf': '30min', 'win': 'BOTH', 'rr': 3, 'dirmode': 'day', 'dmin': 0.25, 'be': None}",41,25,-0.093,0.4,16,-0.448,0.31,0.59,-9.5,-13.6,7,-0.448
NAS100,TPB,"{'tf': '30min', 'win': 'BOTH', 'rr': 3, 'dirmode': 'day', 'dmin': 0.25, 'be': 1.0}",41,25,-0.266,0.2,16,-0.578,0.06,0.24,-15.9,-18.8,13,-0.578
NAS100,ORB,"{'or_min': 15, 'tf': '5min', 'rr': 2, 'bias': False, 'be': None}",131,76,-0.261,0.28,55,-0.003,0.4,0.76,-20.0,-34.6,11,-0.261
NAS100,ORB,"{'or_min': 15, 'tf': '5min', 'rr': 2, 'bias': False, 'be': 1.0}",131,76,-0.281,0.17,55,-0.087,0.25,0.63,-26.1,-40.6,15,-0.281
NAS100,ORB,"{'or_min': 15, 'tf': '5min', 'rr': 2, 'bias': True, 'be': None}",88,53,-0.302,0.28,35,-0.018,0.43,0.71,-16.6,-27.7,11,-0.302
NAS100,ORB,"{'or_min': 15, 'tf': '5min', 'rr': 2, 'bias': True, 'be': 1.0}",88,53,-0.398,0.15,35,-0.113,0.29,0.52,-25.1,-33.9,24,-0.398
NAS100,ORB,"{'or_min': 15, 'tf': '5min', 'rr': 3, 'bias': False, 'be': None}",131,76,-0.261,0.25,55,-0.055,0.38,0.73,-22.8,-39.7,14,-0.261
NAS100,ORB,"{'or_min': 15, 'tf': '5min', 'rr': 3, 'bias': False, 'be': 1.0}",131,76,-0.32,0.11,55,-0.232,0.15,0.48,-37.1,-51.7,27,-0.32
NAS100,ORB,"{'or_min': 15, 'tf': '5min', 'rr': 3, 'bias': True, 'be': None}",88,53,-0.245,0.28,35,-0.129,0.4,0.7,-17.5,-27.8,11,-0.245
NAS100,ORB,"{'or_min': 15, 'tf': '5min', 'rr': 3, 'bias': True, 'be': 1.0}",88,53,-0.436,0.09,35,-0.285,0.17,0.37,-33.1,-39.0,29,-0.436
NAS100,ORB,"{'or_min': 15, 'tf': '15min', 'rr': 2, 'bias': False, 'be': None}",117,67,-0.056,0.37,50,0.001,0.44,0.94,-3.7,-15.3,6,-0.056
NAS100,ORB,"{'or_min': 15, 'tf': '15min', 'rr': 2, 'bias': False, 'be': 1.0}",117,67,-0.127,0.22,50,-0.03,0.28,0.81,-10.0,-21.4,12,-0.127
NAS100,ORB,"{'or_min': 15, 'tf': '15min', 'rr': 2, 'bias': True, 'be': None}",86,51,-0.059,0.39,35,-0.134,0.4,0.84,-7.7,-16.9,5,-0.134
NAS100,ORB,"{'or_min': 15, 'tf': '15min', 'rr': 2, 'bias': True, 'be': 1.0}",86,51,-0.182,0.22,35,-0.116,0.31,0.68,-13.3,-21.9,17,-0.182
NAS100,ORB,"{'or_min': 15, 'tf': '15min', 'rr': 3, 'bias': False, 'be': None}",117,67,-0.041,0.36,50,-0.027,0.44,0.94,-4.1,-15.8,8,-0.041
NAS100,ORB,"{'or_min': 15, 'tf': '15min', 'rr': 3, 'bias': False, 'be': 1.0}",117,67,-0.261,0.12,50,-0.23,0.16,0.45,-29.0,-31.4,18,-0.261
NAS100,ORB,"{'or_min': 15, 'tf': '15min', 'rr': 3, 'bias': True, 'be': None}",86,51,-0.094,0.37,35,-0.132,0.4,0.81,-9.4,-19.0,8,-0.132
NAS100,ORB,"{'or_min': 15, 'tf': '15min', 'rr': 3, 'bias': True, 'be': 1.0}",86,51,-0.378,0.1,35,-0.316,0.2,0.28,-30.3,-31.7,23,-0.378
NAS100,ORB,"{'or_min': 30, 'tf': '5min', 'rr': 2, 'bias': False, 'be': None}",109,62,-0.11,0.35,47,-0.101,0.38,0.81,-11.6,-20.3,6,-0.11
NAS100,ORB,"{'or_min': 30, 'tf': '5min', 'rr': 2, 'bias': False, 'be': 1.0}",109,62,-0.148,0.19,47,-0.244,0.21,0.6,-20.7,-25.9,13,-0.244
NAS100,ORB,"{'or_min': 30, 'tf': '5min', 'rr': 2, 'bias': True, 'be': None}",69,40,0.076,0.45,29,-0.167,0.34,0.95,-1.8,-13.5,10,-0.167
NAS100,ORB,"{'or_min': 30, 'tf': '5min', 'rr': 2, 'bias': True, 'be': 1.0}",69,40,-0.045,0.22,29,-0.238,0.24,0.72,-8.7,-16.1,12,-0.238
NAS100,ORB,"{'or_min': 30, 'tf': '5min', 'rr': 3, 'bias': False, 'be': None}",109,62,-0.099,0.34,47,-0.248,0.34,0.72,-17.8,-23.4,6,-0.248
NAS100,ORB,"{'or_min': 30, 'tf': '5min', 'rr': 3, 'bias': False, 'be': 1.0}",109,62,-0.213,0.13,47,-0.499,0.09,0.29,-36.7,-39.4,18,-0.499
NAS100,ORB,"{'or_min': 30, 'tf': '5min', 'rr': 3, 'bias': True, 'be': None}",69,40,0.044,0.42,29,-0.27,0.31,0.85,-6.1,-14.7,10,-0.27
NAS100,ORB,"{'or_min': 30, 'tf': '5min', 'rr': 3, 'bias': True, 'be': 1.0}",69,40,-0.195,0.12,29,-0.514,0.1,0.28,-22.7,-27.6,15,-0.514
NAS100,ORB,"{'or_min': 30, 'tf': '15min', 'rr': 2, 'bias': False, 'be': None}",97,54,0.077,0.41,43,-0.213,0.35,0.9,-5.0,-12.4,7,-0.213
NAS100,ORB,"{'or_min': 30, 'tf': '15min', 'rr': 2, 'bias': False, 'be': 1.0}",97,54,-0.104,0.2,43,-0.292,0.19,0.58,-18.2,-19.0,14,-0.292
NAS100,ORB,"{'or_min': 30, 'tf': '15min', 'rr': 2, 'bias': True, 'be': None}",62,35,0.177,0.49,27,-0.302,0.3,0.94,-2.0,-11.7,8,-0.302
NAS100,ORB,"{'or_min': 30, 'tf': '15min', 'rr': 2, 'bias': True, 'be': 1.0}",62,35,-0.128,0.2,27,-0.381,0.11,0.45,-14.8,-17.1,21,-0.381
NAS100,ORB,"{'or_min': 30, 'tf': '15min', 'rr': 3, 'bias': False, 'be': None}",97,54,0.044,0.39,43,-0.282,0.33,0.81,-9.7,-17.3,7,-0.282
NAS100,ORB,"{'or_min': 30, 'tf': '15min', 'rr': 3, 'bias': False, 'be': 1.0}",97,54,-0.29,0.09,43,-0.432,0.12,0.21,-34.2,-34.0,18,-0.432
NAS100,ORB,"{'or_min': 30, 'tf': '15min', 'rr': 3, 'bias': True, 'be': None}",62,35,0.186,0.49,27,-0.28,0.3,0.97,-1.0,-10.9,8,-0.28
NAS100,ORB,"{'or_min': 30, 'tf': '15min', 'rr': 3, 'bias': True, 'be': 1.0}",62,35,-0.271,0.11,27,-0.455,0.07,0.2,-21.8,-22.7,24,-0.455
