time,dir,entry,sl,tp,risk,limit,R,mins,exit,pair
2025-10-15 07:01:00+00:00,1,1.33585,1.33503,1.33831,0.0008200000000000429,True,-1.1463414634146265,19,SL,GBPUSD
2025-10-29 07:11:00+00:00,-1,1.3233,1.3241,1.3208999999999995,0.0008000000000001339,True,2.850000000000025,101,TP,GBPUSD
2025-10-31 07:56:00+00:00,-1,1.31475,1.31569,1.3119300000000003,0.0009399999999999409,True,2.872340425531907,224,TP,GBPUSD
2025-11-25 08:10:00+00:00,1,1.31158,1.31036,1.31524,0.0012199999999999989,True,-0.5327868852458361,240,TIME,GBPUSD
2025-12-01 07:00:00+00:00,-1,1.32181,1.3226099999999998,1.31941,0.0008,True,-1.1500000000000166,26,SL,GBPUSD
2025-12-19 08:02:00+00:00,-1,1.33694,1.3385,1.33226,0.0015600000000000058,True,-1.0769230769230766,111,SL,GBPUSD
2025-12-25 07:00:00+00:00,1,1.35166,1.35084,1.3541200000000002,0.0008200000000000429,True,-1.1463414634146265,13,SL,GBPUSD
2025-12-26 08:23:00+00:00,-1,1.34862,1.3494199999999998,1.34622,0.0008,True,-1.1500000000000166,26,SL,GBPUSD
2025-12-31 08:00:00+00:00,-1,1.34571,1.3465099999999999,1.34331,0.0008,True,-1.1500000000000166,3,SL,GBPUSD
2026-02-11 07:00:00+00:00,1,1.36698,1.3661800000000002,1.36938,0.0008,True,2.850000000000261,150,TP,GBPUSD
2026-02-25 07:09:00+00:00,1,1.35248,1.35168,1.3548799999999999,0.0008,True,-1.1500000000000166,26,SL,GBPUSD
2026-02-27 07:26:00+00:00,-1,1.3476,1.34912,1.3430399999999993,0.0015200000000001879,True,-1.0789473684210429,29,SL,GBPUSD
2026-03-16 08:00:00+00:00,-1,1.32459,1.3253899999999998,1.32219,0.0008,True,-1.1500000000000166,30,SL,GBPUSD
2026-03-23 07:36:00+00:00,-1,1.33011,1.3309099999999998,1.32771,0.0008,True,-1.1500000000000166,35,SL,GBPUSD
2026-03-24 08:00:00+00:00,1,1.34264,1.34092,1.3478000000000006,0.0017200000000001658,True,-1.0697674418604584,20,SL,GBPUSD
2026-04-01 07:49:00+00:00,1,1.3265,1.32547,1.3295900000000003,0.0010300000000000864,True,2.883495145631078,43,TP,GBPUSD
2026-04-07 07:06:00+00:00,1,1.32386,1.32262,1.3275800000000004,0.0012400000000001299,True,2.903225806451623,97,TP,GBPUSD
2026-04-17 07:09:00+00:00,-1,1.35142,1.35222,1.34902,0.0008,True,-1.1500000000000166,36,SL,GBPUSD
2026-04-29 07:03:00+00:00,-1,1.35028,1.3510799999999998,1.34788,0.0008,True,-1.1500000000000166,200,SL,GBPUSD
2026-05-06 08:05:00+00:00,1,1.35954,1.35836,1.3630799999999998,0.0011799999999999589,True,2.898305084745759,47,TP,GBPUSD
2026-05-13 07:00:00+00:00,-1,1.3528,1.35511,1.34587,0.0023100000000000342,True,0.8701298701298422,240,TIME,GBPUSD
2026-05-14 08:17:00+00:00,-1,1.35143,1.3527,1.3476199999999996,0.0012700000000001044,True,-0.22047244094498974,240,TIME,GBPUSD
2026-05-27 08:01:00+00:00,-1,1.34455,1.3456,1.3414,0.0010499999999999954,True,1.0380952380951791,240,TIME,GBPUSD
2026-06-01 07:06:00+00:00,1,1.34657,1.34575,1.3490300000000002,0.0008200000000000429,True,-1.1463414634146265,37,SL,GBPUSD
2026-06-02 08:23:00+00:00,1,1.34669,1.34589,1.34909,0.0008,True,0.9625000000001778,240,TIME,GBPUSD
2026-06-22 08:21:00+00:00,-1,1.32033,1.32184,1.3158000000000003,0.0015099999999999003,True,-1.079470198675502,43,SL,GBPUSD
2026-06-23 08:02:00+00:00,-1,1.32329,1.32495,1.31831,0.0016599999999999948,True,0.9397590361446571,240,TIME,GBPUSD
2026-06-24 07:00:00+00:00,-1,1.31867,1.32087,1.31207,0.0021999999999999797,True,1.3681818181818657,240,TIME,GBPUSD
2026-06-29 07:59:00+00:00,1,1.32119,1.3203900000000002,1.32359,0.0008,True,-1.1500000000000166,52,SL,GBPUSD
2026-07-15 07:00:00+00:00,1,1.3414,1.3406,1.3437999999999999,0.0008,True,-1.1500000000000166,23,SL,GBPUSD
2026-07-20 08:26:00+00:00,1,1.34676,1.34572,1.3498799999999997,0.0010399999999999299,True,-1.1153846153846232,216,SL,GBPUSD
2026-08-05 07:11:00+00:00,1,1.34595,1.34507,1.34859,0.0008799999999999919,True,1.397727272727243,240,TIME,GBPUSD
2026-08-10 07:00:00+00:00,1,1.3494,1.3486,1.3518,0.0008,True,0.650000000000039,240,TIME,GBPUSD
2026-08-13 07:46:00+00:00,-1,1.34865,1.34976,1.3453199999999994,0.0011100000000001664,True,-1.108108108108092,152,SL,GBPUSD
2026-08-17 08:49:00+00:00,1,1.35584,1.35504,1.35824,0.0008,True,-1.1500000000000166,5,SL,GBPUSD
2026-08-18 07:51:00+00:00,-1,1.35306,1.35425,1.3494899999999999,0.0011900000000000244,True,0.5546218487394868,240,TIME,GBPUSD
2026-08-20 07:00:00+00:00,1,1.36162,1.36024,1.3657600000000005,0.0013800000000001589,True,2.9130434782608794,193,TP,GBPUSD
2026-09-01 08:05:00+00:00,-1,1.3538,1.3545999999999998,1.3514,0.0008,True,-1.1500000000000166,75,SL,GBPUSD
2026-09-02 07:00:00+00:00,-1,1.34942,1.35082,1.3452200000000005,0.0013999999999998458,True,-1.0857142857142952,31,SL,GBPUSD
2026-09-04 07:55:00+00:00,1,1.35374,1.35294,1.35614,0.0008,True,-1.1500000000000166,39,SL,GBPUSD
2026-09-09 08:02:00+00:00,1,1.35544,1.35464,1.35784,0.0008,True,-1.1500000000000166,7,SL,GBPUSD
2026-09-22 08:52:00+00:00,-1,1.3362,1.33735,1.33275,0.0011499999999999844,True,-1.104347826086958,71,SL,GBPUSD
2025-10-13 07:00:00+00:00,-1,202.814,202.965,202.36099999999996,0.15100000000001046,,-1.1456953642384005,13,SL,GBPJPY
2025-10-15 07:30:00+00:00,-1,201.847,202.005,201.37300000000005,0.15799999999998704,,-1.1392405063291253,36,SL,GBPJPY
2025-10-21 07:45:00+00:00,1,202.377,202.235,202.803,0.1419999999999959,,-1.1549295774647932,30,SL,GBPJPY
2025-10-24 07:45:00+00:00,1,203.657,203.528,204.04400000000007,0.1290000000000191,,-1.1705426356588895,9,SL,GBPJPY
2025-10-31 06:15:00+00:00,1,202.458,202.305,202.91699999999997,0.1529999999999916,,2.8562091503267895,124,TP,GBPJPY
2025-11-07 09:00:00+00:00,1,201.141,200.962,201.678,0.17900000000000205,,-1.1229050279329595,78,SL,GBPJPY
2025-11-11 06:45:00+00:00,-1,202.976,203.152,202.44800000000004,0.17599999999998772,,2.874999999999991,15,TP,GBPJPY
2025-11-13 09:00:00+00:00,1,203.462,203.022,204.78199999999998,0.4399999999999977,,0.6840909090909296,240,TIME,GBPJPY
2025-11-14 07:45:00+00:00,1,203.26,202.871,204.42699999999994,0.3889999999999816,,-1.056555269922882,31,SL,GBPJPY
2025-11-17 06:30:00+00:00,-1,203.346,203.466,202.986,0.12,,-1.1833333333333265,36,SL,GBPJPY
2025-11-25 06:45:00+00:00,-1,205.329,205.463,204.92700000000005,0.13399999999998613,,-1.1641791044776288,24,SL,GBPJPY
2025-11-27 07:15:00+00:00,1,206.891,206.679,207.52699999999996,0.21199999999998909,,-1.1037735849056658,44,SL,GBPJPY
2025-11-28 06:30:00+00:00,-1,206.829,206.969,206.40900000000005,0.13999999999998636,,2.8428571428571274,145,TP,GBPJPY
2025-12-03 07:00:00+00:00,1,206.06,205.907,206.51899999999998,0.1529999999999916,,2.8562091503267895,150,TP,GBPJPY
2025-12-04 06:15:00+00:00,1,207.167,206.988,207.704,0.17900000000000205,,-1.1229050279329595,90,SL,GBPJPY
2025-12-12 08:45:00+00:00,-1,208.331,208.483,207.87499999999994,0.15200000000001523,,-1.1447368421052486,4,SL,GBPJPY
2025-12-16 07:45:00+00:00,-1,207.038,207.203,206.54300000000003,0.16499999999999204,,-1.1333333333333397,4,SL,GBPJPY
2025-12-22 06:15:00+00:00,-1,210.812,210.93200000000002,210.452,0.12,,-1.1833333333333265,65,SL,GBPJPY
2025-12-25 07:45:00+00:00,1,210.583,210.138,211.91799999999998,0.4449999999999932,,0.2988764044943892,11,TIME,GBPJPY
2026-01-05 06:15:00+00:00,-1,211.018,211.167,210.571,0.1490000000000009,,2.8523489932885915,135,TP,GBPJPY
2026-01-06 09:00:00+00:00,-1,211.868,211.988,211.50799999999998,0.12,,2.8166666666666735,171,TP,GBPJPY
2026-01-15 08:00:00+00:00,1,213.042,212.826,213.69000000000003,0.21600000000000819,,-1.101851851851848,75,SL,GBPJPY
2026-01-16 06:30:00+00:00,-1,211.939,212.059,211.57899999999998,0.12,,-0.46666666666681766,240,TIME,GBPJPY
2026-01-23 06:30:00+00:00,1,214.04,213.913,214.42099999999994,0.12699999999998113,,2.826771653543281,44,TP,GBPJPY
2026-01-30 06:45:00+00:00,1,211.676,211.505,212.18899999999996,0.17099999999999227,,1.350877192982601,240,TIME,GBPJPY
2026-02-03 09:00:00+00:00,1,212.857,212.727,213.24699999999999,0.12999999999999545,,2.8307692307692247,229,TP,GBPJPY
2026-02-05 06:15:00+00:00,-1,213.631,213.887,212.863,0.2560000000000002,,-1.0859375,48,SL,GBPJPY
2026-02-09 09:00:00+00:00,-1,212.989,213.202,212.35000000000002,0.21299999999999386,,-1.1032863849765289,104,SL,GBPJPY
2026-02-12 07:45:00+00:00,1,208.586,208.375,209.21900000000005,0.21100000000001273,,1.630331753554335,240,TIME,GBPJPY
2026-02-18 06:45:00+00:00,1,208.042,207.922,208.40200000000002,0.12,,2.8166666666666735,69,TP,GBPJPY
2026-02-20 07:15:00+00:00,1,208.693,208.573,209.05300000000003,0.12,,-1.1833333333333265,18,SL,GBPJPY
2026-02-25 06:30:00+00:00,1,210.473,210.309,210.96500000000006,0.1640000000000157,,2.865853658536598,90,TP,GBPJPY
2026-02-26 06:45:00+00:00,-1,211.475,211.595,211.11499999999998,0.12,,-1.1833333333333265,26,SL,GBPJPY
2026-03-04 07:00:00+00:00,-1,209.899,210.033,209.49700000000004,0.13399999999998613,,-1.1641791044776288,23,SL,GBPJPY
2026-03-05 09:00:00+00:00,1,209.583,209.355,210.26700000000002,0.22800000000000864,,2.903508771929828,199,TP,GBPJPY
2026-03-09 08:45:00+00:00,1,211.19,211.027,211.67900000000003,0.16300000000001091,,2.220858895705462,240,TIME,GBPJPY
2026-03-10 06:15:00+00:00,-1,211.767,211.894,211.38599999999997,0.12700000000000955,,-1.17322834645668,15,SL,GBPJPY
2026-03-11 08:00:00+00:00,-1,212.566,212.686,212.206,0.12,,-1.1833333333333265,25,SL,GBPJPY
2026-03-12 06:15:00+00:00,-1,212.652,212.772,212.29199999999997,0.12,,-1.1833333333333265,48,SL,GBPJPY
2026-03-17 08:00:00+00:00,-1,211.86,211.996,211.45200000000003,0.13599999999999568,,-1.1617647058823581,42,SL,GBPJPY
2026-03-18 07:30:00+00:00,-1,212.227,212.347,211.867,0.12,,-1.1833333333333265,136,SL,GBPJPY
2026-03-25 07:30:00+00:00,-1,212.833,212.953,212.47299999999998,0.12,,-1.1833333333333265,15,SL,GBPJPY
2026-03-27 08:30:00+00:00,1,212.948,212.828,213.30800000000002,0.12,,-1.1833333333333265,6,SL,GBPJPY
2026-03-30 06:30:00+00:00,1,212.02,211.9,212.38000000000002,0.12,,-1.1833333333333265,34,SL,GBPJPY
2026-03-31 07:15:00+00:00,-1,210.719,210.952,210.01999999999998,0.2330000000000041,,-1.0944206008583675,18,SL,GBPJPY
2026-04-01 07:30:00+00:00,1,210.27,210.15,210.63000000000002,0.12,,2.8166666666666735,31,TP,GBPJPY
2026-04-02 07:45:00+00:00,-1,210.753,211.065,209.81699999999995,0.3120000000000118,,0.21474358974357727,240,TIME,GBPJPY
2026-04-08 06:30:00+00:00,1,212.497,212.377,212.85700000000003,0.12,,-1.1833333333333265,1,SL,GBPJPY
2026-04-09 06:45:00+00:00,1,212.707,212.587,213.067,0.12,,2.8166666666666735,111,TP,GBPJPY
2026-04-10 08:15:00+00:00,1,213.75,213.63,214.11,0.12,,2.1083333333333005,240,TIME,GBPJPY
2026-04-13 06:30:00+00:00,1,214.139,214.002,214.55,0.13700000000000045,,1.7956204379562033,240,TIME,GBPJPY
2026-04-15 07:15:00+00:00,-1,215.583,215.704,215.21999999999997,0.12100000000000932,,2.818181818181832,69,TP,GBPJPY
2026-04-17 08:00:00+00:00,-1,215.42,215.54,215.05999999999997,0.12,,0.43333333333318247,240,TIME,GBPJPY
2026-04-21 06:30:00+00:00,-1,214.862,214.982,214.50199999999998,0.12,,-1.1833333333333265,124,SL,GBPJPY
2026-04-23 06:15:00+00:00,1,215.277,215.14,215.688,0.13700000000000045,,2.839416058394161,201,TP,GBPJPY
2026-04-24 06:15:00+00:00,-1,215.088,215.208,214.72799999999998,0.12,,-1.1833333333333265,103,SL,GBPJPY
2026-04-27 08:15:00+00:00,-1,215.604,215.72400000000002,215.244,0.12,,-1.1833333333333265,32,SL,GBPJPY
2026-04-28 07:45:00+00:00,-1,215.346,215.466,214.986,0.12,,-1.1833333333333265,7,SL,GBPJPY
2026-05-05 06:30:00+00:00,-1,212.626,212.755,212.23900000000003,0.12899999999999068,,-1.170542635658927,2,SL,GBPJPY
2026-05-07 07:00:00+00:00,1,212.55,212.428,212.91600000000005,0.1220000000000141,,-1.1803278688524381,7,SL,GBPJPY
2026-05-11 06:30:00+00:00,-1,213.357,213.549,212.78099999999998,0.19200000000000728,,-1.114583333333329,30,SL,GBPJPY
2026-05-13 08:45:00+00:00,-1,213.434,213.554,213.07399999999998,0.12,,-1.1833333333333265,10,SL,GBPJPY
2026-05-19 06:15:00+00:00,-1,213.217,213.357,212.79700000000005,0.13999999999998636,,-0.7428571428571697,240,TIME,GBPJPY
2026-05-20 06:45:00+00:00,-1,212.812,213.002,212.24200000000002,0.18999999999999773,,-1.115789473684212,79,SL,GBPJPY
2026-05-21 08:00:00+00:00,1,213.558,213.368,214.128,0.18999999999999773,,0.14210526315793115,240,TIME,GBPJPY
2026-05-22 06:30:00+00:00,1,213.574,213.454,213.93400000000003,0.12,,-1.1833333333333265,44,SL,GBPJPY
2026-05-26 08:00:00+00:00,1,214.51,214.31,215.10999999999996,0.19999999999998863,,-0.5850000000000275,240,TIME,GBPJPY
2026-05-27 08:15:00+00:00,1,214.319,214.187,214.71499999999992,0.13199999999997658,,-1.1666666666666963,121,SL,GBPJPY
2026-05-29 06:30:00+00:00,-1,214.098,214.21800000000002,213.738,0.12,,2.8166666666666735,96,TP,GBPJPY
2026-06-05 06:15:00+00:00,1,214.767,214.647,215.127,0.12,,2.8166666666666735,119,TP,GBPJPY
2026-06-12 09:00:00+00:00,-1,214.735,214.867,214.33900000000008,0.13199999999997658,,-1.1666666666666963,142,SL,GBPJPY
2026-06-17 06:15:00+00:00,-1,215.126,215.384,214.35200000000006,0.25799999999998136,,0.6434108527132891,240,TIME,GBPJPY
2026-06-19 07:00:00+00:00,1,212.852,212.482,213.96200000000002,0.37000000000000455,,1.5378378378378412,240,TIME,GBPJPY
2026-06-22 06:15:00+00:00,1,213.607,213.465,214.033,0.1419999999999959,,-1.1549295774647932,29,SL,GBPJPY
2026-06-24 07:30:00+00:00,1,213.245,213.114,213.638,0.13100000000000023,,-1.1679389312977095,44,SL,GBPJPY
2026-06-26 08:30:00+00:00,1,213.513,213.279,214.21500000000003,0.23400000000000887,,0.4487179487178511,240,TIME,GBPJPY
2026-06-30 08:30:00+00:00,1,214.742,214.62199999999999,215.102,0.12,,-1.1833333333333265,187,SL,GBPJPY
2026-07-07 07:15:00+00:00,-1,216.719,216.839,216.35899999999998,0.12,,-1.1833333333333265,75,SL,GBPJPY
2026-07-08 06:45:00+00:00,-1,216.65,216.87,215.99,0.21999999999999886,,-1.1000000000000005,50,SL,GBPJPY
2026-07-10 07:45:00+00:00,-1,217.101,217.221,216.74099999999999,0.12,,2.8166666666666735,57,TP,GBPJPY
2026-07-14 08:30:00+00:00,1,216.899,216.746,217.35799999999998,0.1529999999999916,,-1.1437908496732105,10,SL,GBPJPY
2026-07-15 09:00:00+00:00,1,217.413,217.293,217.77300000000002,0.12,,2.8166666666666735,175,TP,GBPJPY
2026-07-17 06:30:00+00:00,-1,218.697,218.817,218.337,0.12,,-1.1833333333333265,13,SL,GBPJPY
2026-07-22 07:45:00+00:00,-1,218.002,218.398,216.81400000000005,0.3959999999999866,,0.06565656565657249,240,TIME,GBPJPY
2026-07-27 06:15:00+00:00,-1,218.417,218.537,218.057,0.12,,2.8166666666666735,68,TP,GBPJPY
2026-07-31 08:00:00+00:00,-1,215.509,216.081,213.79299999999998,0.5720000000000027,,2.9615384615384617,58,TP,GBPJPY
2026-08-03 06:15:00+00:00,-1,210.755,210.875,210.39499999999998,0.12,,-1.1833333333333265,3,SL,GBPJPY
2026-08-06 07:45:00+00:00,1,212.444,212.276,212.94799999999992,0.16799999999997794,,0.5059523809524433,240,TIME,GBPJPY
2026-08-07 08:30:00+00:00,-1,213.026,213.14600000000002,212.666,0.12,,2.8166666666666735,131,TP,GBPJPY
2026-08-11 07:45:00+00:00,-1,215.021,215.192,214.50799999999992,0.1710000000000207,,-1.1286549707602183,56,SL,GBPJPY
2026-08-12 06:30:00+00:00,1,215.267,215.147,215.627,0.12,,-1.1833333333333265,173,SL,GBPJPY
2026-08-13 06:30:00+00:00,-1,214.962,215.097,214.55699999999993,0.13500000000001933,,-1.1629629629629397,228,SL,GBPJPY
2026-08-18 06:30:00+00:00,1,216.145,215.951,216.72700000000006,0.19400000000001683,,-1.1134020618556604,189,SL,GBPJPY
2026-08-19 07:15:00+00:00,-1,215.713,215.833,215.35299999999998,0.12,,-1.1833333333333265,121,SL,GBPJPY
2026-08-21 07:15:00+00:00,-1,216.856,216.976,216.49599999999998,0.12,,2.8166666666666735,135,TP,GBPJPY
2026-08-27 07:45:00+00:00,1,216.541,216.421,216.901,0.12,,-1.1833333333333265,49,SL,GBPJPY
2026-08-31 06:15:00+00:00,-1,216.487,216.607,216.12699999999998,0.12,,-1.1833333333333265,19,SL,GBPJPY
2026-09-01 06:45:00+00:00,1,216.642,216.476,217.14,0.16599999999999682,,-1.1325301204819302,89,SL,GBPJPY
2026-09-07 07:15:00+00:00,-1,210.78,210.9,210.42,0.12,,2.8166666666666735,48,TP,GBPJPY
2026-09-09 07:15:00+00:00,-1,207.758,207.95,207.18200000000007,0.19199999999997885,,-1.114583333333346,6,SL,GBPJPY
2026-09-10 07:15:00+00:00,1,208.104,207.946,208.57800000000006,0.15800000000001546,,-1.1392405063291002,11,SL,GBPJPY
2026-09-11 07:15:00+00:00,-1,208.449,208.56900000000002,208.089,0.12,,-1.1833333333333265,68,SL,GBPJPY
2026-09-15 08:45:00+00:00,1,208.912,208.514,210.106,0.39799999999999613,,0.17587939698488747,240,TIME,GBPJPY
2026-09-18 07:00:00+00:00,1,209.742,209.291,211.09499999999997,0.4509999999999934,,2.951219512195121,150,TP,GBPJPY
2026-09-28 08:00:00+00:00,-1,208.552,208.977,207.27699999999996,0.42500000000001137,,0.8376470588234738,240,TIME,GBPJPY
2026-09-29 07:15:00+00:00,-1,208.361,208.566,207.74599999999995,0.2050000000000125,,-1.1073170731707251,163,SL,GBPJPY
2026-10-01 07:00:00+00:00,1,209.761,209.581,210.30100000000002,0.18000000000000682,,-1.1222222222222176,36,SL,GBPJPY
2026-10-05 08:00:00+00:00,-1,208.512,208.632,208.152,0.12,,-1.1833333333333265,13,SL,GBPJPY
2026-10-06 06:30:00+00:00,1,208.928,208.695,209.627,0.2330000000000041,,2.7596566523604324,240,TIME,GBPJPY
2025-10-13 13:43:00+00:00,-1,24621.555,24675.881,24512.903,54.32600000000093,True,-1.033133306335824,7,SL,NAS100
2025-10-14 13:27:00+00:00,-1,24458.8595,24475.403,24425.7725,16.543499999999767,True,1.8911959379816832,3,TP,NAS100
2025-10-16 14:26:00+00:00,1,24890.141499999998,24838.892,24992.640499999994,51.24949999999808,True,1.9648777061239608,16,TP,NAS100
2025-10-20 13:12:00+00:00,1,24968.716,24950.305,25005.538,18.411000000000058,True,-1.09776763891152,18,SL,NAS100
2025-10-21 14:25:00+00:00,1,25092.376,25055.631,25165.865999999998,36.74499999999898,True,-1.048986256633557,3,SL,NAS100
2025-10-22 13:27:00+00:00,1,25104.852,25089.852,25134.852,15.0,True,-1.12,3,SL,NAS100
2025-10-23 13:18:00+00:00,-1,24836.773,24859.279,24791.761000000006,22.505999999997584,True,-1.0799786723540474,10,SL,NAS100
2025-10-24 13:28:00+00:00,1,25318.082000000002,25298.153,25357.94000000001,19.929000000003725,True,-1.0903206382658268,2,SL,NAS100
2025-10-27 13:15:00+00:00,1,25688.6455,25673.6455,25718.6455,15.0,True,-1.12,6,SL,NAS100
2025-10-29 13:11:00+00:00,1,26121.8485,26106.8485,26151.8485,15.0,True,1.88,41,TP,NAS100
2025-11-03 14:37:00+00:00,1,26064.419,26039.283,26114.691000000006,25.13600000000224,True,-1.0716104392106875,3,SL,NAS100
2025-11-04 13:20:00+00:00,-1,25616.245499999997,25633.088,25582.560499999992,16.842500000002474,True,1.8931275048241214,6,TP,NAS100
2025-11-05 14:30:00+00:00,-1,25431.0845,25446.0845,25401.0845,15.0,True,-1.12,0,SL,NAS100
2025-11-06 13:43:00+00:00,1,25680.5985,25662.153,25717.489500000003,18.44550000000163,True,-1.0975847767748146,11,SL,NAS100
2025-11-07 13:46:00+00:00,-1,24997.3595,25036.649,24918.780499999993,39.28950000000259,True,1.9541862329630084,50,TP,NAS100
2025-11-10 13:41:00+00:00,1,25436.58,25413.903,25481.93400000001,22.677000000003318,True,1.9206244212197496,52,TP,NAS100
2025-11-11 13:22:00+00:00,1,25505.533,25485.708,25545.183,19.825000000000728,True,-1.090794451450186,2,SL,NAS100
2025-11-12 13:19:00+00:00,1,25697.441,25682.441,25727.441,15.0,True,-1.12,46,SL,NAS100
2025-11-13 13:10:00+00:00,-1,25482.7945,25502.286,25443.8115,19.491500000000087,True,1.9076520534592005,23,TP,NAS100
2025-11-17 13:17:00+00:00,-1,25019.214,25051.381,24954.879999999997,32.16700000000128,True,1.9440420306525343,25,TP,NAS100
2025-11-19 13:16:00+00:00,-1,24588.951999999997,24627.279,24512.297999999995,38.327000000001135,True,1.9530357189448706,74,TP,NAS100
2025-11-20 13:19:00+00:00,1,25066.283,25051.283,25096.283,15.0,True,-1.12,4,SL,NAS100
2025-11-21 13:35:00+00:00,-1,24160.626,24218.447,24044.984,57.82099999999991,True,1.9688694418982722,71,TP,NAS100
2025-11-24 13:23:00+00:00,1,24458.7565,24429.903,24516.4635,28.853500000001077,True,-1.0623841128459262,35,SL,NAS100
2025-11-27 14:00:00+00:00,1,25237.542999999998,25222.542999999998,25267.542999999998,15.0,True,-0.15586666666645518,239,TIME,NAS100
2025-11-28 13:59:00+00:00,1,25320.086499999998,25305.086499999998,25350.086499999998,15.0,True,-1.12,22,SL,NAS100
2025-12-02 13:31:00+00:00,1,25435.466,25418.37,25469.658000000003,17.096000000001368,True,1.894712213383256,30,TP,NAS100
2025-12-04 13:31:00+00:00,1,25605.658499999998,25590.658499999998,25635.658499999998,15.0,True,-1.12,0,SL,NAS100
2025-12-08 13:24:00+00:00,1,25772.9085,25757.9085,25802.9085,15.0,True,-1.12,7,SL,NAS100
2025-12-09 13:45:00+00:00,-1,25602.037,25621.033,25564.045000000002,18.995999999999185,True,1.9052432090966478,39,TP,NAS100
2025-12-10 14:12:00+00:00,-1,25637.912,25653.529,25606.678000000004,15.61699999999837,True,1.8847409873855294,18,TP,NAS100
2025-12-12 14:21:00+00:00,-1,25588.7675,25608.925,25548.452500000007,20.157499999997526,True,1.9107032122038834,6,TP,NAS100
2025-12-16 13:17:00+00:00,-1,25022.788500000002,25048.533,24971.29950000001,25.74449999999706,True,-1.069917846530335,8,SL,NAS100
2025-12-17 13:37:00+00:00,1,25185.745499999997,25149.261,25258.714499999995,36.48449999999866,True,-1.0493360194055028,53,SL,NAS100
2025-12-19 14:25:00+00:00,1,25117.539,25090.099,25172.419000000005,27.44000000000233,True,1.9344023323615216,6,TP,NAS100
2025-12-22 13:31:00+00:00,1,25507.6835,25492.6835,25537.6835,15.0,True,1.88,48,TP,NAS100
2025-12-26 13:47:00+00:00,1,25690.977,25673.794,25725.342999999993,17.182999999997264,True,-1.1047546994122264,3,SL,NAS100
2025-12-29 14:29:00+00:00,-1,25494.691,25526.642,25430.788999999997,31.95100000000093,True,-1.0563362649056351,7,SL,NAS100
2025-12-30 14:30:00+00:00,-1,25512.539,25530.555,25476.507,18.01599999999962,True,1.900088809946712,9,TP,NAS100
2026-01-05 13:41:00+00:00,1,25363.626,25339.827,25411.224,23.79899999999907,True,1.9243665700239476,20,TP,NAS100
2026-01-06 14:40:00+00:00,1,25442.7235,25425.588,25476.9945,17.13550000000032,True,1.8949549181523757,4,TP,NAS100
2026-01-07 13:35:00+00:00,1,25590.9195,25575.9195,25620.9195,15.0,True,1.88,55,TP,NAS100
2026-01-08 13:33:00+00:00,1,25614.287,25590.381,25662.099,23.90599999999904,True,-1.0752949050447618,57,SL,NAS100
2026-01-09 13:50:00+00:00,1,25613.3215,25565.761,25708.442499999997,47.56049999999959,True,-1.0378465323114774,28,SL,NAS100
2026-01-13 14:30:00+00:00,1,25773.275999999998,25723.816,25872.195999999996,49.45999999999913,True,1.963606955115244,11,TP,NAS100
2026-01-14 13:51:00+00:00,-1,25591.803,25608.131,25559.146999999997,16.32800000000134,True,-1.1102400783929356,35,SL,NAS100
2026-01-15 13:56:00+00:00,1,25734.2725,25714.588,25773.641499999998,19.68449999999939,True,1.9085574944753458,28,TP,NAS100
2026-01-16 14:25:00+00:00,1,25687.572,25672.572,25717.572,15.0,True,1.88,3,TP,NAS100
2026-01-19 13:27:00+00:00,-1,25155.158000000003,25186.946,25091.58200000001,31.787999999996828,True,-1.0566251415628596,34,SL,NAS100
2026-01-20 13:49:00+00:00,-1,25081.941,25115.925,25013.972999999998,33.98400000000038,True,-1.0529661016949148,41,SL,NAS100
2026-01-21 13:49:00+00:00,-1,24926.926,24943.949,24892.879999999997,17.023000000001048,True,-1.1057392938964865,4,SL,NAS100
2026-01-22 13:10:00+00:00,1,25547.4215,25532.4215,25577.4215,15.0,True,1.88,37,TP,NAS100
2026-01-26 14:12:00+00:00,1,25592.167,25572.186,25632.129,19.980999999999767,True,1.909914418697762,20,TP,NAS100
2026-01-29 14:02:00+00:00,1,26053.371,26035.55,26089.013,17.820999999999913,True,-1.1010044329723365,1,SL,NAS100
2026-02-02 13:08:00+00:00,-1,25374.6075,25396.958,25329.906499999997,22.350500000000466,True,-1.080535111071339,45,SL,NAS100
2026-02-03 13:21:00+00:00,1,25876.481,25861.481,25906.481,15.0,True,-1.12,29,SL,NAS100
2026-02-04 13:17:00+00:00,-1,25298.089500000002,25314.299,25265.670500000007,16.209499999997206,True,1.8889540084518146,30,TP,NAS100
2026-02-05 14:25:00+00:00,-1,24662.5875,24700.316,24587.130500000007,37.72849999999744,True,1.9522907086154997,6,TP,NAS100
2026-02-09 13:16:00+00:00,1,25039.816,25013.849,25091.75,25.967000000000553,True,-1.069318750722069,17,SL,NAS100
2026-02-10 14:28:00+00:00,1,25301.7345,25286.7345,25331.7345,15.0,True,-1.12,2,SL,NAS100
2026-02-11 14:30:00+00:00,1,25323.762000000002,25260.805,25449.676000000007,62.957000000002154,True,-1.0285909430246032,9,SL,NAS100
2026-02-12 14:03:00+00:00,1,25298.088499999998,25253.931,25386.403499999993,44.157499999997526,True,-1.0407631772632078,27,SL,NAS100
2026-02-13 13:22:00+00:00,-1,24600.602,24646.022,24509.761999999995,45.42000000000189,True,-1.039630118890355,8,SL,NAS100
2026-02-16 14:52:00+00:00,-1,24677.6835,24707.186,24618.678499999995,29.50250000000233,True,-1.0610117786628204,4,SL,NAS100
2026-02-17 13:15:00+00:00,-1,24490.8105,24521.029,24430.3735,30.21849999999904,True,-1.0595661598027717,6,SL,NAS100
2026-02-19 13:36:00+00:00,-1,24798.9845,24813.9845,24768.9845,15.0,True,-1.12,1,SL,NAS100
2026-02-20 14:25:00+00:00,-1,24666.3705,24699.827,24599.4575,33.45650000000023,True,-1.0538012045491905,7,SL,NAS100
2026-02-23 14:40:00+00:00,1,24906.767,24880.75,24958.801,26.016999999999825,True,-1.069185532536419,0,SL,NAS100
2026-02-25 14:17:00+00:00,1,25095.932,25080.932,25125.932,15.0,True,-1.12,2,SL,NAS100
2026-02-26 14:06:00+00:00,1,25333.9355,25317.175,25367.4565,16.76050000000032,True,-1.1073953641001144,17,SL,NAS100
2026-02-27 13:49:00+00:00,-1,24816.9815,24855.264,24740.416500000007,38.282499999997526,True,-1.0470188728531344,44,SL,NAS100
2026-03-02 14:06:00+00:00,-1,24598.881999999998,24632.747,24531.151999999995,33.8650000000016,True,-1.0531522220581697,24,SL,NAS100
2026-03-03 13:20:00+00:00,-1,24535.964,24561.936,24484.019999999997,25.97200000000157,True,1.93069459417835,8,TP,NAS100
2026-03-04 13:52:00+00:00,1,24862.364999999998,24829.772,24927.550999999992,32.59299999999712,True,-1.0552265823949978,34,SL,NAS100
2026-03-06 14:30:00+00:00,-1,24687.478000000003,24742.745,24576.94400000001,55.26699999999619,True,-1.03256916423906,30,SL,NAS100
2026-03-09 14:03:00+00:00,-1,24394.5855,24493.522,24196.7125,98.9364999999998,True,-1.0181934877421377,39,SL,NAS100
2026-03-11 13:10:00+00:00,1,24939.0885,24910.42,24996.42550000001,28.668500000003405,True,1.9372133177529418,15,TP,NAS100
2026-03-12 13:25:00+00:00,-1,24777.4735,24826.522,24679.3765,49.048500000000786,True,1.9633016300192672,22,TP,NAS100
2026-03-17 13:30:00+00:00,1,24736.6855,24706.786,24796.4845,29.899499999999534,True,1.9397983243866945,2,TP,NAS100
2026-03-19 13:16:00+00:00,-1,24219.2675,24236.511,24184.780500000008,17.243499999996857,True,-1.1043871603792923,1,SL,NAS100
2026-03-20 13:20:00+00:00,-1,24264.707,24291.399,24211.322999999993,26.692000000002736,True,-1.0674359358609251,5,SL,NAS100
2026-03-25 13:44:00+00:00,1,24242.759,24214.686,24298.90499999999,28.072999999996682,True,-1.064118548071108,5,SL,NAS100
2026-03-26 13:43:00+00:00,-1,23921.2945,23951.149,23861.585499999997,29.85450000000128,True,-1.0602924182284053,2,SL,NAS100
2026-03-27 13:45:00+00:00,-1,23429.756999999998,23466.199,23356.872999999992,36.442000000002736,True,1.9506064431150907,6,TP,NAS100
2026-03-30 14:09:00+00:00,-1,23160.3425,23193.925,23093.177499999998,33.58250000000044,True,-1.053599344896895,4,SL,NAS100
2026-03-31 13:10:00+00:00,-1,23207.321,23244.838,23132.287,37.516999999999825,True,-1.0479782498600636,21,SL,NAS100
2026-04-01 13:30:00+00:00,1,23877.882,23856.552,23920.542000000005,21.330000000001746,True,1.9156118143459984,2,TP,NAS100
2026-04-02 13:06:00+00:00,-1,23567.621,23582.621,23537.621,15.0,True,1.88,7,TP,NAS100
2026-04-06 14:03:00+00:00,1,24182.488,24094.12,24359.224000000006,88.36800000000221,True,-1.0203693644758278,46,SL,NAS100
2026-04-08 13:15:00+00:00,1,25050.9745,25034.964,25082.9955,16.01050000000032,True,-1.1124262202929305,5,SL,NAS100
2026-04-13 13:36:00+00:00,1,25017.288500000002,24994.349,25063.16750000001,22.939500000004045,True,1.921532727391631,13,TP,NAS100
2026-04-15 14:39:00+00:00,1,25949.0555,25908.719,26029.728499999994,40.33649999999761,True,1.9553754044103948,42,TP,NAS100
2026-04-16 13:12:00+00:00,1,26249.5445,26234.529,26279.575500000003,15.015500000001339,True,1.880123871998945,17,TP,NAS100
2026-04-17 13:20:00+00:00,1,26605.0605,26546.175,26722.8315,58.88550000000032,True,-1.0305677968260436,7,SL,NAS100
2026-04-20 13:20:00+00:00,1,26608.1745,26591.12,26642.283500000005,17.054500000002008,True,1.894456008678074,10,TP,NAS100
2026-04-21 14:45:00+00:00,1,26657.8595,26602.011,26769.5565,55.84850000000006,True,-1.032230050941386,13,SL,NAS100
2026-04-22 13:32:00+00:00,1,26691.595999999998,26673.846,26727.09599999999,17.749999999996362,True,-1.101408450704246,1,SL,NAS100
2026-04-23 13:14:00+00:00,1,26865.696,26849.272,26898.543999999998,16.42399999999907,True,-1.1095957135898746,0,SL,NAS100
2026-04-28 13:20:00+00:00,-1,27008.9245,27031.164,26964.4455,22.23949999999968,True,-1.0809370714269666,13,SL,NAS100
2026-04-29 13:40:00+00:00,-1,27059.4175,27086.597,27005.058499999996,27.179500000002008,True,-1.0662263838554744,10,SL,NAS100
2026-05-01 13:16:00+00:00,1,27468.5535,27448.077,27509.506500000003,20.47650000000067,True,1.9120943520621227,13,TP,NAS100
2026-05-04 14:56:00+00:00,1,27798.404000000002,27761.866,27871.480000000003,36.538000000000466,True,-1.0492637801740647,3,SL,NAS100
2026-05-05 13:18:00+00:00,1,27868.89,27853.89,27898.89,15.0,True,1.88,12,TP,NAS100
2026-05-06 14:59:00+00:00,1,28406.529,28379.566,28460.454999999998,26.962999999999738,True,1.9332418499425132,26,TP,NAS100
2026-05-07 13:28:00+00:00,1,28629.120499999997,28610.816,28665.729499999994,18.30449999999837,True,-1.098336474637393,3,SL,NAS100
2026-05-08 14:11:00+00:00,1,28973.555,28928.969,29062.727,44.58599999999933,True,1.9596285829632614,51,TP,NAS100
2026-05-11 13:55:00+00:00,1,29212.175000000003,29173.937,29288.651000000005,38.23800000000119,True,1.9529264082849536,18,TP,NAS100
2026-05-12 14:13:00+00:00,-1,29063.9405,29141.969,28907.8835,78.02850000000035,True,1.9769315057959593,20,TP,NAS100
2026-05-13 13:30:00+00:00,1,29158.153,29120.067,29234.324999999997,38.08599999999933,True,-1.04726146090427,1,SL,NAS100
2026-05-14 13:54:00+00:00,1,29505.6455,29433.708,29649.5205,71.9375,True,-1.0250217202432668,5,SL,NAS100
2026-05-15 14:55:00+00:00,-1,29217.577,29263.224,29126.283000000007,45.646999999997206,True,-1.039433040506498,36,SL,NAS100
2026-05-18 14:43:00+00:00,-1,29008.7025,29131.797,28762.5135,123.09449999999924,True,1.985377088334572,106,TP,NAS100
2026-05-19 13:30:00+00:00,-1,28811.191,28837.25,28759.072999999997,26.059000000001106,True,-1.0690740243294035,0,SL,NAS100
2026-05-22 13:50:00+00:00,1,29531.738,29482.022,29631.170000000002,49.71600000000035,True,-1.0362056480811004,12,SL,NAS100
2026-05-25 14:06:00+00:00,1,29899.0445,29884.0445,29929.0445,15.0,True,-1.12,4,SL,NAS100
2026-05-26 13:27:00+00:00,1,29841.8345,29826.8345,29871.8345,15.0,True,-1.12,1,SL,NAS100
2026-05-27 14:56:00+00:00,1,29885.647,29823.745,30009.451000000005,61.90200000000186,True,-1.0290782204129099,25,SL,NAS100
2026-05-29 13:10:00+00:00,1,30277.277499999997,30262.277499999997,30307.277499999997,15.0,True,1.88,19,TP,NAS100
2026-06-01 13:56:00+00:00,1,30296.417999999998,30230.538,30428.177999999993,65.87999999999738,True,1.9726775956284142,86,TP,NAS100
2026-06-02 13:30:00+00:00,1,30455.697,30434.066,30498.959000000003,21.631000000001222,True,-1.0832139059682815,2,SL,NAS100
2026-06-04 13:52:00+00:00,-1,30238.0855,30307.0,30100.256500000003,68.91449999999895,True,1.9738806782317215,14,TP,NAS100
2026-06-05 13:11:00+00:00,-1,30008.181,30070.078,29884.387,61.897000000000844,True,1.9709194306670763,32,TP,NAS100
2026-06-08 13:42:00+00:00,-1,29468.669,29543.022,29319.963000000003,74.35299999999916,True,1.9757911583930705,16,TP,NAS100
2026-06-09 13:18:00+00:00,1,29661.727,29636.881,29711.418999999994,24.84599999999773,True,-1.0724462690171523,14,SL,NAS100
2026-06-11 14:23:00+00:00,-1,28883.426,28995.328,28659.621999999996,111.90200000000186,True,1.9839144966131081,32,TP,NAS100
2026-06-12 13:30:00+00:00,1,29392.743,29326.42,29525.389,66.32300000000032,True,-1.0271399062165463,3,SL,NAS100
2026-06-15 13:56:00+00:00,1,30422.175499999998,30327.999,30610.528499999993,94.17649999999776,True,1.1637244960261315,240,TIME,NAS100
2026-06-16 13:27:00+00:00,1,30503.528,30460.864,30588.855999999992,42.66399999999703,True,-1.0421901368835582,3,SL,NAS100
2026-06-17 13:15:00+00:00,-1,30160.5775,30177.197,30127.338499999998,16.6195000000007,True,-1.1083065074159828,10,SL,NAS100
2026-06-18 13:34:00+00:00,1,30184.926,30147.243,30260.292,37.6830000000009,True,-1.0477668975400036,1,SL,NAS100
2026-06-22 13:29:00+00:00,1,30506.764,30489.019,30542.253999999997,17.74499999999898,True,1.8985629754860467,1,TP,NAS100
2026-06-24 13:20:00+00:00,-1,29433.1195,29482.562,29334.2345,49.44250000000102,True,1.9635940739242561,10,TP,NAS100
2026-06-26 13:21:00+00:00,-1,29005.908,29045.593,28926.537999999997,39.68500000000131,True,-1.0453571878543515,8,SL,NAS100
2026-06-29 13:20:00+00:00,1,29402.9295,29374.252,29460.284499999994,28.677499999997963,True,-1.0627669775956805,5,SL,NAS100
2026-06-30 14:42:00+00:00,1,30107.7435,30057.936,30207.3585,49.80749999999898,True,-1.0361391356723393,11,SL,NAS100
2026-07-01 13:25:00+00:00,1,30000.542,29969.543,30062.54,30.998999999999796,True,-1.0580663892383628,3,SL,NAS100
2026-07-07 13:30:00+00:00,-1,29389.278,29412.719,29342.395999999993,23.441000000002532,True,-1.07678853291241,0,SL,NAS100
2026-07-09 14:00:00+00:00,1,29673.9095,29592.661,29836.406500000005,81.24850000000151,True,-1.0221542551554794,11,SL,NAS100
2026-07-10 13:27:00+00:00,1,29604.174,29577.809,29656.903999999995,26.364999999997963,True,1.9317276692584813,3,TP,NAS100
2026-07-13 13:25:00+00:00,-1,29496.2995,29517.447,29454.004500000003,21.147499999999127,True,1.9148835559758801,5,TP,NAS100
2026-07-14 13:30:00+00:00,1,29585.864999999998,29551.099,29655.396999999997,34.76599999999962,True,-1.051774722429961,0,SL,NAS100
2026-07-15 14:14:00+00:00,1,29611.547,29554.82,29725.000999999997,56.72699999999895,True,-1.0317309217832784,6,SL,NAS100
2026-07-16 14:00:00+00:00,-1,29165.103000000003,29275.998,28943.31300000001,110.8949999999968,True,-1.0162315704044371,8,SL,NAS100
2026-07-17 13:30:00+00:00,-1,28467.3205,28497.764,28406.433500000006,30.443499999997584,True,1.9408740782104508,3,TP,NAS100
2026-07-21 13:31:00+00:00,1,28996.904499999997,28981.904499999997,29026.904499999997,15.0,True,-1.12,2,SL,NAS100
2026-07-22 14:07:00+00:00,1,29071.0475,28985.576,29241.9905,85.47149999999965,True,0.1819378389287719,240,TIME,NAS100
2026-07-23 13:34:00+00:00,-1,28585.275999999998,28637.397,28481.033999999992,52.12100000000282,True,-1.0345350242704456,3,SL,NAS100
2026-07-24 13:17:00+00:00,-1,28449.17,28474.399,28398.711999999992,25.229000000002998,True,1.92865353363194,11,TP,NAS100
2026-07-27 14:49:00+00:00,-1,27917.871,28029.299,27695.015,111.42799999999988,True,-1.0161539289945076,11,SL,NAS100
2026-07-28 13:50:00+00:00,-1,27625.125500000002,27774.165,27327.046500000004,149.03949999999895,True,-1.0120773352030838,90,SL,NAS100
2026-07-29 13:25:00+00:00,-1,27752.02,27783.498,27689.064000000002,31.477999999999156,True,-1.0571827943325514,1,SL,NAS100
2026-07-30 14:06:00+00:00,1,27989.2425,27905.987,28155.7535,83.2554999999993,True,-1.0216201932605056,49,SL,NAS100
2026-07-31 13:30:00+00:00,1,28420.042,28402.12,28455.886000000006,17.9220000000023,True,1.8995647807164509,1,TP,NAS100
2026-08-04 13:30:00+00:00,1,29092.370000000003,29065.465,29146.180000000008,26.905000000002474,True,1.9330979371864028,1,TP,NAS100
2026-08-05 13:14:00+00:00,1,29806.614,29783.198,29853.446000000004,23.416000000001077,True,-1.0768705158865697,7,SL,NAS100
2026-08-06 13:35:00+00:00,-1,29249.1155,29280.665,29186.016499999998,31.54950000000099,True,-1.0570532021109666,1,SL,NAS100
2026-08-07 14:39:00+00:00,1,29558.159,29454.531,29765.415,103.62800000000061,True,0.22713938317828772,240,TIME,NAS100
2026-08-10 13:15:00+00:00,1,29683.8765,29659.775,29732.079499999993,24.10149999999703,True,-1.0746841482895348,19,SL,NAS100
2026-08-12 13:31:00+00:00,1,29816.5755,29801.497,29846.7325,15.078499999999622,True,-1.119375269423354,1,SL,NAS100
2026-08-13 13:30:00+00:00,1,29790.1865,29765.942,29838.6755,24.2445000000007,True,-1.0742436428880755,1,SL,NAS100
2026-08-14 13:51:00+00:00,1,30126.0095,30072.931,30232.1665,53.07849999999962,True,-1.0339120359467584,28,SL,NAS100
2026-08-17 13:17:00+00:00,1,30119.203,30103.831,30149.947000000007,15.372000000003027,True,1.88290398126466,13,TP,NAS100
2026-08-18 14:03:00+00:00,-1,29595.747499999998,29681.189,29424.864499999996,85.44150000000081,True,1.351351509512307,240,TIME,NAS100
2026-08-19 13:11:00+00:00,-1,29632.8305,29658.899,29580.693499999998,26.068500000001222,True,-1.0690488520628312,12,SL,NAS100
2026-08-21 14:24:00+00:00,-1,29206.248,29253.597,29111.549999999996,47.34900000000198,True,-1.0380155863904186,36,SL,NAS100
2026-08-24 14:16:00+00:00,-1,28923.7475,28961.889,28847.464500000006,38.141499999997905,True,-1.0471926903766264,14,SL,NAS100
2026-08-27 13:22:00+00:00,1,29474.781,29455.009,29514.325,19.772000000000844,True,-1.0910378312765487,8,SL,NAS100
2026-08-28 13:51:00+00:00,1,29585.725,29505.843,29745.488999999994,79.88199999999779,True,-1.0225332365238733,17,SL,NAS100
2026-08-31 14:18:00+00:00,-1,29374.159,29424.875,29272.727,50.71600000000035,True,-0.511909456581751,240,TIME,NAS100
2026-09-01 13:23:00+00:00,-1,29064.319499999998,29084.809,29023.34049999999,20.489500000003318,True,1.91215012567414,8,TP,NAS100
2026-09-02 14:04:00+00:00,-1,29028.453999999998,29072.675,28940.011999999995,44.22100000000137,True,-1.040704642590623,6,SL,NAS100
2026-09-04 13:30:00+00:00,1,29526.282,29504.632,29569.581999999995,21.649999999997817,True,1.9168591224018392,2,TP,NAS100
2026-09-07 14:56:00+00:00,1,29578.875999999997,29563.875999999997,29608.875999999997,15.0,True,-1.12,3,SL,NAS100
2026-09-10 14:00:00+00:00,-1,29103.015,29177.489,28954.066999999995,74.47400000000198,True,-1.02416950882187,24,SL,NAS100
2026-09-11 13:08:00+00:00,1,29436.870000000003,29374.031,29562.54800000001,62.83900000000358,True,-1.0286446315186413,22,SL,NAS100
2026-09-14 13:11:00+00:00,-1,28833.2025,28865.589,28768.4295,32.386500000000524,True,-1.055578713352785,4,SL,NAS100
2026-09-15 13:08:00+00:00,-1,29129.5645,29157.189,29074.315500000004,27.62449999999808,True,1.9348404496008933,23,TP,NAS100
2026-09-16 14:02:00+00:00,1,29130.9315,29083.921,29224.9525,47.01050000000032,True,1.961710681656226,67,TP,NAS100
2026-09-17 14:47:00+00:00,1,29383.5705,29333.91,29482.891500000005,49.660500000001775,True,0.5357275903383165,240,TIME,NAS100
2026-09-18 13:50:00+00:00,1,29500.631500000003,29471.086,29559.72250000001,29.545500000003813,True,-1.0609229831954026,11,SL,NAS100
2026-09-21 14:41:00+00:00,1,30223.509,30196.309,30277.908999999992,27.19999999999709,True,1.9338235294117576,23,TP,NAS100
2026-09-22 14:21:00+00:00,1,30636.292,30609.221,30690.434,27.070999999999913,True,1.9335081821875806,12,TP,NAS100
2026-09-23 13:30:00+00:00,1,30668.5035,30649.265,30706.980499999998,19.238499999999476,True,-1.0935623879200587,1,SL,NAS100
2026-09-25 13:16:00+00:00,1,30604.8875,30570.543,30673.5765,34.34449999999924,True,-1.052410138450117,9,SL,NAS100
2026-09-28 14:20:00+00:00,-1,30304.5095,30383.931,30145.6665,79.42150000000038,True,1.9773361117581512,25,TP,NAS100
2026-09-30 14:10:00+00:00,1,30570.3805,30504.209,30702.7235,66.17150000000038,True,-1.0272020431756872,196,SL,NAS100
2026-10-02 13:26:00+00:00,1,30892.7925,30859.154,30960.0695,33.63850000000093,True,-1.0535101148981063,4,SL,NAS100
2026-10-05 13:24:00+00:00,1,30758.0535,30737.109,30799.942500000005,20.944500000001426,True,1.914058583398989,5,TP,NAS100
2026-10-06 13:16:00+00:00,1,31252.109,31228.665,31298.997,23.443999999999505,True,1.923221293294658,14,TP,NAS100
2025-10-15 07:00:00+00:00,1,4199.255,4173.3915,4276.845500000001,25.863500000000386,,-1.0193322636147464,141,SL,XAUUSD
2025-10-21 08:00:00+00:00,-1,4298.005,4344.5365,4158.4105,46.53150000000005,,0.9533326886087838,240,TIME,XAUUSD
2025-10-24 06:30:00+00:00,-1,4089.265,4123.225,3987.3849999999984,33.96000000000049,,0.876325088339203,240,TIME,XAUUSD
2025-10-27 09:00:00+00:00,-1,4043.045,4075.525,3945.605,32.48000000000002,,-0.09482758620689426,240,TIME,XAUUSD
2025-10-28 06:30:00+00:00,-1,3952.565,3989.15,3842.81,36.585000000000036,,1.2863195298619625,240,TIME,XAUUSD
2025-11-03 07:30:00+00:00,1,4018.795,3990.2,4104.580000000001,28.595000000000255,,-0.4528763769889896,240,TIME,XAUUSD
2025-11-06 07:00:00+00:00,1,3991.265,3977.45,4032.71,13.815000000000055,,1.1834961997828335,240,TIME,XAUUSD
2025-11-07 07:00:00+00:00,1,4006.545,3993.705,4045.0650000000005,12.840000000000146,,0.05218068535826052,240,TIME,XAUUSD
2025-11-10 06:30:00+00:00,1,4072.785,4040.315,4170.195,32.4699999999998,,0.1336618417000361,240,TIME,XAUUSD
2025-11-13 08:00:00+00:00,1,4219.965,4199.375,4281.735000000001,20.590000000000146,,0.4783875667799604,240,TIME,XAUUSD
2025-11-14 07:30:00+00:00,-1,4163.065,4192.18,4075.7199999999975,29.11500000000069,,0.48256912244543837,240,TIME,XAUUSD
2025-11-18 07:30:00+00:00,-1,4002.175,4024.6769999999997,3934.6690000000017,22.501999999999498,,-1.0222202470891482,36,SL,XAUUSD
2025-11-21 06:30:00+00:00,-1,4031.565,4060.325,3945.2850000000008,28.759999999999764,,-1.0173852573018083,169,SL,XAUUSD
2025-12-03 07:30:00+00:00,-1,4202.375,4215.96,4161.62,13.585000000000036,,-0.2318733897680992,240,TIME,XAUUSD
2025-12-05 06:30:00+00:00,1,4227.535,4207.83,4286.65,19.704999999999927,,-0.21009895965488115,240,TIME,XAUUSD
2025-12-10 09:00:00+00:00,-1,4197.715,4210.07,4160.6500000000015,12.354999999999563,,0.07689194658031984,240,TIME,XAUUSD
2025-12-12 06:30:00+00:00,1,4280.875,4272.2865,4306.6404999999995,8.58849999999984,,2.9417826162892227,141,TP,XAUUSD
2025-12-15 08:30:00+00:00,1,4345.585,4322.049999999999,4416.190000000002,23.535000000000764,,0.005098789037598767,240,TIME,XAUUSD
2025-12-29 07:30:00+00:00,-1,4470.969,4499.5215,4385.311500000001,28.55249999999978,,0.19066631643465393,240,TIME,XAUUSD
2026-01-02 08:00:00+00:00,1,4382.525,4361.285,4446.244999999999,21.23999999999978,,0.44774011299436517,240,TIME,XAUUSD
2026-01-05 06:30:00+00:00,1,4423.655,4395.61,4507.79,28.045000000000073,,0.30996612586914557,240,TIME,XAUUSD
2026-01-20 07:30:00+00:00,1,4717.735,4687.82,4807.48,29.914999999999964,,0.28112986795924366,240,TIME,XAUUSD
2026-01-22 06:30:00+00:00,1,4825.405,4796.725,4911.444999999998,28.67999999999938,,0.026847977684813572,240,TIME,XAUUSD
2026-01-26 07:30:00+00:00,1,5095.255,5060.764999999999,5198.725000000002,34.49000000000069,,-0.24876775877065105,240,TIME,XAUUSD
2026-01-27 07:00:00+00:00,1,5085.575,5049.355,5194.235000000001,36.220000000000255,,0.0033130866924320837,240,TIME,XAUUSD
2026-01-28 07:00:00+00:00,1,5269.798,5211.755,5443.926999999999,58.042999999999665,,-0.008252502455065425,240,TIME,XAUUSD
2026-01-29 06:30:00+00:00,1,5585.555,5504.3415,5829.1955,81.21349999999984,,-1.006156611893343,133,SL,XAUUSD
2026-02-11 07:00:00+00:00,1,5063.865,5045.715,5118.314999999999,18.149999999999636,,-1.0275482093663917,91,SL,XAUUSD
2026-02-19 06:30:00+00:00,1,5001.015,4979.2265,5066.380500000002,21.788500000000568,,-0.6852238566216078,240,TIME,XAUUSD
2026-02-20 06:30:00+00:00,1,5021.855,4997.915,5093.674999999998,23.9399999999996,,0.16248955722641573,240,TIME,XAUUSD
2026-03-02 07:30:00+00:00,1,5408.285,5345.17,5597.629999999999,63.11499999999978,,-0.29374950487205936,240,TIME,XAUUSD
2026-03-03 09:00:00+00:00,-1,5295.445,5342.110000000001,5155.449999999997,46.66500000000087,,2.9892853316189867,148,TP,XAUUSD
2026-03-05 06:30:00+00:00,-1,5142.655,5171.299999999999,5056.720000000001,28.644999999999527,,-1.0174550532379127,32,SL,XAUUSD
2026-03-12 08:00:00+00:00,1,5181.858,5150.0650000000005,5277.236999999999,31.792999999999665,,-0.11081055578272499,240,TIME,XAUUSD
2026-03-13 06:30:00+00:00,-1,5095.535,5112.735000000001,5043.934999999998,17.200000000000728,,0.3470930232558141,240,TIME,XAUUSD
2026-03-19 06:30:00+00:00,-1,4813.555,4846.835,4713.715000000001,33.279999999999745,,2.9849759615384612,101,TP,XAUUSD
2026-03-26 08:30:00+00:00,-1,4427.995,4491.43,4237.689999999999,63.4350000000004,,-0.1396705288878319,240,TIME,XAUUSD
2026-03-30 06:30:00+00:00,1,4528.365,4472.9400000000005,4694.639999999998,55.42499999999927,,0.03879115922418717,240,TIME,XAUUSD
2026-04-01 07:00:00+00:00,1,4730.115,4695.305,4834.544999999998,34.80999999999949,,0.01062912956046815,240,TIME,XAUUSD
2026-04-06 08:00:00+00:00,1,4684.485,4639.415,4819.694999999999,45.06999999999971,,-0.16263589971155923,240,TIME,XAUUSD
2026-04-14 07:00:00+00:00,1,4782.005,4764.18,4835.48,17.824999999999818,,-1.0280504908835908,219,SL,XAUUSD
2026-04-21 06:30:00+00:00,-1,4778.555,4806.674999999999,4694.195000000003,28.11999999999898,,-0.16571834992887707,240,TIME,XAUUSD
2026-04-29 07:30:00+00:00,-1,4575.055,4593.01,4521.1900000000005,17.954999999999927,,0.5547201336675064,240,TIME,XAUUSD
2026-04-30 07:00:00+00:00,1,4589.345,4561.3615,4673.295500000001,27.983500000000276,,1.7735451248056755,240,TIME,XAUUSD
2026-05-01 06:30:00+00:00,-1,4593.245,4619.1849999999995,4515.425000000001,25.9399999999996,,0.8010794140323849,240,TIME,XAUUSD
2026-05-04 07:00:00+00:00,-1,4588.485,4604.58,4540.199999999999,16.095000000000255,,2.9689344516930727,192,TP,XAUUSD
2026-05-06 06:30:00+00:00,1,4665.925,4625.8099999999995,4786.270000000002,40.11500000000069,,0.9472765798329638,240,TIME,XAUUSD
2026-05-07 07:00:00+00:00,1,4738.885,4703.095,4846.255,35.789999999999964,,-0.10617490919251707,240,TIME,XAUUSD
2026-05-08 06:30:00+00:00,1,4733.385,4713.225,4793.865,20.159999999999854,,-1.0248015873015874,47,SL,XAUUSD
2026-05-15 08:30:00+00:00,-1,4558.175,4608.275,4407.875000000002,50.099999999999454,,0.055289421157693946,240,TIME,XAUUSD
2026-05-21 07:30:00+00:00,-1,4512.605,4544.455,4417.0549999999985,31.850000000000364,,-0.055572998430154355,240,TIME,XAUUSD
2026-05-26 08:30:00+00:00,-1,4522.195,4541.3150000000005,4464.834999999997,19.1200000000008,,0.8158995815898954,240,TIME,XAUUSD
2026-05-27 06:30:00+00:00,-1,4486.065,4508.5,4418.759999999998,22.4350000000004,,0.39001560062401797,240,TIME,XAUUSD
2026-05-29 07:00:00+00:00,1,4523.515,4506.07,4575.850000000002,17.44500000000062,,0.8265978790484128,240,TIME,XAUUSD
2026-06-01 07:00:00+00:00,-1,4501.505,4527.045,4424.885,25.539999999999964,,-0.10884886452622354,240,TIME,XAUUSD
2026-06-02 06:30:00+00:00,1,4532.815,4495.316500000001,4645.310499999996,37.498499999998785,,-0.13787218155391098,240,TIME,XAUUSD
2026-06-03 07:30:00+00:00,-1,4456.005,4476.4065,4394.8005,20.401499999999942,,-0.44016371345242206,240,TIME,XAUUSD
2026-06-10 09:00:00+00:00,-1,4168.865,4200.12,4075.0999999999995,31.25500000000011,,0.6939689649655902,240,TIME,XAUUSD
2026-06-16 08:00:00+00:00,1,4334.945,4319.755,4380.5149999999985,15.1899999999996,,0.3495720868993114,240,TIME,XAUUSD
2026-06-18 09:00:00+00:00,-1,4266.635,4303.045,4157.405000000001,36.409999999999854,,0.5402361988464749,240,TIME,XAUUSD
2026-06-23 07:00:00+00:00,-1,4114.205,4156.465,3987.4249999999993,42.26000000000022,,-0.13629910080454777,240,TIME,XAUUSD
2026-06-26 07:00:00+00:00,1,4031.855,4005.985,4109.465,25.86999999999989,,0.8600695786625471,240,TIME,XAUUSD
2026-06-30 07:00:00+00:00,1,4029.258,3978.2365,4182.322499999999,51.02149999999983,,-0.006722656135155736,240,TIME,XAUUSD
2026-07-01 06:30:00+00:00,-1,3967.305,3989.535,3900.615,22.230000000000018,,-1.0224921277552856,214,SL,XAUUSD
2026-07-02 06:30:00+00:00,1,4073.995,4052.245,4139.245,21.75,,-0.39172413793103367,240,TIME,XAUUSD
2026-07-08 08:30:00+00:00,-1,4088.445,4114.875,4009.1550000000007,26.429999999999836,,0.6617480136208984,240,TIME,XAUUSD
2026-07-10 08:30:00+00:00,-1,4104.165,4121.255,4052.8949999999995,17.090000000000146,,-0.1322410766530251,240,TIME,XAUUSD
2026-07-21 06:30:00+00:00,1,4071.945,4035.4700000000003,4181.37,36.47499999999991,,-0.16202878684031047,240,TIME,XAUUSD
2026-07-31 08:00:00+00:00,-1,4067.455,4089.175,4002.294999999999,21.720000000000255,,0.622928176795561,240,TIME,XAUUSD
2026-08-07 06:30:00+00:00,1,4283.195,4254.87,4368.169999999999,28.324999999999818,,1.0538393645189958,240,TIME,XAUUSD
2026-08-10 07:00:00+00:00,1,4357.835,4332.375,4434.215,25.460000000000036,,-0.8955223880597074,240,TIME,XAUUSD
2026-08-13 06:30:00+00:00,-1,4375.715,4414.889999999999,4258.190000000002,39.17499999999927,,-0.2991703892788889,240,TIME,XAUUSD
2026-08-21 07:00:00+00:00,1,4560.725,4532.29,4646.030000000002,28.4350000000004,,0.9505890627747271,240,TIME,XAUUSD
2026-08-27 07:00:00+00:00,-1,4600.065,4621.35,4536.209999999997,21.285000000000764,,0.45618980502699963,240,TIME,XAUUSD
2026-08-28 07:00:00+00:00,1,4612.435,4586.745,4689.505000000002,25.69000000000051,,-0.5044764499805285,240,TIME,XAUUSD
2026-09-01 08:00:00+00:00,-1,4419.825,4442.385,4352.144999999999,22.5600000000004,,1.999113475177245,240,TIME,XAUUSD
2026-09-08 06:30:00+00:00,-1,4399.885,4428.73,4313.350000000002,28.844999999999345,,0.005893569076099031,240,TIME,XAUUSD
2026-09-09 07:30:00+00:00,1,4407.485,4370.865,4517.344999999999,36.61999999999989,,0.004369197160042722,240,TIME,XAUUSD
2026-09-14 07:30:00+00:00,-1,4316.735,4338.5560000000005,4251.271999999997,21.821000000000822,,0.9307547775078469,240,TIME,XAUUSD
2026-09-15 08:00:00+00:00,-1,4280.655,4300.1715,4222.105499999998,19.516500000000633,,-0.2200189583173074,240,TIME,XAUUSD
2026-09-17 07:30:00+00:00,1,4329.065,4292.0650000000005,4440.064999999997,36.99999999999909,,-0.039189189189185236,240,TIME,XAUUSD
2026-09-18 06:30:00+00:00,1,4392.305,4356.014999999999,4501.175000000003,36.29000000000087,,-0.3199228437586195,240,TIME,XAUUSD
2026-09-21 06:30:00+00:00,-1,4346.975,4366.045,4289.765000000001,19.06999999999971,,-0.22076560041951235,240,TIME,XAUUSD
2026-09-22 07:30:00+00:00,-1,4315.195,4345.7775,4223.447499999998,30.582500000000437,,-0.09417150331071913,240,TIME,XAUUSD
2026-09-23 07:30:00+00:00,-1,4323.625,4348.46,4249.12,24.835000000000036,,0.68773907791423,240,TIME,XAUUSD
2026-09-24 08:30:00+00:00,-1,4264.305,4288.005,4193.205000000001,23.699999999999818,,-0.3050632911392245,240,TIME,XAUUSD
2026-09-30 07:00:00+00:00,1,4190.575,4176.225,4233.624999999998,14.349999999999454,,-0.4578397212543525,240,TIME,XAUUSD
2026-10-06 09:00:00+00:00,1,4155.345,4127.945,4237.545000000002,27.400000000000546,,0.5094890510948817,240,TIME,XAUUSD
2025-10-20 13:33:00+00:00,1,4306.377,4272.355,4408.443000000003,34.022000000000844,True,0.9958850155781191,240,TIME,XAUUSD_FVG
2025-10-21 13:37:00+00:00,-1,4212.42,4257.445,4077.345000000001,45.024999999999636,True,2.1500277623542714,240,TIME,XAUUSD_FVG
2025-11-03 14:28:00+00:00,1,4010.1549999999997,4001.565,4035.924999999999,8.58999999999969,True,-1.0582072176949964,5,SL,XAUUSD_FVG
2025-11-10 13:42:00+00:00,1,4096.27,4084.195,4132.495000000001,12.075000000000273,True,-1.041407867494823,31,SL,XAUUSD_FVG
2025-11-17 14:35:00+00:00,-1,4074.6,4092.065,4022.2049999999995,17.465000000000146,True,0.19839679358715498,240,TIME,XAUUSD_FVG
2025-11-24 13:43:00+00:00,1,4074.8715,4065.325,4103.511000000001,9.546500000000378,True,2.1089928245953087,240,TIME,XAUUSD_FVG
2025-11-25 14:19:00+00:00,1,4138.9365,4115.935,4207.940999999998,23.001499999999396,True,-1.0217377127578642,26,SL,XAUUSD_FVG
2025-12-03 14:51:00+00:00,1,4215.34,4207.605,4238.545000000002,7.735000000000582,True,-1.0646412411118245,3,SL,XAUUSD_FVG
2025-12-05 14:35:00+00:00,1,4229.535,4222.635,4250.234999999999,6.899999999999636,True,2.927536231884054,57,TP,XAUUSD_FVG
2025-12-08 14:11:00+00:00,-1,4208.455,4215.275,4187.995000000001,6.819999999999709,True,2.9266862170087946,53,TP,XAUUSD_FVG
2025-12-17 14:15:00+00:00,1,4324.945,4315.545,4353.144999999999,9.399999999999636,True,1.8702127659575114,240,TIME,XAUUSD_FVG
2025-12-18 14:37:00+00:00,1,4328.0599999999995,4314.435,4368.934999999997,13.62499999999909,True,-1.0366972477064245,6,SL,XAUUSD_FVG
2025-12-22 14:34:00+00:00,1,4416.9,4407.395,4445.414999999997,9.5049999999992,True,1.992109416097001,240,TIME,XAUUSD_FVG
2025-12-26 14:42:00+00:00,1,4520.885,4503.205,4573.925000000001,17.68000000000029,True,0.4168552036198965,240,TIME,XAUUSD_FVG
2026-01-12 14:10:00+00:00,1,4597.522,4582.125,4643.713,15.396999999999935,True,1.0848217185166265,240,TIME,XAUUSD_FVG
2026-01-20 14:36:00+00:00,1,4730.145,4715.735,4773.375000000003,14.410000000000764,True,2.0541290770296934,240,TIME,XAUUSD_FVG
2026-01-22 15:00:00+00:00,1,4827.5265,4810.535,4878.501,16.991500000000087,True,2.9705735220551452,79,TP,XAUUSD_FVG
2026-01-28 13:36:00+00:00,1,5268.65,5251.515,5320.054999999998,17.13499999999931,True,-1.0291800408520584,30,SL,XAUUSD_FVG
2026-01-30 14:01:00+00:00,-1,5050.7915,5135.678,4796.132000000001,84.88649999999961,True,2.28297196845201,240,TIME,XAUUSD_FVG
2026-02-02 14:34:00+00:00,-1,4755.4815,4811.895,4586.240999999998,56.41350000000057,True,1.9021422177315468,240,TIME,XAUUSD_FVG
2026-02-03 14:00:00+00:00,1,4919.556500000001,4899.865,4978.631000000003,19.691500000000815,True,-1.0253916664550684,17,SL,XAUUSD_FVG
2026-02-06 14:23:00+00:00,1,4905.682,4876.855,4992.1630000000005,28.827000000000226,True,1.839005099385975,240,TIME,XAUUSD_FVG
2026-02-10 14:45:00+00:00,1,5046.3150000000005,5026.565,5105.565000000003,19.75000000000091,True,-1.0253164556962013,3,SL,XAUUSD_FVG
2026-03-10 14:07:00+00:00,1,5192.665,5177.729,5237.472999999999,14.935999999999694,True,2.9665238350294585,98,TP,XAUUSD_FVG
2026-03-18 14:05:00+00:00,-1,4888.355,4932.345,4756.3849999999975,43.99000000000069,True,-0.03137076608320272,240,TIME,XAUUSD_FVG
2026-03-24 14:03:00+00:00,-1,4392.3315,4427.205,4287.711000000001,34.873499999999694,True,-1.0143375342308631,49,SL,XAUUSD_FVG
2026-04-09 14:32:00+00:00,1,4759.225,4738.505,4821.385000000001,20.720000000000255,True,0.7564189189188988,240,TIME,XAUUSD_FVG
2026-04-29 14:33:00+00:00,-1,4540.615,4559.855,4482.895,19.23999999999978,True,-1.0259875259875262,89,SL,XAUUSD_FVG
2026-05-14 14:17:00+00:00,-1,4693.215,4709.748,4643.616000000002,16.532999999999447,True,1.1219984273876975,240,TIME,XAUUSD_FVG
2026-05-20 14:16:00+00:00,-1,4493.2564999999995,4505.205,4457.410999999998,11.948500000000422,True,-1.041846256852323,5,SL,XAUUSD_FVG
2026-05-27 14:04:00+00:00,-1,4435.73,4460.005,4362.904999999998,24.275000000000546,True,-0.644902162718859,240,TIME,XAUUSD_FVG
2026-06-22 13:49:00+00:00,-1,4201.045,4211.605,4169.365000000002,10.55999999999949,True,1.7253787878788953,240,TIME,XAUUSD_FVG
2026-06-24 13:39:00+00:00,-1,4001.085,4048.665,3858.3450000000003,47.57999999999993,True,0.3383774695250091,240,TIME,XAUUSD_FVG
2026-07-17 13:37:00+00:00,-1,3979.92,3995.285,3933.8250000000007,15.364999999999782,True,-1.0325414904002608,2,SL,XAUUSD_FVG
2026-07-23 13:33:00+00:00,-1,4066.6800000000003,4085.795,4009.335000000001,19.11499999999978,True,0.9743656814020752,240,TIME,XAUUSD_FVG
2026-08-03 14:57:00+00:00,-1,4038.7,4052.685,3996.7449999999994,13.985000000000127,True,-0.4115123346442658,240,TIME,XAUUSD_FVG
2026-08-07 14:05:00+00:00,1,4332.075,4300.825,4425.825,31.25,True,0.2313600000000151,240,TIME,XAUUSD_FVG
2026-08-13 14:44:00+00:00,-1,4381.3,4401.965,4319.305,20.664999999999964,True,1.1379143479313027,240,TIME,XAUUSD_FVG
2026-08-26 13:44:00+00:00,-1,4622.365,4630.085,4599.204999999999,7.720000000000255,True,-1.0647668393782361,13,SL,XAUUSD_FVG
2026-08-31 14:37:00+00:00,-1,4432.33,4448.145,4384.884999999998,15.81500000000051,True,0.2582990831489032,240,TIME,XAUUSD_FVG
2026-09-01 13:44:00+00:00,-1,4361.58,4375.895,4318.634999999998,14.31500000000051,True,-1.0349283967865863,40,SL,XAUUSD_FVG
2026-09-03 13:46:00+00:00,1,4463.385,4437.535,4540.935000000001,25.850000000000364,True,1.1083172147001636,240,TIME,XAUUSD_FVG
2026-09-10 13:32:00+00:00,-1,4359.67,4377.655,4305.715000000001,17.984999999999673,True,-0.3273839310536573,240,TIME,XAUUSD_FVG
2026-09-14 13:47:00+00:00,-1,4280.5599999999995,4297.639,4229.322999999998,17.079000000000633,True,-1.0292757187188935,111,SL,XAUUSD_FVG
2026-09-23 14:53:00+00:00,-1,4295.495,4312.105,4245.665000000001,16.609999999999673,True,0.46478025285974756,240,TIME,XAUUSD_FVG
