pair,strategy,strat,tf,params,n,avgR,win,winter,summer,n_w,n_s,PF,ddR,streak,worst_half
GBPUSD,Asian sweep reversal,ASR,5min,"{'tf': '5min', 'win': 'W1', 'rr': 2, 'bias': False}",209,-0.107,0.35,0.011,-0.221,103,106,0.85,-38.4,7.0,-0.221
GBPUSD,Asian sweep reversal,ASR,5min,"{'tf': '5min', 'win': 'W1', 'rr': 2, 'bias': True}",130,-0.079,0.36,-0.053,-0.103,63,67,0.89,-17.9,14.0,-0.103
GBPUSD,Asian sweep reversal,ASR,5min,"{'tf': '5min', 'win': 'BOTH', 'rr': 2, 'bias': False}",228,-0.119,0.35,-0.012,-0.216,108,120,0.83,-43.2,8.0,-0.216
GBPUSD,Asian sweep reversal,ASR,5min,"{'tf': '5min', 'win': 'BOTH', 'rr': 2, 'bias': True}",165,-0.103,0.36,-0.138,-0.067,83,82,0.85,-24.4,10.0,-0.138
GBPUSD,Asian sweep reversal,ASR,15min,"{'tf': '15min', 'win': 'W1', 'rr': 2, 'bias': False}",194,-0.123,0.36,-0.067,-0.179,97,97,0.82,-33.7,7.0,-0.179
GBPUSD,Asian sweep reversal,ASR,15min,"{'tf': '15min', 'win': 'W1', 'rr': 2, 'bias': True}",112,-0.1,0.37,-0.221,0.012,54,58,0.85,-20.9,13.0,-0.221
GBPUSD,Asian sweep reversal,ASR,15min,"{'tf': '15min', 'win': 'BOTH', 'rr': 2, 'bias': False}",216,-0.126,0.38,-0.094,-0.156,105,111,0.8,-37.0,8.0,-0.156
GBPUSD,Asian sweep reversal,ASR,15min,"{'tf': '15min', 'win': 'BOTH', 'rr': 2, 'bias': True}",145,-0.118,0.38,-0.221,-0.01,74,71,0.82,-25.0,13.0,-0.221
GBPUSD,Asian sweep reversal,ASR,30min,"{'tf': '30min', 'win': 'W1', 'rr': 2, 'bias': False}",166,-0.109,0.37,0.017,-0.226,80,86,0.83,-28.8,7.0,-0.226
GBPUSD,Asian sweep reversal,ASR,30min,"{'tf': '30min', 'win': 'W1', 'rr': 2, 'bias': True}",87,-0.066,0.38,-0.046,-0.081,38,49,0.9,-12.4,8.0,-0.081
GBPUSD,Asian sweep reversal,ASR,30min,"{'tf': '30min', 'win': 'BOTH', 'rr': 2, 'bias': False}",191,-0.15,0.37,-0.06,-0.232,92,99,0.76,-38.8,7.0,-0.232
GBPUSD,Asian sweep reversal,ASR,30min,"{'tf': '30min', 'win': 'BOTH', 'rr': 2, 'bias': True}",119,-0.071,0.39,-0.035,-0.102,55,64,0.88,-16.0,10.0,-0.102
GBPUSD,Asian sweep reversal,ASR,1h,"{'tf': '1h', 'win': 'W1', 'rr': 2, 'bias': False}",141,-0.227,0.34,-0.113,-0.34,70,71,0.62,-37.3,8.0,-0.34
GBPUSD,Asian sweep reversal,ASR,1h,"{'tf': '1h', 'win': 'W1', 'rr': 2, 'bias': True}",77,-0.227,0.35,-0.229,-0.225,35,42,0.63,-24.9,10.0,-0.229
GBPUSD,Asian sweep reversal,ASR,1h,"{'tf': '1h', 'win': 'BOTH', 'rr': 2, 'bias': False}",168,-0.225,0.35,-0.13,-0.315,82,86,0.61,-42.4,9.0,-0.315
GBPUSD,Asian sweep reversal,ASR,1h,"{'tf': '1h', 'win': 'BOTH', 'rr': 2, 'bias': True}",105,-0.241,0.36,-0.234,-0.246,47,58,0.59,-33.1,9.0,-0.246
GBPUSD,Asian sweep reversal,ASR,5min,"{'tf': '5min', 'win': 'W1', 'rr': 3, 'bias': True}",130,-0.063,0.32,-0.044,-0.082,63,67,0.92,-22.2,14.0,-0.082
GBPUSD,Asian sweep reversal,ASR,15min,"{'tf': '15min', 'win': 'W1', 'rr': 3, 'bias': True}",112,-0.075,0.32,-0.203,0.044,54,58,0.9,-26.0,15.0,-0.203
GBPUSD,Asian sweep reversal,ASR,30min,"{'tf': '30min', 'win': 'W1', 'rr': 3, 'bias': True}",87,0.029,0.36,0.066,-0.001,38,49,1.04,-12.4,11.0,-0.001
GBPUSD,Asian sweep reversal,ASR,1h,"{'tf': '1h', 'win': 'W1', 'rr': 3, 'bias': True}",77,-0.187,0.35,-0.169,-0.202,35,42,0.7,-21.6,10.0,-0.202
GBPUSD,London breakout (Asian box),ABO,15min,"{'tf': '15min', 'win': 'W1', 'rr': 2, 'bias': False}",212,-0.16,0.38,-0.279,-0.054,100,112,0.73,-40.1,8.0,-0.279
GBPUSD,London breakout (Asian box),ABO,15min,"{'tf': '15min', 'win': 'W1', 'rr': 2, 'bias': True}",126,-0.193,0.37,-0.357,-0.006,67,59,0.68,-25.0,9.0,-0.357
GBPUSD,London breakout (Asian box),ABO,15min,"{'tf': '15min', 'win': 'W1', 'rr': 3, 'bias': False}",212,-0.182,0.37,-0.356,-0.027,100,112,0.7,-44.4,8.0,-0.356
GBPUSD,London breakout (Asian box),ABO,15min,"{'tf': '15min', 'win': 'W1', 'rr': 3, 'bias': True}",126,-0.205,0.36,-0.41,0.027,67,59,0.66,-27.6,9.0,-0.41
GBPUSD,London breakout (Asian box),ABO,30min,"{'tf': '30min', 'win': 'W1', 'rr': 2, 'bias': False}",201,-0.123,0.37,-0.206,-0.055,91,110,0.78,-30.4,8.0,-0.206
GBPUSD,London breakout (Asian box),ABO,30min,"{'tf': '30min', 'win': 'W1', 'rr': 2, 'bias': True}",129,-0.152,0.36,-0.22,-0.086,64,65,0.73,-20.8,8.0,-0.22
GBPUSD,London breakout (Asian box),ABO,30min,"{'tf': '30min', 'win': 'W1', 'rr': 3, 'bias': False}",201,-0.145,0.37,-0.279,-0.035,91,110,0.74,-33.2,8.0,-0.279
GBPUSD,London breakout (Asian box),ABO,30min,"{'tf': '30min', 'win': 'W1', 'rr': 3, 'bias': True}",129,-0.166,0.35,-0.28,-0.053,64,65,0.71,-22.2,8.0,-0.28
GBPUSD,London breakout (Asian box),ABO,1h,"{'tf': '1h', 'win': 'W1', 'rr': 2, 'bias': False}",173,-0.048,0.43,-0.136,0.018,74,99,0.9,-15.2,5.0,-0.136
GBPUSD,London breakout (Asian box),ABO,1h,"{'tf': '1h', 'win': 'W1', 'rr': 2, 'bias': True}",131,-0.046,0.42,-0.166,0.038,54,77,0.9,-11.9,6.0,-0.166
GBPUSD,London breakout (Asian box),ABO,1h,"{'tf': '1h', 'win': 'W1', 'rr': 3, 'bias': False}",173,-0.021,0.43,-0.155,0.078,74,99,0.95,-14.5,5.0,-0.155
GBPUSD,London breakout (Asian box),ABO,1h,"{'tf': '1h', 'win': 'W1', 'rr': 3, 'bias': True}",131,-0.011,0.42,-0.166,0.097,54,77,0.98,-11.6,6.0,-0.166
GBPUSD,London breakout (Asian box),ABO,5min,"{'tf': '5min', 'win': 'W1', 'rr': 2, 'bias': True}",129,-0.161,0.37,-0.306,0.001,68,61,0.74,-22.1,8.0,-0.306
GBPUSD,NY opening-range breakout,ORB,5min,"{'or_min': 15, 'tf': '5min', 'rr': 2, 'bias': False}",209,-0.346,0.28,-0.023,-0.539,78,131,0.57,-73.6,16.0,-0.539
GBPUSD,NY opening-range breakout,ORB,5min,"{'or_min': 15, 'tf': '5min', 'rr': 2, 'bias': True}",123,-0.189,0.33,0.229,-0.448,47,76,0.74,-36.8,11.0,-0.448
GBPUSD,NY opening-range breakout,ORB,5min,"{'or_min': 15, 'tf': '5min', 'rr': 3, 'bias': False}",209,-0.382,0.23,-0.052,-0.579,78,131,0.55,-88.1,24.0,-0.579
GBPUSD,NY opening-range breakout,ORB,5min,"{'or_min': 15, 'tf': '5min', 'rr': 3, 'bias': True}",123,-0.222,0.28,0.223,-0.497,47,76,0.72,-44.1,13.0,-0.497
GBPUSD,NY opening-range breakout,ORB,15min,"{'or_min': 15, 'tf': '15min', 'rr': 2, 'bias': False}",192,-0.254,0.31,-0.003,-0.38,64,128,0.66,-57.3,14.0,-0.38
GBPUSD,NY opening-range breakout,ORB,15min,"{'or_min': 15, 'tf': '15min', 'rr': 2, 'bias': True}",123,-0.088,0.37,0.224,-0.249,42,81,0.87,-24.9,9.0,-0.249
GBPUSD,NY opening-range breakout,ORB,15min,"{'or_min': 15, 'tf': '15min', 'rr': 3, 'bias': False}",192,-0.294,0.27,0.02,-0.451,64,128,0.62,-65.2,16.0,-0.451
GBPUSD,NY opening-range breakout,ORB,15min,"{'or_min': 15, 'tf': '15min', 'rr': 3, 'bias': True}",123,-0.097,0.33,0.328,-0.318,42,81,0.86,-30.1,9.0,-0.318
GBPUSD,NY opening-range breakout,ORB,5min,"{'or_min': 30, 'tf': '5min', 'rr': 2, 'bias': False}",148,-0.311,0.29,-0.29,-0.316,28,120,0.59,-47.2,9.0,-0.316
GBPUSD,NY opening-range breakout,ORB,5min,"{'or_min': 30, 'tf': '5min', 'rr': 2, 'bias': True}",89,-0.087,0.37,0.148,-0.138,16,73,0.87,-10.5,5.0,-0.138
GBPUSD,NY opening-range breakout,ORB,5min,"{'or_min': 30, 'tf': '5min', 'rr': 3, 'bias': False}",148,-0.344,0.26,-0.255,-0.365,28,120,0.56,-52.2,14.0,-0.365
GBPUSD,NY opening-range breakout,ORB,5min,"{'or_min': 30, 'tf': '5min', 'rr': 3, 'bias': True}",89,-0.125,0.33,0.21,-0.199,16,73,0.82,-15.8,8.0,-0.199
GBPUSD,NY opening-range breakout,ORB,15min,"{'or_min': 30, 'tf': '15min', 'rr': 2, 'bias': False}",133,-0.303,0.3,-0.273,-0.311,27,106,0.58,-41.2,10.0,-0.311
GBPUSD,NY opening-range breakout,ORB,15min,"{'or_min': 30, 'tf': '15min', 'rr': 2, 'bias': True}",85,-0.187,0.34,-0.072,-0.214,16,69,0.72,-17.7,8.0,-0.214
GBPUSD,NY opening-range breakout,ORB,15min,"{'or_min': 30, 'tf': '15min', 'rr': 3, 'bias': False}",133,-0.318,0.29,-0.336,-0.314,27,106,0.57,-41.1,12.0,-0.336
GBPUSD,NY opening-range breakout,ORB,15min,"{'or_min': 30, 'tf': '15min', 'rr': 3, 'bias': True}",85,-0.205,0.33,-0.103,-0.228,16,69,0.7,-17.7,8.0,-0.228
GBPUSD,Trend pullback (EMA20 + 1H EMA50),TPB,5min,"{'tf': '5min', 'win': 'W1', 'rr': 2}",229,-0.446,0.24,-0.564,-0.345,106,123,0.47,-101.1,12.0,-0.564
GBPUSD,Trend pullback (EMA20 + 1H EMA50),TPB,5min,"{'tf': '5min', 'win': 'W1', 'rr': 3}",229,-0.396,0.22,-0.487,-0.317,106,123,0.54,-89.5,12.0,-0.487
GBPUSD,Trend pullback (EMA20 + 1H EMA50),TPB,5min,"{'tf': '5min', 'win': 'W2', 'rr': 2}",197,-0.148,0.35,0.02,-0.289,90,107,0.79,-33.1,10.0,-0.289
GBPUSD,Trend pullback (EMA20 + 1H EMA50),TPB,5min,"{'tf': '5min', 'win': 'W2', 'rr': 3}",197,-0.156,0.29,0.068,-0.344,90,107,0.8,-39.2,13.0,-0.344
GBPUSD,Trend pullback (EMA20 + 1H EMA50),TPB,15min,"{'tf': '15min', 'win': 'W1', 'rr': 2}",187,-0.27,0.32,-0.323,-0.216,94,93,0.63,-49.4,10.0,-0.323
GBPUSD,Trend pullback (EMA20 + 1H EMA50),TPB,15min,"{'tf': '15min', 'win': 'W1', 'rr': 3}",187,-0.325,0.28,-0.457,-0.192,94,93,0.58,-59.6,15.0,-0.457
GBPUSD,Trend pullback (EMA20 + 1H EMA50),TPB,15min,"{'tf': '15min', 'win': 'W2', 'rr': 2}",141,-0.099,0.38,-0.15,-0.057,64,77,0.83,-23.4,8.0,-0.15
GBPUSD,Trend pullback (EMA20 + 1H EMA50),TPB,15min,"{'tf': '15min', 'win': 'W2', 'rr': 3}",141,-0.107,0.36,-0.152,-0.069,64,77,0.82,-23.2,8.0,-0.152
GBPUSD,Trend pullback (EMA20 + 1H EMA50),TPB,30min,"{'tf': '30min', 'win': 'W1', 'rr': 2}",140,-0.165,0.37,-0.178,-0.153,69,71,0.74,-31.8,10.0,-0.178
GBPUSD,Trend pullback (EMA20 + 1H EMA50),TPB,30min,"{'tf': '30min', 'win': 'W1', 'rr': 3}",140,-0.233,0.34,-0.359,-0.112,69,71,0.64,-39.8,10.0,-0.359
GBPUSD,Trend pullback (EMA20 + 1H EMA50),TPB,30min,"{'tf': '30min', 'win': 'W2', 'rr': 2}",90,-0.179,0.38,-0.111,-0.233,40,50,0.68,-20.7,7.0,-0.233
GBPUSD,Trend pullback (EMA20 + 1H EMA50),TPB,30min,"{'tf': '30min', 'win': 'W2', 'rr': 3}",90,-0.205,0.37,-0.194,-0.214,40,50,0.64,-21.7,7.0,-0.214
GBPUSD,Trend pullback (EMA20 + 1H EMA50),TPB,1h,"{'tf': '1h', 'win': 'W1', 'rr': 2}",97,-0.088,0.41,-0.016,-0.145,43,54,0.84,-20.7,9.0,-0.145
GBPUSD,Trend pullback (EMA20 + 1H EMA50),TPB,1h,"{'tf': '1h', 'win': 'W1', 'rr': 3}",97,-0.131,0.39,-0.06,-0.189,43,54,0.77,-25.4,9.0,-0.189
GBPUSD,Trend pullback (EMA20 + 1H EMA50),TPB,1h,"{'tf': '1h', 'win': 'W2', 'rr': 2}",57,-0.142,0.4,-0.232,-0.067,26,31,0.67,-12.3,7.0,-0.232
GBPUSD,Trend pullback (EMA20 + 1H EMA50),TPB,1h,"{'tf': '1h', 'win': 'W2', 'rr': 3}",57,-0.16,0.4,-0.267,-0.07,26,31,0.63,-13.9,7.0,-0.267
GBPUSD,Key level sweep reversal,LSR,5min,"{'tf': '5min', 'win': 'W2', 'rr': 2, 'bias': False, 'level': 'london'}",142,-0.072,0.38,-0.095,-0.051,67,75,0.89,-28.8,7.0,-0.095
GBPUSD,Key level sweep reversal,LSR,5min,"{'tf': '5min', 'win': 'W2', 'rr': 2, 'bias': True, 'level': 'london'}",61,-0.139,0.36,-0.22,-0.06,30,31,0.81,-15.1,6.0,-0.22
GBPUSD,Key level sweep reversal,LSR,5min,"{'tf': '5min', 'win': 'W2', 'rr': 3, 'bias': False, 'level': 'london'}",142,-0.09,0.32,-0.197,0.005,67,75,0.88,-25.4,8.0,-0.197
GBPUSD,Key level sweep reversal,LSR,5min,"{'tf': '5min', 'win': 'W2', 'rr': 3, 'bias': True, 'level': 'london'}",61,-0.12,0.33,-0.324,0.076,30,31,0.84,-16.4,7.0,-0.324
GBPUSD,Key level sweep reversal,LSR,15min,"{'tf': '15min', 'win': 'W2', 'rr': 2, 'bias': False, 'level': 'london'}",126,-0.267,0.33,-0.331,-0.214,57,69,0.62,-40.1,9.0,-0.331
GBPUSD,Key level sweep reversal,LSR,15min,"{'tf': '15min', 'win': 'W2', 'rr': 2, 'bias': True, 'level': 'london'}",49,-0.365,0.31,-0.512,-0.212,25,24,0.51,-23.8,13.0,-0.512
GBPUSD,Key level sweep reversal,LSR,15min,"{'tf': '15min', 'win': 'W2', 'rr': 3, 'bias': False, 'level': 'london'}",126,-0.346,0.28,-0.516,-0.205,57,69,0.54,-46.5,13.0,-0.516
GBPUSD,Key level sweep reversal,LSR,15min,"{'tf': '15min', 'win': 'W2', 'rr': 3, 'bias': True, 'level': 'london'}",49,-0.413,0.27,-0.681,-0.135,25,24,0.47,-28.0,13.0,-0.681
GBPUSD,Key level sweep reversal,LSR,30min,"{'tf': '30min', 'win': 'W2', 'rr': 2, 'bias': False, 'level': 'london'}",107,-0.313,0.31,-0.288,-0.332,46,61,0.53,-35.5,10.0,-0.332
GBPUSD,Key level sweep reversal,LSR,30min,"{'tf': '30min', 'win': 'W2', 'rr': 2, 'bias': True, 'level': 'london'}",39,-0.324,0.33,-0.219,-0.423,19,20,0.55,-18.7,9.0,-0.423
GBPUSD,Key level sweep reversal,LSR,30min,"{'tf': '30min', 'win': 'W2', 'rr': 3, 'bias': False, 'level': 'london'}",107,-0.409,0.28,-0.462,-0.368,46,61,0.41,-46.6,10.0,-0.462
GBPUSD,Key level sweep reversal,LSR,30min,"{'tf': '30min', 'win': 'W2', 'rr': 3, 'bias': True, 'level': 'london'}",39,-0.48,0.28,-0.533,-0.43,19,20,0.36,-24.5,10.0,-0.533
GBPUSD,Key level sweep reversal,LSR,15min,"{'tf': '15min', 'win': 'BOTH', 'rr': 2, 'bias': False, 'level': 'pd'}",133,-0.102,0.42,-0.146,-0.065,61,72,0.8,-15.2,6.0,-0.146
GBPUSD,Key level sweep reversal,LSR,15min,"{'tf': '15min', 'win': 'BOTH', 'rr': 2, 'bias': True, 'level': 'pd'}",20,-0.259,0.3,-0.057,-0.393,8,12,0.63,-5.8,5.0,-0.393
GBPUSD,Key level sweep reversal,LSR,15min,"{'tf': '15min', 'win': 'BOTH', 'rr': 3, 'bias': False, 'level': 'pd'}",133,-0.106,0.41,-0.143,-0.075,61,72,0.8,-15.9,6.0,-0.143
GBPUSD,Key level sweep reversal,LSR,15min,"{'tf': '15min', 'win': 'BOTH', 'rr': 3, 'bias': True, 'level': 'pd'}",20,-0.188,0.3,-0.082,-0.259,8,12,0.73,-5.6,5.0,-0.259
GBPUSD,Key level sweep reversal,LSR,30min,"{'tf': '30min', 'win': 'BOTH', 'rr': 2, 'bias': False, 'level': 'pd'}",118,-0.13,0.42,-0.156,-0.107,55,63,0.73,-16.1,5.0,-0.156
GBPUSD,Key level sweep reversal,LSR,30min,"{'tf': '30min', 'win': 'BOTH', 'rr': 2, 'bias': True, 'level': 'pd'}",14,-0.248,0.36,-0.265,-0.241,4,10,0.53,-4.3,3.0,-0.265
GBPUSD,Key level sweep reversal,LSR,30min,"{'tf': '30min', 'win': 'BOTH', 'rr': 3, 'bias': False, 'level': 'pd'}",118,-0.076,0.42,-0.119,-0.039,55,63,0.84,-12.8,5.0,-0.119
GBPUSD,Key level sweep reversal,LSR,30min,"{'tf': '30min', 'win': 'BOTH', 'rr': 3, 'bias': True, 'level': 'pd'}",14,-0.228,0.36,-0.265,-0.214,4,10,0.57,-4.0,3.0,-0.265
GBPUSD,Key level sweep reversal,LSR,1h,"{'tf': '1h', 'win': 'BOTH', 'rr': 2, 'bias': False, 'level': 'pd'}",99,-0.095,0.4,-0.175,-0.013,50,49,0.78,-14.4,9.0,-0.175
GBPUSD,Key level sweep reversal,LSR,1h,"{'tf': '1h', 'win': 'BOTH', 'rr': 2, 'bias': True, 'level': 'pd'}",21,-0.189,0.48,0.033,-0.356,9,12,0.57,-6.1,4.0,-0.356
GBPUSD,Key level sweep reversal,LSR,1h,"{'tf': '1h', 'win': 'BOTH', 'rr': 3, 'bias': False, 'level': 'pd'}",99,-0.073,0.4,-0.151,0.006,50,49,0.83,-13.3,9.0,-0.151
GBPUSD,Key level sweep reversal,LSR,1h,"{'tf': '1h', 'win': 'BOTH', 'rr': 3, 'bias': True, 'level': 'pd'}",21,-0.189,0.48,0.033,-0.356,9,12,0.57,-6.1,4.0,-0.356
GBPUSD,NY open fade,NYF,5min,"{'tf': '5min', 'k': 0.2, 'rr': 2}",149,-0.091,0.36,-0.143,-0.041,74,75,0.87,-20.7,8.0,-0.143
GBPUSD,NY open fade,NYF,5min,"{'tf': '5min', 'k': 0.2, 'rr': 3}",149,-0.136,0.3,-0.237,-0.037,74,75,0.82,-28.5,8.0,-0.237
GBPUSD,NY open fade,NYF,5min,"{'tf': '5min', 'k': 0.3, 'rr': 2}",99,-0.019,0.37,0.033,-0.072,50,49,0.97,-14.5,7.0,-0.072
GBPUSD,NY open fade,NYF,5min,"{'tf': '5min', 'k': 0.3, 'rr': 3}",99,-0.085,0.3,-0.086,-0.084,50,49,0.89,-20.7,7.0,-0.086
GBPUSD,NY open fade,NYF,15min,"{'tf': '15min', 'k': 0.2, 'rr': 2}",68,-0.0,0.47,-0.153,0.172,36,32,1.0,-12.9,7.0,-0.153
GBPUSD,NY open fade,NYF,15min,"{'tf': '15min', 'k': 0.2, 'rr': 3}",68,-0.001,0.46,-0.241,0.269,36,32,1.0,-16.0,7.0,-0.241
GBPUSD,NY open fade,NYF,15min,"{'tf': '15min', 'k': 0.3, 'rr': 2}",31,-0.108,0.45,-0.087,-0.125,14,17,0.81,-7.8,4.0,-0.125
GBPUSD,NY open fade,NYF,15min,"{'tf': '15min', 'k': 0.3, 'rr': 3}",31,-0.142,0.42,-0.158,-0.129,14,17,0.76,-10.5,7.0,-0.158
GBPUSD,Breakout + retest (limit order),BRT,15min,"{'tf': '15min', 'stop': 'mid', 'rr': 2, 'bias': False}",168,-0.192,0.35,-0.355,-0.048,79,89,0.72,-37.6,12.0,-0.355
GBPUSD,Breakout + retest (limit order),BRT,15min,"{'tf': '15min', 'stop': 'mid', 'rr': 2, 'bias': True}",81,-0.159,0.37,-0.499,0.19,41,40,0.76,-21.2,8.0,-0.499
GBPUSD,Breakout + retest (limit order),BRT,15min,"{'tf': '15min', 'stop': 'mid', 'rr': 3, 'bias': False}",168,-0.213,0.33,-0.418,-0.031,79,89,0.69,-40.3,12.0,-0.418
GBPUSD,Breakout + retest (limit order),BRT,15min,"{'tf': '15min', 'stop': 'mid', 'rr': 3, 'bias': True}",81,-0.152,0.35,-0.506,0.211,41,40,0.78,-21.4,8.0,-0.506
GBPUSD,Breakout + retest (limit order),BRT,15min,"{'tf': '15min', 'stop': 'bar', 'rr': 2, 'bias': False}",167,-0.303,0.29,-0.373,-0.241,79,88,0.61,-51.5,11.0,-0.373
GBPUSD,Breakout + retest (limit order),BRT,15min,"{'tf': '15min', 'stop': 'bar', 'rr': 2, 'bias': True}",81,-0.248,0.31,-0.458,-0.033,41,40,0.67,-20.8,10.0,-0.458
GBPUSD,Breakout + retest (limit order),BRT,15min,"{'tf': '15min', 'stop': 'bar', 'rr': 3, 'bias': False}",167,-0.196,0.28,-0.302,-0.1,79,88,0.75,-39.5,13.0,-0.302
GBPUSD,Breakout + retest (limit order),BRT,15min,"{'tf': '15min', 'stop': 'bar', 'rr': 3, 'bias': True}",81,-0.142,0.28,-0.351,0.073,41,40,0.82,-21.8,10.0,-0.351
GBPUSD,Breakout + retest (limit order),BRT,30min,"{'tf': '30min', 'stop': 'mid', 'rr': 2, 'bias': False}",140,-0.169,0.36,-0.285,-0.079,61,79,0.75,-27.4,13.0,-0.285
GBPUSD,Breakout + retest (limit order),BRT,30min,"{'tf': '30min', 'stop': 'mid', 'rr': 2, 'bias': True}",69,-0.212,0.36,-0.503,0.025,31,38,0.69,-16.7,11.0,-0.503
GBPUSD,Breakout + retest (limit order),BRT,30min,"{'tf': '30min', 'stop': 'mid', 'rr': 3, 'bias': False}",140,-0.155,0.35,-0.307,-0.038,61,79,0.77,-25.9,13.0,-0.307
GBPUSD,Breakout + retest (limit order),BRT,30min,"{'tf': '30min', 'stop': 'mid', 'rr': 3, 'bias': True}",69,-0.16,0.35,-0.487,0.106,31,38,0.77,-15.7,11.0,-0.487
GBPUSD,Breakout + retest (limit order),BRT,30min,"{'tf': '30min', 'stop': 'bar', 'rr': 2, 'bias': False}",139,-0.244,0.33,-0.315,-0.189,61,78,0.67,-37.1,14.0,-0.315
GBPUSD,Breakout + retest (limit order),BRT,30min,"{'tf': '30min', 'stop': 'bar', 'rr': 2, 'bias': True}",69,-0.289,0.32,-0.526,-0.097,31,38,0.62,-20.8,11.0,-0.526
GBPUSD,Breakout + retest (limit order),BRT,30min,"{'tf': '30min', 'stop': 'bar', 'rr': 3, 'bias': False}",139,-0.164,0.32,-0.295,-0.061,61,78,0.78,-28.1,14.0,-0.295
GBPUSD,Breakout + retest (limit order),BRT,30min,"{'tf': '30min', 'stop': 'bar', 'rr': 3, 'bias': True}",69,-0.207,0.3,-0.475,0.011,31,38,0.73,-17.6,11.0,-0.475
GBPUSD,Breakout + retest (limit order),BRT,1h,"{'tf': '1h', 'stop': 'mid', 'rr': 2, 'bias': False}",83,-0.051,0.41,-0.157,0.02,33,50,0.92,-13.3,9.0,-0.157
GBPUSD,Breakout + retest (limit order),BRT,1h,"{'tf': '1h', 'stop': 'mid', 'rr': 2, 'bias': True}",42,-0.016,0.4,-0.329,0.159,15,27,0.97,-8.1,5.0,-0.329
GBPUSD,Breakout + retest (limit order),BRT,1h,"{'tf': '1h', 'stop': 'mid', 'rr': 3, 'bias': False}",83,-0.057,0.39,-0.247,0.069,33,50,0.91,-15.5,9.0,-0.247
GBPUSD,Breakout + retest (limit order),BRT,1h,"{'tf': '1h', 'stop': 'mid', 'rr': 3, 'bias': True}",42,0.037,0.38,-0.438,0.301,15,27,1.06,-8.9,6.0,-0.438
GBPUSD,Breakout + retest (limit order),BRT,1h,"{'tf': '1h', 'stop': 'bar', 'rr': 2, 'bias': False}",83,-0.212,0.37,-0.25,-0.186,33,50,0.69,-25.8,10.0,-0.25
GBPUSD,Breakout + retest (limit order),BRT,1h,"{'tf': '1h', 'stop': 'bar', 'rr': 2, 'bias': True}",42,-0.134,0.38,-0.33,-0.025,15,27,0.8,-10.1,5.0,-0.33
GBPUSD,Breakout + retest (limit order),BRT,1h,"{'tf': '1h', 'stop': 'bar', 'rr': 3, 'bias': False}",83,-0.133,0.36,-0.209,-0.083,33,50,0.81,-20.5,10.0,-0.209
GBPUSD,Breakout + retest (limit order),BRT,1h,"{'tf': '1h', 'stop': 'bar', 'rr': 3, 'bias': True}",42,-0.025,0.36,-0.292,0.123,15,27,0.96,-9.0,6.0,-0.292
GBPUSD,NY draw to London high/low,LDR,5min,"{'tf': '5min', 'rr': 2}",57,-0.177,0.33,0.113,-0.42,26,31,0.75,-13.7,4.0,-0.42
GBPUSD,NY draw to London high/low,LDR,5min,"{'tf': '5min', 'rr': 3}",39,-0.441,0.23,-0.602,-0.288,19,20,0.47,-17.8,9.0,-0.602
GBPUSD,NY draw to London high/low,LDR,15min,"{'tf': '15min', 'rr': 2}",12,0.417,0.5,-0.039,0.743,5,7,2.1,-2.5,3.0,-0.039
GBPUSD,NY draw to London high/low,LDR,15min,"{'tf': '15min', 'rr': 3}",5,-0.083,0.4,-0.706,0.85,3,2,0.88,-3.4,3.0,-0.706
GBPUSD,NY draw to London high/low,LDR,30min,"{'tf': '30min', 'rr': 2}",6,-1.122,0.0,-1.123,-1.121,3,3,0.0,-5.7,6.0,-1.123
GBPUSD,NY draw to London high/low,LDR,30min,"{'tf': '30min', 'rr': 3}",2,-1.146,0.0,-1.143,-1.15,1,1,0.0,-1.2,2.0,-1.15
GBPUSD,VWAP pullback,VWP,5min,"{'tf': '5min', 'win': 'W1', 'rr': 2, 'anchor': 'day'}",164,-0.102,0.36,-0.125,-0.079,81,83,0.86,-25.4,8.0,-0.125
GBPUSD,VWAP pullback,VWP,5min,"{'tf': '5min', 'win': 'W1', 'rr': 2, 'anchor': 'ny'}",0,0.0,,0.0,0.0,0,0,,,,0.0
GBPUSD,VWAP pullback,VWP,5min,"{'tf': '5min', 'win': 'W1', 'rr': 3, 'anchor': 'day'}",164,-0.211,0.28,-0.408,-0.019,81,83,0.74,-46.6,10.0,-0.408
GBPUSD,VWAP pullback,VWP,5min,"{'tf': '5min', 'win': 'W1', 'rr': 3, 'anchor': 'ny'}",0,0.0,,0.0,0.0,0,0,,,,0.0
GBPUSD,VWAP pullback,VWP,5min,"{'tf': '5min', 'win': 'W2', 'rr': 2, 'anchor': 'day'}",97,-0.376,0.26,-0.511,-0.226,51,46,0.54,-39.7,11.0,-0.511
GBPUSD,VWAP pullback,VWP,5min,"{'tf': '5min', 'win': 'W2', 'rr': 2, 'anchor': 'ny'}",184,-0.336,0.27,-0.384,-0.307,68,116,0.58,-61.0,14.0,-0.384
GBPUSD,VWAP pullback,VWP,5min,"{'tf': '5min', 'win': 'W2', 'rr': 3, 'anchor': 'day'}",97,-0.411,0.21,-0.476,-0.338,51,46,0.53,-46.1,13.0,-0.476
GBPUSD,VWAP pullback,VWP,5min,"{'tf': '5min', 'win': 'W2', 'rr': 3, 'anchor': 'ny'}",184,-0.389,0.23,-0.332,-0.422,68,116,0.54,-71.8,15.0,-0.422
GBPUSD,VWAP pullback,VWP,15min,"{'tf': '15min', 'win': 'W1', 'rr': 2, 'anchor': 'day'}",147,-0.227,0.33,-0.413,-0.032,75,72,0.68,-35.2,8.0,-0.413
GBPUSD,VWAP pullback,VWP,15min,"{'tf': '15min', 'win': 'W1', 'rr': 2, 'anchor': 'ny'}",0,0.0,,0.0,0.0,0,0,,,,0.0
GBPUSD,VWAP pullback,VWP,15min,"{'tf': '15min', 'win': 'W1', 'rr': 3, 'anchor': 'day'}",147,-0.232,0.31,-0.474,0.02,75,72,0.68,-37.7,13.0,-0.474
GBPUSD,VWAP pullback,VWP,15min,"{'tf': '15min', 'win': 'W1', 'rr': 3, 'anchor': 'ny'}",0,0.0,,0.0,0.0,0,0,,,,0.0
GBPUSD,VWAP pullback,VWP,15min,"{'tf': '15min', 'win': 'W2', 'rr': 2, 'anchor': 'day'}",83,-0.126,0.34,0.122,-0.42,45,38,0.82,-22.2,14.0,-0.42
GBPUSD,VWAP pullback,VWP,15min,"{'tf': '15min', 'win': 'W2', 'rr': 2, 'anchor': 'ny'}",130,-0.106,0.36,0.189,-0.284,49,81,0.84,-27.5,9.0,-0.284
GBPUSD,VWAP pullback,VWP,15min,"{'tf': '15min', 'win': 'W2', 'rr': 3, 'anchor': 'day'}",83,-0.154,0.29,0.107,-0.463,45,38,0.8,-21.7,14.0,-0.463
GBPUSD,VWAP pullback,VWP,15min,"{'tf': '15min', 'win': 'W2', 'rr': 3, 'anchor': 'ny'}",130,-0.094,0.35,0.134,-0.233,49,81,0.86,-24.4,9.0,-0.233
GBPUSD,VWAP pullback,VWP,30min,"{'tf': '30min', 'win': 'W1', 'rr': 2, 'anchor': 'day'}",126,-0.226,0.34,-0.484,0.016,61,65,0.67,-33.8,9.0,-0.484
GBPUSD,VWAP pullback,VWP,30min,"{'tf': '30min', 'win': 'W1', 'rr': 2, 'anchor': 'ny'}",0,0.0,,0.0,0.0,0,0,,,,0.0
GBPUSD,VWAP pullback,VWP,30min,"{'tf': '30min', 'win': 'W1', 'rr': 3, 'anchor': 'day'}",126,-0.224,0.31,-0.536,0.069,61,65,0.68,-31.7,9.0,-0.536
GBPUSD,VWAP pullback,VWP,30min,"{'tf': '30min', 'win': 'W1', 'rr': 3, 'anchor': 'ny'}",0,0.0,,0.0,0.0,0,0,,,,0.0
GBPUSD,VWAP pullback,VWP,30min,"{'tf': '30min', 'win': 'W2', 'rr': 2, 'anchor': 'day'}",63,-0.295,0.32,-0.255,-0.333,31,32,0.54,-23.6,8.0,-0.333
GBPUSD,VWAP pullback,VWP,30min,"{'tf': '30min', 'win': 'W2', 'rr': 2, 'anchor': 'ny'}",117,-0.078,0.38,-0.028,-0.102,38,79,0.87,-20.0,7.0,-0.102
GBPUSD,VWAP pullback,VWP,30min,"{'tf': '30min', 'win': 'W2', 'rr': 3, 'anchor': 'day'}",63,-0.364,0.29,-0.352,-0.375,31,32,0.46,-26.7,8.0,-0.375
GBPUSD,VWAP pullback,VWP,30min,"{'tf': '30min', 'win': 'W2', 'rr': 3, 'anchor': 'ny'}",117,-0.081,0.37,-0.051,-0.096,38,79,0.87,-20.4,7.0,-0.096
GBPUSD,Fair value gap retrace (limit),FVG,5min,"{'tf': '5min', 'win': 'W1', 'rr': 2}",226,-0.335,0.28,-0.266,-0.396,106,120,0.59,-76.1,10.0,-0.396
GBPUSD,Fair value gap retrace (limit),FVG,5min,"{'tf': '5min', 'win': 'W1', 'rr': 3}",226,-0.365,0.24,-0.366,-0.364,106,120,0.57,-81.9,18.0,-0.366
GBPUSD,Fair value gap retrace (limit),FVG,5min,"{'tf': '5min', 'win': 'W2', 'rr': 2}",189,-0.184,0.33,-0.091,-0.265,88,101,0.76,-36.0,8.0,-0.265
GBPUSD,Fair value gap retrace (limit),FVG,5min,"{'tf': '5min', 'win': 'W2', 'rr': 3}",189,-0.18,0.27,-0.08,-0.267,88,101,0.78,-36.0,9.0,-0.267
GBPUSD,Fair value gap retrace (limit),FVG,15min,"{'tf': '15min', 'win': 'W1', 'rr': 2}",123,-0.234,0.33,-0.348,-0.14,56,67,0.68,-38.4,8.0,-0.348
GBPUSD,Fair value gap retrace (limit),FVG,15min,"{'tf': '15min', 'win': 'W1', 'rr': 3}",123,-0.15,0.33,-0.312,-0.015,56,67,0.8,-32.3,8.0,-0.312
GBPUSD,Fair value gap retrace (limit),FVG,15min,"{'tf': '15min', 'win': 'W2', 'rr': 2}",86,-0.17,0.31,-0.147,-0.197,47,39,0.77,-17.2,6.0,-0.197
GBPUSD,Fair value gap retrace (limit),FVG,15min,"{'tf': '15min', 'win': 'W2', 'rr': 3}",86,-0.163,0.28,-0.262,-0.044,47,39,0.79,-22.0,8.0,-0.262
GBPUSD,Fair value gap retrace (limit),FVG,30min,"{'tf': '30min', 'win': 'W1', 'rr': 2}",60,-0.126,0.35,-0.325,0.047,28,32,0.82,-10.4,7.0,-0.325
GBPUSD,Fair value gap retrace (limit),FVG,30min,"{'tf': '30min', 'win': 'W1', 'rr': 3}",60,-0.082,0.33,-0.244,0.06,28,32,0.89,-10.7,7.0,-0.244
GBPUSD,Fair value gap retrace (limit),FVG,30min,"{'tf': '30min', 'win': 'W2', 'rr': 2}",36,-0.455,0.19,-0.412,-0.554,25,11,0.38,-16.2,9.0,-0.554
GBPUSD,Fair value gap retrace (limit),FVG,30min,"{'tf': '30min', 'win': 'W2', 'rr': 3}",36,-0.382,0.19,-0.307,-0.554,25,11,0.48,-13.6,9.0,-0.554
GBPUSD,Fair value gap retrace (limit),FVG,1h,"{'tf': '1h', 'win': 'W1', 'rr': 2}",8,-0.374,0.25,-0.363,-0.384,4,4,0.48,-4.8,3.0,-0.384
GBPUSD,Fair value gap retrace (limit),FVG,1h,"{'tf': '1h', 'win': 'W1', 'rr': 3}",8,-0.249,0.25,-0.113,-0.384,4,4,0.66,-4.8,3.0,-0.384
GBPUSD,Fair value gap retrace (limit),FVG,1h,"{'tf': '1h', 'win': 'W2', 'rr': 2}",11,-0.016,0.55,0.175,-0.245,6,5,0.96,-1.9,1.0,-0.245
GBPUSD,Fair value gap retrace (limit),FVG,1h,"{'tf': '1h', 'win': 'W2', 'rr': 3}",11,0.057,0.55,0.31,-0.245,6,5,1.14,-1.9,1.0,-0.245
XAUUSD,Asian sweep reversal,ASR,5min,"{'tf': '5min', 'win': 'W1', 'rr': 2, 'bias': False}",134,-0.142,0.33,0.159,-0.371,58,76,0.8,-30.4,12.0,-0.371
XAUUSD,Asian sweep reversal,ASR,5min,"{'tf': '5min', 'win': 'W1', 'rr': 2, 'bias': True}",62,-0.15,0.32,0.406,-0.526,25,37,0.79,-20.5,9.0,-0.526
XAUUSD,Asian sweep reversal,ASR,5min,"{'tf': '5min', 'win': 'BOTH', 'rr': 2, 'bias': False}",201,-0.166,0.32,0.061,-0.377,97,104,0.76,-44.5,11.0,-0.377
XAUUSD,Asian sweep reversal,ASR,5min,"{'tf': '5min', 'win': 'BOTH', 'rr': 2, 'bias': True}",97,-0.221,0.3,0.148,-0.503,42,55,0.69,-29.7,7.0,-0.503
XAUUSD,Asian sweep reversal,ASR,15min,"{'tf': '15min', 'win': 'W1', 'rr': 2, 'bias': False}",121,-0.16,0.33,0.118,-0.391,55,66,0.75,-28.6,8.0,-0.391
XAUUSD,Asian sweep reversal,ASR,15min,"{'tf': '15min', 'win': 'W1', 'rr': 2, 'bias': True}",54,-0.185,0.31,-0.115,-0.241,24,30,0.73,-9.9,5.0,-0.241
XAUUSD,Asian sweep reversal,ASR,15min,"{'tf': '15min', 'win': 'BOTH', 'rr': 2, 'bias': False}",187,-0.149,0.35,0.022,-0.321,94,93,0.76,-35.7,9.0,-0.321
XAUUSD,Asian sweep reversal,ASR,15min,"{'tf': '15min', 'win': 'BOTH', 'rr': 2, 'bias': True}",85,-0.119,0.35,-0.106,-0.13,39,46,0.8,-10.8,9.0,-0.13
XAUUSD,Asian sweep reversal,ASR,30min,"{'tf': '30min', 'win': 'W1', 'rr': 2, 'bias': False}",104,-0.057,0.39,0.168,-0.256,49,55,0.9,-16.9,7.0,-0.256
XAUUSD,Asian sweep reversal,ASR,30min,"{'tf': '30min', 'win': 'W1', 'rr': 2, 'bias': True}",46,-0.053,0.41,0.051,-0.149,22,24,0.9,-8.4,6.0,-0.149
XAUUSD,Asian sweep reversal,ASR,30min,"{'tf': '30min', 'win': 'BOTH', 'rr': 2, 'bias': False}",159,-0.057,0.4,0.095,-0.216,81,78,0.89,-21.2,9.0,-0.216
XAUUSD,Asian sweep reversal,ASR,30min,"{'tf': '30min', 'win': 'BOTH', 'rr': 2, 'bias': True}",72,-0.043,0.46,-0.049,-0.039,33,39,0.91,-13.1,7.0,-0.049
XAUUSD,Asian sweep reversal,ASR,1h,"{'tf': '1h', 'win': 'W1', 'rr': 2, 'bias': False}",82,0.046,0.45,0.121,-0.018,38,44,1.1,-10.4,7.0,-0.018
XAUUSD,Asian sweep reversal,ASR,1h,"{'tf': '1h', 'win': 'W1', 'rr': 2, 'bias': True}",34,-0.098,0.38,0.028,-0.225,17,17,0.81,-5.5,4.0,-0.225
XAUUSD,Asian sweep reversal,ASR,1h,"{'tf': '1h', 'win': 'BOTH', 'rr': 2, 'bias': False}",130,0.004,0.42,0.057,-0.046,63,67,1.01,-13.8,6.0,-0.046
XAUUSD,Asian sweep reversal,ASR,1h,"{'tf': '1h', 'win': 'BOTH', 'rr': 2, 'bias': True}",65,-0.018,0.42,-0.019,-0.017,30,35,0.96,-7.9,7.0,-0.019
XAUUSD,Asian sweep reversal,ASR,5min,"{'tf': '5min', 'win': 'W1', 'rr': 3, 'bias': True}",62,-0.219,0.26,0.165,-0.479,25,37,0.72,-19.1,9.0,-0.479
XAUUSD,Asian sweep reversal,ASR,15min,"{'tf': '15min', 'win': 'W1', 'rr': 3, 'bias': True}",54,-0.134,0.31,-0.014,-0.231,24,30,0.8,-10.4,5.0,-0.231
XAUUSD,Asian sweep reversal,ASR,30min,"{'tf': '30min', 'win': 'W1', 'rr': 3, 'bias': True}",46,-0.074,0.37,-0.131,-0.022,22,24,0.88,-8.4,6.0,-0.131
XAUUSD,Asian sweep reversal,ASR,1h,"{'tf': '1h', 'win': 'W1', 'rr': 3, 'bias': True}",34,-0.06,0.38,0.146,-0.266,17,17,0.88,-5.5,4.0,-0.266
XAUUSD,London breakout (Asian box),ABO,15min,"{'tf': '15min', 'win': 'W1', 'rr': 2, 'bias': False}",123,0.093,0.48,-0.001,0.161,52,71,1.36,-7.2,7.0,-0.001
XAUUSD,London breakout (Asian box),ABO,15min,"{'tf': '15min', 'win': 'W1', 'rr': 2, 'bias': True}",89,0.157,0.51,0.094,0.204,38,51,1.69,-4.2,6.0,0.094
XAUUSD,London breakout (Asian box),ABO,15min,"{'tf': '15min', 'win': 'W1', 'rr': 3, 'bias': False}",123,0.1,0.48,-0.002,0.175,52,71,1.39,-6.3,7.0,-0.002
XAUUSD,London breakout (Asian box),ABO,15min,"{'tf': '15min', 'win': 'W1', 'rr': 3, 'bias': True}",89,0.158,0.51,0.092,0.207,38,51,1.69,-3.8,6.0,0.092
XAUUSD,London breakout (Asian box),ABO,30min,"{'tf': '30min', 'win': 'W1', 'rr': 2, 'bias': False}",114,0.074,0.49,-0.02,0.144,49,65,1.3,-5.3,6.0,-0.02
XAUUSD,London breakout (Asian box),ABO,30min,"{'tf': '30min', 'win': 'W1', 'rr': 2, 'bias': True}",88,0.169,0.53,0.123,0.204,38,50,1.87,-3.1,5.0,0.123
XAUUSD,London breakout (Asian box),ABO,30min,"{'tf': '30min', 'win': 'W1', 'rr': 3, 'bias': False}",114,0.107,0.49,0.042,0.157,49,65,1.43,-4.5,6.0,0.042
XAUUSD,London breakout (Asian box),ABO,30min,"{'tf': '30min', 'win': 'W1', 'rr': 3, 'bias': True}",88,0.212,0.53,0.202,0.221,38,50,2.1,-3.1,5.0,0.202
XAUUSD,London breakout (Asian box),ABO,1h,"{'tf': '1h', 'win': 'W1', 'rr': 2, 'bias': False}",96,0.093,0.47,0.036,0.128,36,60,1.39,-3.4,4.0,0.036
XAUUSD,London breakout (Asian box),ABO,1h,"{'tf': '1h', 'win': 'W1', 'rr': 2, 'bias': True}",84,0.18,0.51,0.131,0.211,32,52,1.95,-3.2,4.0,0.131
XAUUSD,London breakout (Asian box),ABO,1h,"{'tf': '1h', 'win': 'W1', 'rr': 3, 'bias': False}",96,0.12,0.47,0.091,0.138,36,60,1.51,-3.4,4.0,0.091
XAUUSD,London breakout (Asian box),ABO,1h,"{'tf': '1h', 'win': 'W1', 'rr': 3, 'bias': True}",84,0.211,0.51,0.194,0.222,32,52,2.11,-3.2,4.0,0.194
XAUUSD,London breakout (Asian box),ABO,5min,"{'tf': '5min', 'win': 'W1', 'rr': 2, 'bias': True}",91,0.098,0.48,0.03,0.149,39,52,1.37,-5.3,6.0,0.03
XAUUSD,NY opening-range breakout,ORB,5min,"{'or_min': 15, 'tf': '5min', 'rr': 2, 'bias': False}",207,-0.141,0.34,-0.12,-0.154,82,125,0.79,-35.4,13.0,-0.154
XAUUSD,NY opening-range breakout,ORB,5min,"{'or_min': 15, 'tf': '5min', 'rr': 2, 'bias': True}",121,-0.061,0.35,-0.001,-0.107,52,69,0.91,-21.4,11.0,-0.107
XAUUSD,NY opening-range breakout,ORB,5min,"{'or_min': 15, 'tf': '5min', 'rr': 3, 'bias': False}",207,-0.106,0.32,-0.09,-0.117,82,125,0.85,-32.0,14.0,-0.117
XAUUSD,NY opening-range breakout,ORB,5min,"{'or_min': 15, 'tf': '5min', 'rr': 3, 'bias': True}",121,0.017,0.32,0.098,-0.044,52,69,1.02,-17.4,11.0,-0.044
XAUUSD,NY opening-range breakout,ORB,15min,"{'or_min': 15, 'tf': '15min', 'rr': 2, 'bias': False}",178,0.005,0.4,0.146,-0.071,62,116,1.01,-18.9,9.0,-0.071
XAUUSD,NY opening-range breakout,ORB,15min,"{'or_min': 15, 'tf': '15min', 'rr': 2, 'bias': True}",116,0.041,0.41,0.075,0.022,43,73,1.07,-14.2,7.0,0.022
XAUUSD,NY opening-range breakout,ORB,15min,"{'or_min': 15, 'tf': '15min', 'rr': 3, 'bias': False}",178,-0.138,0.34,-0.021,-0.2,62,116,0.79,-30.3,19.0,-0.2
XAUUSD,NY opening-range breakout,ORB,15min,"{'or_min': 15, 'tf': '15min', 'rr': 3, 'bias': True}",116,-0.077,0.34,0.019,-0.134,43,73,0.88,-20.6,12.0,-0.134
XAUUSD,NY opening-range breakout,ORB,5min,"{'or_min': 30, 'tf': '5min', 'rr': 2, 'bias': False}",136,-0.038,0.37,0.353,-0.135,27,109,0.94,-18.5,10.0,-0.135
XAUUSD,NY opening-range breakout,ORB,5min,"{'or_min': 30, 'tf': '5min', 'rr': 2, 'bias': True}",89,0.068,0.4,0.876,-0.109,16,73,1.12,-12.9,9.0,-0.109
XAUUSD,NY opening-range breakout,ORB,5min,"{'or_min': 30, 'tf': '5min', 'rr': 3, 'bias': False}",136,-0.058,0.35,0.361,-0.162,27,109,0.91,-25.7,12.0,-0.162
XAUUSD,NY opening-range breakout,ORB,5min,"{'or_min': 30, 'tf': '5min', 'rr': 3, 'bias': True}",89,0.014,0.37,0.875,-0.175,16,73,1.02,-16.7,10.0,-0.175
XAUUSD,NY opening-range breakout,ORB,15min,"{'or_min': 30, 'tf': '15min', 'rr': 2, 'bias': False}",119,-0.153,0.35,0.318,-0.265,23,96,0.75,-29.9,12.0,-0.265
XAUUSD,NY opening-range breakout,ORB,15min,"{'or_min': 30, 'tf': '15min', 'rr': 2, 'bias': True}",80,-0.055,0.38,0.819,-0.24,14,66,0.91,-17.9,9.0,-0.24
XAUUSD,NY opening-range breakout,ORB,15min,"{'or_min': 30, 'tf': '15min', 'rr': 3, 'bias': False}",119,-0.206,0.33,0.322,-0.332,23,96,0.67,-35.5,15.0,-0.332
XAUUSD,NY opening-range breakout,ORB,15min,"{'or_min': 30, 'tf': '15min', 'rr': 3, 'bias': True}",80,-0.162,0.34,0.882,-0.383,14,66,0.74,-25.5,10.0,-0.383
XAUUSD,Trend pullback (EMA20 + 1H EMA50),TPB,5min,"{'tf': '5min', 'win': 'W1', 'rr': 2}",225,-0.193,0.32,-0.239,-0.15,109,116,0.73,-55.1,29.0,-0.239
XAUUSD,Trend pullback (EMA20 + 1H EMA50),TPB,5min,"{'tf': '5min', 'win': 'W1', 'rr': 3}",225,-0.075,0.31,-0.116,-0.036,109,116,0.9,-45.0,29.0,-0.116
XAUUSD,Trend pullback (EMA20 + 1H EMA50),TPB,5min,"{'tf': '5min', 'win': 'W2', 'rr': 2}",211,-0.005,0.36,-0.11,0.104,107,104,0.99,-24.4,14.0,-0.11
XAUUSD,Trend pullback (EMA20 + 1H EMA50),TPB,5min,"{'tf': '5min', 'win': 'W2', 'rr': 3}",211,0.076,0.33,0.063,0.089,107,104,1.11,-20.7,14.0,0.063
XAUUSD,Trend pullback (EMA20 + 1H EMA50),TPB,15min,"{'tf': '15min', 'win': 'W1', 'rr': 2}",151,-0.046,0.4,0.052,-0.129,69,82,0.92,-28.3,9.0,-0.129
XAUUSD,Trend pullback (EMA20 + 1H EMA50),TPB,15min,"{'tf': '15min', 'win': 'W1', 'rr': 3}",151,-0.018,0.36,0.147,-0.157,69,82,0.97,-31.2,10.0,-0.157
XAUUSD,Trend pullback (EMA20 + 1H EMA50),TPB,15min,"{'tf': '15min', 'win': 'W2', 'rr': 2}",158,0.021,0.43,0.004,0.04,85,73,1.04,-9.8,5.0,0.004
XAUUSD,Trend pullback (EMA20 + 1H EMA50),TPB,15min,"{'tf': '15min', 'win': 'W2', 'rr': 3}",158,0.061,0.41,0.105,0.01,85,73,1.11,-8.8,6.0,0.01
XAUUSD,Trend pullback (EMA20 + 1H EMA50),TPB,30min,"{'tf': '30min', 'win': 'W1', 'rr': 2}",100,-0.026,0.41,-0.022,-0.029,49,51,0.95,-13.0,12.0,-0.029
XAUUSD,Trend pullback (EMA20 + 1H EMA50),TPB,30min,"{'tf': '30min', 'win': 'W1', 'rr': 3}",100,0.051,0.4,0.059,0.043,49,51,1.1,-10.4,12.0,0.043
XAUUSD,Trend pullback (EMA20 + 1H EMA50),TPB,30min,"{'tf': '30min', 'win': 'W2', 'rr': 2}",118,0.166,0.53,0.102,0.242,64,54,1.42,-5.1,3.0,0.102
XAUUSD,Trend pullback (EMA20 + 1H EMA50),TPB,30min,"{'tf': '30min', 'win': 'W2', 'rr': 3}",118,0.13,0.5,0.096,0.169,64,54,1.32,-5.1,3.0,0.096
XAUUSD,Trend pullback (EMA20 + 1H EMA50),TPB,1h,"{'tf': '1h', 'win': 'W1', 'rr': 2}",58,-0.2,0.38,-0.089,-0.327,31,27,0.55,-14.2,10.0,-0.327
XAUUSD,Trend pullback (EMA20 + 1H EMA50),TPB,1h,"{'tf': '1h', 'win': 'W1', 'rr': 3}",58,-0.148,0.38,-0.024,-0.29,31,27,0.67,-13.1,10.0,-0.29
XAUUSD,Trend pullback (EMA20 + 1H EMA50),TPB,1h,"{'tf': '1h', 'win': 'W2', 'rr': 2}",73,0.066,0.52,0.128,0.006,36,37,1.2,-6.4,6.0,0.006
XAUUSD,Trend pullback (EMA20 + 1H EMA50),TPB,1h,"{'tf': '1h', 'win': 'W2', 'rr': 3}",73,0.133,0.52,0.239,0.03,36,37,1.41,-5.6,6.0,0.03
XAUUSD,Key level sweep reversal,LSR,5min,"{'tf': '5min', 'win': 'W2', 'rr': 2, 'bias': False, 'level': 'london'}",172,0.008,0.37,0.023,-0.004,74,98,1.01,-13.3,9.0,-0.004
XAUUSD,Key level sweep reversal,LSR,5min,"{'tf': '5min', 'win': 'W2', 'rr': 2, 'bias': True, 'level': 'london'}",80,0.106,0.41,0.256,-0.043,40,40,1.17,-8.5,7.0,-0.043
XAUUSD,Key level sweep reversal,LSR,5min,"{'tf': '5min', 'win': 'W2', 'rr': 3, 'bias': False, 'level': 'london'}",172,0.027,0.32,-0.036,0.074,74,98,1.04,-18.2,12.0,-0.036
XAUUSD,Key level sweep reversal,LSR,5min,"{'tf': '5min', 'win': 'W2', 'rr': 3, 'bias': True, 'level': 'london'}",80,0.147,0.36,0.166,0.129,40,40,1.22,-8.6,7.0,0.129
XAUUSD,Key level sweep reversal,LSR,15min,"{'tf': '15min', 'win': 'W2', 'rr': 2, 'bias': False, 'level': 'london'}",141,0.129,0.44,0.051,0.183,58,83,1.24,-10.2,8.0,0.051
XAUUSD,Key level sweep reversal,LSR,15min,"{'tf': '15min', 'win': 'W2', 'rr': 2, 'bias': True, 'level': 'london'}",62,0.239,0.48,0.206,0.269,30,32,1.46,-8.3,8.0,0.206
XAUUSD,Key level sweep reversal,LSR,15min,"{'tf': '15min', 'win': 'W2', 'rr': 3, 'bias': False, 'level': 'london'}",141,0.115,0.41,0.084,0.136,58,83,1.2,-10.5,8.0,0.084
XAUUSD,Key level sweep reversal,LSR,15min,"{'tf': '15min', 'win': 'W2', 'rr': 3, 'bias': True, 'level': 'london'}",62,0.341,0.48,0.343,0.339,30,32,1.65,-8.3,8.0,0.339
XAUUSD,Key level sweep reversal,LSR,30min,"{'tf': '30min', 'win': 'W2', 'rr': 2, 'bias': False, 'level': 'london'}",115,0.046,0.47,-0.035,0.1,46,69,1.09,-6.8,6.0,-0.035
XAUUSD,Key level sweep reversal,LSR,30min,"{'tf': '30min', 'win': 'W2', 'rr': 2, 'bias': True, 'level': 'london'}",50,0.174,0.56,0.032,0.296,23,27,1.4,-3.3,3.0,0.032
XAUUSD,Key level sweep reversal,LSR,30min,"{'tf': '30min', 'win': 'W2', 'rr': 3, 'bias': False, 'level': 'london'}",115,-0.025,0.44,-0.094,0.02,46,69,0.95,-8.0,6.0,-0.094
XAUUSD,Key level sweep reversal,LSR,30min,"{'tf': '30min', 'win': 'W2', 'rr': 3, 'bias': True, 'level': 'london'}",50,0.164,0.54,0.086,0.23,23,27,1.36,-7.7,3.0,0.086
XAUUSD,Key level sweep reversal,LSR,15min,"{'tf': '15min', 'win': 'BOTH', 'rr': 2, 'bias': False, 'level': 'pd'}",110,-0.094,0.46,-0.238,-0.002,43,67,0.78,-15.7,6.0,-0.238
XAUUSD,Key level sweep reversal,LSR,15min,"{'tf': '15min', 'win': 'BOTH', 'rr': 2, 'bias': True, 'level': 'pd'}",22,-0.143,0.41,-0.26,-0.063,9,13,0.7,-4.7,5.0,-0.26
XAUUSD,Key level sweep reversal,LSR,15min,"{'tf': '15min', 'win': 'BOTH', 'rr': 3, 'bias': False, 'level': 'pd'}",110,-0.092,0.46,-0.24,0.003,43,67,0.78,-15.9,6.0,-0.24
XAUUSD,Key level sweep reversal,LSR,15min,"{'tf': '15min', 'win': 'BOTH', 'rr': 3, 'bias': True, 'level': 'pd'}",22,-0.148,0.41,-0.26,-0.07,9,13,0.69,-4.8,5.0,-0.26
XAUUSD,Key level sweep reversal,LSR,30min,"{'tf': '30min', 'win': 'BOTH', 'rr': 2, 'bias': False, 'level': 'pd'}",99,-0.053,0.47,-0.017,-0.075,38,61,0.86,-10.6,6.0,-0.075
XAUUSD,Key level sweep reversal,LSR,30min,"{'tf': '30min', 'win': 'BOTH', 'rr': 2, 'bias': True, 'level': 'pd'}",20,-0.169,0.5,-0.134,-0.192,8,12,0.63,-4.7,5.0,-0.192
XAUUSD,Key level sweep reversal,LSR,30min,"{'tf': '30min', 'win': 'BOTH', 'rr': 3, 'bias': False, 'level': 'pd'}",99,-0.063,0.47,-0.041,-0.076,38,61,0.84,-10.8,6.0,-0.076
XAUUSD,Key level sweep reversal,LSR,30min,"{'tf': '30min', 'win': 'BOTH', 'rr': 3, 'bias': True, 'level': 'pd'}",20,-0.174,0.5,-0.134,-0.2,8,12,0.62,-4.7,5.0,-0.2
XAUUSD,Key level sweep reversal,LSR,1h,"{'tf': '1h', 'win': 'BOTH', 'rr': 2, 'bias': False, 'level': 'pd'}",83,0.156,0.59,0.135,0.17,33,50,1.59,-3.2,4.0,0.135
XAUUSD,Key level sweep reversal,LSR,1h,"{'tf': '1h', 'win': 'BOTH', 'rr': 2, 'bias': True, 'level': 'pd'}",18,-0.061,0.44,-0.145,-0.018,6,12,0.81,-2.6,4.0,-0.145
XAUUSD,Key level sweep reversal,LSR,1h,"{'tf': '1h', 'win': 'BOTH', 'rr': 3, 'bias': False, 'level': 'pd'}",83,0.157,0.59,0.11,0.188,33,50,1.59,-3.1,4.0,0.11
XAUUSD,Key level sweep reversal,LSR,1h,"{'tf': '1h', 'win': 'BOTH', 'rr': 3, 'bias': True, 'level': 'pd'}",18,-0.066,0.44,-0.145,-0.026,6,12,0.79,-2.6,4.0,-0.145
XAUUSD,NY open fade,NYF,5min,"{'tf': '5min', 'k': 0.2, 'rr': 2}",126,0.015,0.41,-0.263,0.218,53,73,1.03,-24.2,11.0,-0.263
XAUUSD,NY open fade,NYF,5min,"{'tf': '5min', 'k': 0.2, 'rr': 3}",126,-0.011,0.37,-0.286,0.188,53,73,0.98,-29.6,11.0,-0.286
XAUUSD,NY open fade,NYF,5min,"{'tf': '5min', 'k': 0.3, 'rr': 2}",78,-0.042,0.4,-0.179,0.053,32,46,0.93,-13.8,9.0,-0.179
XAUUSD,NY open fade,NYF,5min,"{'tf': '5min', 'k': 0.3, 'rr': 3}",78,-0.029,0.36,-0.015,-0.039,32,46,0.95,-17.5,19.0,-0.039
XAUUSD,NY open fade,NYF,15min,"{'tf': '15min', 'k': 0.2, 'rr': 2}",59,-0.014,0.49,0.01,-0.025,19,40,0.97,-10.4,6.0,-0.025
XAUUSD,NY open fade,NYF,15min,"{'tf': '15min', 'k': 0.2, 'rr': 3}",59,0.009,0.49,0.031,-0.001,19,40,1.02,-10.4,6.0,-0.001
XAUUSD,NY open fade,NYF,15min,"{'tf': '15min', 'k': 0.3, 'rr': 2}",35,-0.008,0.49,0.077,-0.047,11,24,0.98,-8.6,10.0,-0.047
XAUUSD,NY open fade,NYF,15min,"{'tf': '15min', 'k': 0.3, 'rr': 3}",35,0.076,0.49,0.259,-0.007,11,24,1.17,-8.6,10.0,-0.007
XAUUSD,Breakout + retest (limit order),BRT,15min,"{'tf': '15min', 'stop': 'mid', 'rr': 2, 'bias': False}",91,0.119,0.49,0.019,0.191,38,53,1.4,-4.4,4.0,0.019
XAUUSD,Breakout + retest (limit order),BRT,15min,"{'tf': '15min', 'stop': 'mid', 'rr': 2, 'bias': True}",53,0.114,0.47,0.113,0.116,25,28,1.36,-4.1,6.0,0.113
XAUUSD,Breakout + retest (limit order),BRT,15min,"{'tf': '15min', 'stop': 'mid', 'rr': 3, 'bias': False}",91,0.114,0.49,-0.067,0.243,38,53,1.38,-4.7,4.0,-0.067
XAUUSD,Breakout + retest (limit order),BRT,15min,"{'tf': '15min', 'stop': 'mid', 'rr': 3, 'bias': True}",53,0.088,0.47,0.026,0.143,25,28,1.27,-4.1,6.0,0.026
XAUUSD,Breakout + retest (limit order),BRT,15min,"{'tf': '15min', 'stop': 'bar', 'rr': 2, 'bias': False}",95,-0.082,0.34,-0.136,-0.04,41,54,0.88,-12.8,6.0,-0.136
XAUUSD,Breakout + retest (limit order),BRT,15min,"{'tf': '15min', 'stop': 'bar', 'rr': 2, 'bias': True}",57,-0.064,0.35,0.065,-0.189,28,29,0.91,-15.7,8.0,-0.189
XAUUSD,Breakout + retest (limit order),BRT,15min,"{'tf': '15min', 'stop': 'bar', 'rr': 3, 'bias': False}",95,0.066,0.32,-0.062,0.163,41,54,1.09,-9.7,6.0,-0.062
XAUUSD,Breakout + retest (limit order),BRT,15min,"{'tf': '15min', 'stop': 'bar', 'rr': 3, 'bias': True}",57,0.082,0.32,0.102,0.064,28,29,1.11,-11.3,8.0,0.064
XAUUSD,Breakout + retest (limit order),BRT,30min,"{'tf': '30min', 'stop': 'mid', 'rr': 2, 'bias': False}",70,0.041,0.5,-0.071,0.12,29,41,1.13,-5.3,4.0,-0.071
XAUUSD,Breakout + retest (limit order),BRT,30min,"{'tf': '30min', 'stop': 'mid', 'rr': 2, 'bias': True}",42,0.121,0.55,0.05,0.186,20,22,1.4,-3.8,7.0,0.05
XAUUSD,Breakout + retest (limit order),BRT,30min,"{'tf': '30min', 'stop': 'mid', 'rr': 3, 'bias': False}",70,0.059,0.5,-0.087,0.163,29,41,1.19,-5.3,4.0,-0.087
XAUUSD,Breakout + retest (limit order),BRT,30min,"{'tf': '30min', 'stop': 'mid', 'rr': 3, 'bias': True}",42,0.152,0.55,0.026,0.267,20,22,1.51,-3.8,7.0,0.026
XAUUSD,Breakout + retest (limit order),BRT,30min,"{'tf': '30min', 'stop': 'bar', 'rr': 2, 'bias': False}",73,-0.122,0.34,-0.194,-0.07,31,42,0.81,-10.9,7.0,-0.194
XAUUSD,Breakout + retest (limit order),BRT,30min,"{'tf': '30min', 'stop': 'bar', 'rr': 2, 'bias': True}",45,-0.065,0.38,0.132,-0.253,22,23,0.89,-14.8,13.0,-0.253
XAUUSD,Breakout + retest (limit order),BRT,30min,"{'tf': '30min', 'stop': 'bar', 'rr': 3, 'bias': False}",73,-0.112,0.32,-0.258,-0.004,31,42,0.84,-9.1,7.0,-0.258
XAUUSD,Breakout + retest (limit order),BRT,30min,"{'tf': '30min', 'stop': 'bar', 'rr': 3, 'bias': True}",45,-0.103,0.33,0.041,-0.241,22,23,0.85,-13.3,13.0,-0.241
XAUUSD,Breakout + retest (limit order),BRT,1h,"{'tf': '1h', 'stop': 'mid', 'rr': 2, 'bias': False}",42,0.027,0.48,-0.141,0.102,13,29,1.09,-4.9,5.0,-0.141
XAUUSD,Breakout + retest (limit order),BRT,1h,"{'tf': '1h', 'stop': 'mid', 'rr': 2, 'bias': True}",27,0.111,0.52,-0.083,0.244,11,16,1.39,-3.6,5.0,-0.083
XAUUSD,Breakout + retest (limit order),BRT,1h,"{'tf': '1h', 'stop': 'mid', 'rr': 3, 'bias': False}",42,0.075,0.48,-0.141,0.171,13,29,1.24,-4.9,5.0,-0.141
XAUUSD,Breakout + retest (limit order),BRT,1h,"{'tf': '1h', 'stop': 'mid', 'rr': 3, 'bias': True}",27,0.185,0.52,-0.083,0.369,11,16,1.64,-3.6,5.0,-0.083
XAUUSD,Breakout + retest (limit order),BRT,1h,"{'tf': '1h', 'stop': 'bar', 'rr': 2, 'bias': False}",43,-0.293,0.28,-0.331,-0.276,13,30,0.57,-13.0,7.0,-0.331
XAUUSD,Breakout + retest (limit order),BRT,1h,"{'tf': '1h', 'stop': 'bar', 'rr': 2, 'bias': True}",28,-0.22,0.29,-0.185,-0.242,11,17,0.68,-8.0,8.0,-0.242
XAUUSD,Breakout + retest (limit order),BRT,1h,"{'tf': '1h', 'stop': 'bar', 'rr': 3, 'bias': False}",43,-0.235,0.28,-0.177,-0.26,13,30,0.65,-14.1,7.0,-0.26
XAUUSD,Breakout + retest (limit order),BRT,1h,"{'tf': '1h', 'stop': 'bar', 'rr': 3, 'bias': True}",28,-0.097,0.29,-0.003,-0.158,11,17,0.86,-9.1,8.0,-0.158
XAUUSD,NY draw to London high/low,LDR,5min,"{'tf': '5min', 'rr': 2}",59,-0.123,0.32,0.113,-0.368,30,29,0.83,-13.6,9.0,-0.368
XAUUSD,NY draw to London high/low,LDR,5min,"{'tf': '5min', 'rr': 3}",31,-0.195,0.26,0.137,-0.468,14,17,0.76,-10.9,7.0,-0.468
XAUUSD,NY draw to London high/low,LDR,15min,"{'tf': '15min', 'rr': 2}",11,-0.079,0.36,0.24,-0.46,6,5,0.88,-2.8,2.0,-0.46
XAUUSD,NY draw to London high/low,LDR,15min,"{'tf': '15min', 'rr': 3}",2,-1.041,0.0,-1.045,-1.038,1,1,0.0,-1.0,2.0,-1.045
XAUUSD,NY draw to London high/low,LDR,30min,"{'tf': '30min', 'rr': 2}",2,0.446,0.5,0.0,0.446,0,2,1.86,-1.0,1.0,0.0
XAUUSD,NY draw to London high/low,LDR,30min,"{'tf': '30min', 'rr': 3}",0,0.0,,0.0,0.0,0,0,,,,0.0
XAUUSD,VWAP pullback,VWP,5min,"{'tf': '5min', 'win': 'W1', 'rr': 2, 'anchor': 'day'}",117,0.006,0.38,0.123,-0.097,55,62,1.01,-13.8,7.0,-0.097
XAUUSD,VWAP pullback,VWP,5min,"{'tf': '5min', 'win': 'W1', 'rr': 2, 'anchor': 'ny'}",0,0.0,,0.0,0.0,0,0,,,,0.0
XAUUSD,VWAP pullback,VWP,5min,"{'tf': '5min', 'win': 'W1', 'rr': 3, 'anchor': 'day'}",117,0.091,0.32,0.214,-0.019,55,62,1.12,-13.4,9.0,-0.019
XAUUSD,VWAP pullback,VWP,5min,"{'tf': '5min', 'win': 'W1', 'rr': 3, 'anchor': 'ny'}",0,0.0,,0.0,0.0,0,0,,,,0.0
XAUUSD,VWAP pullback,VWP,5min,"{'tf': '5min', 'win': 'W2', 'rr': 2, 'anchor': 'day'}",101,-0.162,0.31,-0.37,0.13,59,42,0.78,-23.6,9.0,-0.37
XAUUSD,VWAP pullback,VWP,5min,"{'tf': '5min', 'win': 'W2', 'rr': 2, 'anchor': 'ny'}",195,0.1,0.39,0.281,-0.035,83,112,1.16,-14.1,10.0,-0.035
XAUUSD,VWAP pullback,VWP,5min,"{'tf': '5min', 'win': 'W2', 'rr': 3, 'anchor': 'day'}",101,-0.039,0.28,-0.275,0.292,59,42,0.95,-21.5,9.0,-0.275
XAUUSD,VWAP pullback,VWP,5min,"{'tf': '5min', 'win': 'W2', 'rr': 3, 'anchor': 'ny'}",195,0.019,0.32,0.267,-0.164,83,112,1.03,-21.2,11.0,-0.164
XAUUSD,VWAP pullback,VWP,15min,"{'tf': '15min', 'win': 'W1', 'rr': 2, 'anchor': 'day'}",95,-0.139,0.32,-0.007,-0.268,47,48,0.79,-26.5,8.0,-0.268
XAUUSD,VWAP pullback,VWP,15min,"{'tf': '15min', 'win': 'W1', 'rr': 2, 'anchor': 'ny'}",0,0.0,,0.0,0.0,0,0,,,,0.0
XAUUSD,VWAP pullback,VWP,15min,"{'tf': '15min', 'win': 'W1', 'rr': 3, 'anchor': 'day'}",95,-0.12,0.28,0.044,-0.281,47,48,0.83,-28.7,8.0,-0.281
XAUUSD,VWAP pullback,VWP,15min,"{'tf': '15min', 'win': 'W1', 'rr': 3, 'anchor': 'ny'}",0,0.0,,0.0,0.0,0,0,,,,0.0
XAUUSD,VWAP pullback,VWP,15min,"{'tf': '15min', 'win': 'W2', 'rr': 2, 'anchor': 'day'}",89,-0.202,0.33,-0.3,-0.076,50,39,0.7,-19.1,7.0,-0.3
XAUUSD,VWAP pullback,VWP,15min,"{'tf': '15min', 'win': 'W2', 'rr': 2, 'anchor': 'ny'}",144,-0.017,0.41,-0.066,0.019,60,84,0.97,-11.0,8.0,-0.066
XAUUSD,VWAP pullback,VWP,15min,"{'tf': '15min', 'win': 'W2', 'rr': 3, 'anchor': 'day'}",89,-0.143,0.31,-0.305,0.065,50,39,0.79,-17.3,7.0,-0.305
XAUUSD,VWAP pullback,VWP,15min,"{'tf': '15min', 'win': 'W2', 'rr': 3, 'anchor': 'ny'}",144,-0.044,0.39,-0.067,-0.028,60,84,0.92,-12.1,8.0,-0.067
XAUUSD,VWAP pullback,VWP,30min,"{'tf': '30min', 'win': 'W1', 'rr': 2, 'anchor': 'day'}",73,-0.039,0.4,0.137,-0.24,39,34,0.92,-17.0,11.0,-0.24
XAUUSD,VWAP pullback,VWP,30min,"{'tf': '30min', 'win': 'W1', 'rr': 2, 'anchor': 'ny'}",0,0.0,,0.0,0.0,0,0,,,,0.0
XAUUSD,VWAP pullback,VWP,30min,"{'tf': '30min', 'win': 'W1', 'rr': 3, 'anchor': 'day'}",73,-0.022,0.37,0.098,-0.16,39,34,0.96,-18.0,11.0,-0.16
XAUUSD,VWAP pullback,VWP,30min,"{'tf': '30min', 'win': 'W1', 'rr': 3, 'anchor': 'ny'}",0,0.0,,0.0,0.0,0,0,,,,0.0
XAUUSD,VWAP pullback,VWP,30min,"{'tf': '30min', 'win': 'W2', 'rr': 2, 'anchor': 'day'}",80,0.06,0.45,-0.08,0.232,44,36,1.12,-11.3,6.0,-0.08
XAUUSD,VWAP pullback,VWP,30min,"{'tf': '30min', 'win': 'W2', 'rr': 2, 'anchor': 'ny'}",107,0.017,0.45,-0.274,0.131,30,77,1.04,-8.2,5.0,-0.274
XAUUSD,VWAP pullback,VWP,30min,"{'tf': '30min', 'win': 'W2', 'rr': 3, 'anchor': 'day'}",80,0.043,0.41,-0.152,0.281,44,36,1.08,-10.3,6.0,-0.152
XAUUSD,VWAP pullback,VWP,30min,"{'tf': '30min', 'win': 'W2', 'rr': 3, 'anchor': 'ny'}",107,0.009,0.44,-0.355,0.15,30,77,1.02,-10.6,5.0,-0.355
XAUUSD,Fair value gap retrace (limit),FVG,5min,"{'tf': '5min', 'win': 'W1', 'rr': 2}",216,-0.164,0.31,-0.061,-0.253,100,116,0.78,-46.6,15.0,-0.253
XAUUSD,Fair value gap retrace (limit),FVG,5min,"{'tf': '5min', 'win': 'W1', 'rr': 3}",216,-0.208,0.24,-0.131,-0.274,100,116,0.75,-65.7,22.0,-0.274
XAUUSD,Fair value gap retrace (limit),FVG,5min,"{'tf': '5min', 'win': 'W2', 'rr': 2}",191,-0.111,0.32,-0.043,-0.17,89,102,0.84,-35.8,13.0,-0.17
XAUUSD,Fair value gap retrace (limit),FVG,5min,"{'tf': '5min', 'win': 'W2', 'rr': 3}",191,-0.193,0.24,-0.129,-0.25,89,102,0.76,-56.6,14.0,-0.25
XAUUSD,Fair value gap retrace (limit),FVG,15min,"{'tf': '15min', 'win': 'W1', 'rr': 2}",102,-0.43,0.23,-0.508,-0.339,55,47,0.45,-48.1,8.0,-0.508
XAUUSD,Fair value gap retrace (limit),FVG,15min,"{'tf': '15min', 'win': 'W1', 'rr': 3}",102,-0.402,0.22,-0.463,-0.331,55,47,0.49,-44.6,8.0,-0.463
XAUUSD,Fair value gap retrace (limit),FVG,15min,"{'tf': '15min', 'win': 'W2', 'rr': 2}",86,-0.009,0.37,0.196,-0.18,39,47,0.98,-14.0,7.0,-0.18
XAUUSD,Fair value gap retrace (limit),FVG,15min,"{'tf': '15min', 'win': 'W2', 'rr': 3}",86,0.041,0.35,0.222,-0.108,39,47,1.07,-11.6,7.0,-0.108
XAUUSD,Fair value gap retrace (limit),FVG,30min,"{'tf': '30min', 'win': 'W1', 'rr': 2}",47,-0.191,0.34,-0.385,-0.005,23,24,0.67,-10.4,5.0,-0.385
XAUUSD,Fair value gap retrace (limit),FVG,30min,"{'tf': '30min', 'win': 'W1', 'rr': 3}",47,-0.212,0.32,-0.472,0.036,23,24,0.65,-10.0,5.0,-0.472
XAUUSD,Fair value gap retrace (limit),FVG,30min,"{'tf': '30min', 'win': 'W2', 'rr': 2}",45,0.439,0.58,0.684,0.103,26,19,2.16,-2.1,2.0,0.103
XAUUSD,Fair value gap retrace (limit),FVG,30min,"{'tf': '30min', 'win': 'W2', 'rr': 3}",45,0.485,0.58,0.821,0.027,26,19,2.29,-2.1,2.0,0.027
XAUUSD,Fair value gap retrace (limit),FVG,1h,"{'tf': '1h', 'win': 'W1', 'rr': 2}",7,0.1,0.43,-0.182,0.475,4,3,1.42,-0.5,1.0,-0.182
XAUUSD,Fair value gap retrace (limit),FVG,1h,"{'tf': '1h', 'win': 'W1', 'rr': 3}",7,0.098,0.43,-0.182,0.471,4,3,1.41,-0.5,1.0,-0.182
XAUUSD,Fair value gap retrace (limit),FVG,1h,"{'tf': '1h', 'win': 'W2', 'rr': 2}",10,0.183,0.4,0.255,0.111,5,5,1.47,-1.1,2.0,0.111
XAUUSD,Fair value gap retrace (limit),FVG,1h,"{'tf': '1h', 'win': 'W2', 'rr': 3}",10,0.183,0.4,0.255,0.111,5,5,1.46,-1.1,2.0,0.111
NAS100,Asian sweep reversal,ASR,5min,"{'tf': '5min', 'win': 'W1', 'rr': 2, 'bias': False}",188,-0.179,0.31,-0.193,-0.165,91,97,0.76,-47.5,10.0,-0.193
NAS100,Asian sweep reversal,ASR,5min,"{'tf': '5min', 'win': 'W1', 'rr': 2, 'bias': True}",78,-0.253,0.28,-0.356,-0.154,38,40,0.67,-29.0,10.0,-0.356
NAS100,Asian sweep reversal,ASR,5min,"{'tf': '5min', 'win': 'BOTH', 'rr': 2, 'bias': False}",225,-0.135,0.32,-0.124,-0.144,105,120,0.81,-42.8,13.0,-0.144
NAS100,Asian sweep reversal,ASR,5min,"{'tf': '5min', 'win': 'BOTH', 'rr': 2, 'bias': True}",133,-0.193,0.3,-0.354,-0.056,61,72,0.73,-29.3,15.0,-0.354
NAS100,Asian sweep reversal,ASR,15min,"{'tf': '15min', 'win': 'W1', 'rr': 2, 'bias': False}",169,-0.13,0.34,-0.16,-0.1,85,84,0.81,-32.1,10.0,-0.16
NAS100,Asian sweep reversal,ASR,15min,"{'tf': '15min', 'win': 'W1', 'rr': 2, 'bias': True}",69,-0.286,0.28,-0.315,-0.259,33,36,0.62,-26.8,10.0,-0.315
NAS100,Asian sweep reversal,ASR,15min,"{'tf': '15min', 'win': 'BOTH', 'rr': 2, 'bias': False}",210,-0.078,0.37,-0.018,-0.132,100,110,0.88,-30.6,10.0,-0.132
NAS100,Asian sweep reversal,ASR,15min,"{'tf': '15min', 'win': 'BOTH', 'rr': 2, 'bias': True}",122,-0.152,0.34,-0.112,-0.186,56,66,0.76,-22.5,9.0,-0.186
NAS100,Asian sweep reversal,ASR,30min,"{'tf': '30min', 'win': 'W1', 'rr': 2, 'bias': False}",154,-0.033,0.36,-0.08,0.016,78,76,0.95,-17.4,6.0,-0.08
NAS100,Asian sweep reversal,ASR,30min,"{'tf': '30min', 'win': 'W1', 'rr': 2, 'bias': True}",60,-0.152,0.32,-0.249,-0.061,29,31,0.77,-18.3,10.0,-0.249
NAS100,Asian sweep reversal,ASR,30min,"{'tf': '30min', 'win': 'BOTH', 'rr': 2, 'bias': False}",195,-0.014,0.37,0.014,-0.041,97,98,0.98,-17.8,8.0,-0.041
NAS100,Asian sweep reversal,ASR,30min,"{'tf': '30min', 'win': 'BOTH', 'rr': 2, 'bias': True}",109,-0.092,0.36,-0.119,-0.064,54,55,0.84,-14.1,7.0,-0.119
NAS100,Asian sweep reversal,ASR,1h,"{'tf': '1h', 'win': 'W1', 'rr': 2, 'bias': False}",125,-0.065,0.36,-0.025,-0.112,68,57,0.89,-16.8,6.0,-0.112
NAS100,Asian sweep reversal,ASR,1h,"{'tf': '1h', 'win': 'W1', 'rr': 2, 'bias': True}",43,-0.043,0.37,-0.105,0.011,20,23,0.93,-8.1,8.0,-0.105
NAS100,Asian sweep reversal,ASR,1h,"{'tf': '1h', 'win': 'BOTH', 'rr': 2, 'bias': False}",165,-0.016,0.39,0.047,-0.089,88,77,0.97,-14.9,8.0,-0.089
NAS100,Asian sweep reversal,ASR,1h,"{'tf': '1h', 'win': 'BOTH', 'rr': 2, 'bias': True}",83,-0.019,0.43,-0.016,-0.022,41,42,0.96,-8.7,6.0,-0.022
NAS100,Asian sweep reversal,ASR,5min,"{'tf': '5min', 'win': 'W1', 'rr': 3, 'bias': True}",78,-0.308,0.23,-0.312,-0.304,38,40,0.63,-35.1,12.0,-0.312
NAS100,Asian sweep reversal,ASR,15min,"{'tf': '15min', 'win': 'W1', 'rr': 3, 'bias': True}",69,-0.152,0.26,-0.285,-0.03,33,36,0.8,-19.5,10.0,-0.285
NAS100,Asian sweep reversal,ASR,30min,"{'tf': '30min', 'win': 'W1', 'rr': 3, 'bias': True}",60,-0.081,0.3,-0.302,0.126,29,31,0.88,-14.6,10.0,-0.302
NAS100,Asian sweep reversal,ASR,1h,"{'tf': '1h', 'win': 'W1', 'rr': 3, 'bias': True}",43,-0.012,0.35,-0.116,0.079,20,23,0.98,-10.1,8.0,-0.116
NAS100,London breakout (Asian box),ABO,15min,"{'tf': '15min', 'win': 'W1', 'rr': 2, 'bias': False}",194,-0.081,0.46,-0.135,-0.027,98,96,0.81,-22.0,11.0,-0.135
NAS100,London breakout (Asian box),ABO,15min,"{'tf': '15min', 'win': 'W1', 'rr': 2, 'bias': True}",136,-0.096,0.43,-0.167,-0.028,67,69,0.78,-17.9,10.0,-0.167
NAS100,London breakout (Asian box),ABO,15min,"{'tf': '15min', 'win': 'W1', 'rr': 3, 'bias': False}",194,-0.074,0.46,-0.142,-0.004,98,96,0.83,-21.9,11.0,-0.142
NAS100,London breakout (Asian box),ABO,15min,"{'tf': '15min', 'win': 'W1', 'rr': 3, 'bias': True}",136,-0.089,0.43,-0.174,-0.005,67,69,0.8,-17.4,10.0,-0.174
NAS100,London breakout (Asian box),ABO,30min,"{'tf': '30min', 'win': 'W1', 'rr': 2, 'bias': False}",175,-0.082,0.46,-0.137,-0.026,88,87,0.79,-20.3,10.0,-0.137
NAS100,London breakout (Asian box),ABO,30min,"{'tf': '30min', 'win': 'W1', 'rr': 2, 'bias': True}",126,-0.063,0.46,-0.141,0.007,59,67,0.84,-15.0,8.0,-0.141
NAS100,London breakout (Asian box),ABO,30min,"{'tf': '30min', 'win': 'W1', 'rr': 3, 'bias': False}",175,-0.079,0.46,-0.141,-0.015,88,87,0.8,-19.7,10.0,-0.141
NAS100,London breakout (Asian box),ABO,30min,"{'tf': '30min', 'win': 'W1', 'rr': 3, 'bias': True}",126,-0.066,0.46,-0.164,0.02,59,67,0.83,-15.4,8.0,-0.164
NAS100,London breakout (Asian box),ABO,1h,"{'tf': '1h', 'win': 'W1', 'rr': 2, 'bias': False}",149,-0.06,0.44,-0.124,0.004,74,75,0.84,-15.0,8.0,-0.124
NAS100,London breakout (Asian box),ABO,1h,"{'tf': '1h', 'win': 'W1', 'rr': 2, 'bias': True}",115,-0.085,0.41,-0.197,0.01,53,62,0.78,-17.6,7.0,-0.197
NAS100,London breakout (Asian box),ABO,1h,"{'tf': '1h', 'win': 'W1', 'rr': 3, 'bias': False}",149,-0.071,0.44,-0.145,0.002,74,75,0.81,-16.8,8.0,-0.145
NAS100,London breakout (Asian box),ABO,1h,"{'tf': '1h', 'win': 'W1', 'rr': 3, 'bias': True}",115,-0.08,0.41,-0.183,0.008,53,62,0.79,-17.1,7.0,-0.183
NAS100,London breakout (Asian box),ABO,5min,"{'tf': '5min', 'win': 'W1', 'rr': 2, 'bias': True}",136,-0.075,0.45,-0.146,-0.006,67,69,0.83,-17.6,8.0,-0.146
NAS100,NY opening-range breakout,ORB,5min,"{'or_min': 15, 'tf': '5min', 'rr': 2, 'bias': False}",214,-0.004,0.38,0.231,-0.159,85,129,0.99,-36.4,11.0,-0.159
NAS100,NY opening-range breakout,ORB,5min,"{'or_min': 15, 'tf': '5min', 'rr': 2, 'bias': True}",127,-0.081,0.38,0.168,-0.2,41,86,0.87,-27.7,11.0,-0.2
NAS100,NY opening-range breakout,ORB,5min,"{'or_min': 15, 'tf': '5min', 'rr': 3, 'bias': False}",214,-0.028,0.35,0.205,-0.181,85,129,0.95,-39.7,14.0,-0.181
NAS100,NY opening-range breakout,ORB,5min,"{'or_min': 15, 'tf': '5min', 'rr': 3, 'bias': True}",127,-0.103,0.35,0.123,-0.21,41,86,0.84,-27.8,11.0,-0.21
NAS100,NY opening-range breakout,ORB,15min,"{'or_min': 15, 'tf': '15min', 'rr': 2, 'bias': False}",184,-0.015,0.42,0.008,-0.029,69,115,0.97,-15.3,6.0,-0.029
NAS100,NY opening-range breakout,ORB,15min,"{'or_min': 15, 'tf': '15min', 'rr': 2, 'bias': True}",132,-0.042,0.42,0.037,-0.087,48,84,0.92,-16.9,5.0,-0.087
NAS100,NY opening-range breakout,ORB,15min,"{'or_min': 15, 'tf': '15min', 'rr': 3, 'bias': False}",184,-0.015,0.41,0.015,-0.032,69,115,0.97,-15.8,8.0,-0.032
NAS100,NY opening-range breakout,ORB,15min,"{'or_min': 15, 'tf': '15min', 'rr': 3, 'bias': True}",132,-0.039,0.42,0.08,-0.107,48,84,0.93,-19.0,8.0,-0.107
NAS100,NY opening-range breakout,ORB,5min,"{'or_min': 30, 'tf': '5min', 'rr': 2, 'bias': False}",131,-0.15,0.36,-0.26,-0.126,23,108,0.74,-21.7,6.0,-0.26
NAS100,NY opening-range breakout,ORB,5min,"{'or_min': 30, 'tf': '5min', 'rr': 2, 'bias': True}",84,-0.121,0.38,-0.4,-0.056,16,68,0.79,-14.9,10.0,-0.4
NAS100,NY opening-range breakout,ORB,5min,"{'or_min': 30, 'tf': '5min', 'rr': 3, 'bias': False}",131,-0.18,0.34,-0.299,-0.155,23,108,0.7,-24.7,6.0,-0.299
NAS100,NY opening-range breakout,ORB,5min,"{'or_min': 30, 'tf': '5min', 'rr': 3, 'bias': True}",84,-0.146,0.37,-0.449,-0.074,16,68,0.75,-14.7,10.0,-0.449
NAS100,NY opening-range breakout,ORB,15min,"{'or_min': 30, 'tf': '15min', 'rr': 2, 'bias': False}",114,-0.069,0.39,-0.219,-0.042,18,96,0.87,-12.4,7.0,-0.219
NAS100,NY opening-range breakout,ORB,15min,"{'or_min': 30, 'tf': '15min', 'rr': 2, 'bias': True}",75,-0.081,0.4,-0.364,-0.015,14,61,0.85,-11.7,8.0,-0.364
NAS100,NY opening-range breakout,ORB,15min,"{'or_min': 30, 'tf': '15min', 'rr': 3, 'bias': False}",114,-0.119,0.37,-0.268,-0.091,18,96,0.78,-17.3,7.0,-0.268
NAS100,NY opening-range breakout,ORB,15min,"{'or_min': 30, 'tf': '15min', 'rr': 3, 'bias': True}",75,-0.079,0.4,-0.42,-0.0,14,61,0.85,-10.9,8.0,-0.42
NAS100,Trend pullback (EMA20 + 1H EMA50),TPB,5min,"{'tf': '5min', 'win': 'W1', 'rr': 2}",227,-0.077,0.35,-0.088,-0.066,108,119,0.89,-27.5,7.0,-0.088
NAS100,Trend pullback (EMA20 + 1H EMA50),TPB,5min,"{'tf': '5min', 'win': 'W1', 'rr': 3}",227,-0.138,0.27,-0.204,-0.078,108,119,0.82,-44.0,10.0,-0.204
NAS100,Trend pullback (EMA20 + 1H EMA50),TPB,5min,"{'tf': '5min', 'win': 'W2', 'rr': 2}",226,-0.005,0.38,-0.073,0.055,107,119,0.99,-16.2,8.0,-0.073
NAS100,Trend pullback (EMA20 + 1H EMA50),TPB,5min,"{'tf': '5min', 'win': 'W2', 'rr': 3}",226,-0.086,0.31,-0.184,0.003,107,119,0.88,-32.5,10.0,-0.184
NAS100,Trend pullback (EMA20 + 1H EMA50),TPB,15min,"{'tf': '15min', 'win': 'W1', 'rr': 2}",151,-0.055,0.38,-0.147,0.032,74,77,0.91,-25.0,25.0,-0.147
NAS100,Trend pullback (EMA20 + 1H EMA50),TPB,15min,"{'tf': '15min', 'win': 'W1', 'rr': 3}",151,-0.063,0.35,-0.231,0.098,74,77,0.9,-27.4,25.0,-0.231
NAS100,Trend pullback (EMA20 + 1H EMA50),TPB,15min,"{'tf': '15min', 'win': 'W2', 'rr': 2}",162,-0.033,0.4,-0.022,-0.042,77,85,0.94,-19.6,6.0,-0.042
NAS100,Trend pullback (EMA20 + 1H EMA50),TPB,15min,"{'tf': '15min', 'win': 'W2', 'rr': 3}",162,0.033,0.38,0.093,-0.022,77,85,1.05,-18.3,6.0,-0.022
NAS100,Trend pullback (EMA20 + 1H EMA50),TPB,30min,"{'tf': '30min', 'win': 'W1', 'rr': 2}",91,-0.007,0.4,-0.293,0.239,42,49,0.99,-18.1,9.0,-0.293
NAS100,Trend pullback (EMA20 + 1H EMA50),TPB,30min,"{'tf': '30min', 'win': 'W1', 'rr': 3}",91,0.016,0.37,-0.215,0.214,42,49,1.03,-16.1,9.0,-0.215
NAS100,Trend pullback (EMA20 + 1H EMA50),TPB,30min,"{'tf': '30min', 'win': 'W2', 'rr': 2}",107,0.186,0.46,0.244,0.135,50,57,1.39,-7.3,8.0,0.135
NAS100,Trend pullback (EMA20 + 1H EMA50),TPB,30min,"{'tf': '30min', 'win': 'W2', 'rr': 3}",107,0.164,0.41,0.278,0.064,50,57,1.32,-8.5,8.0,0.064
NAS100,Trend pullback (EMA20 + 1H EMA50),TPB,1h,"{'tf': '1h', 'win': 'W1', 'rr': 2}",51,-0.099,0.37,-0.171,-0.019,27,24,0.8,-11.0,8.0,-0.171
NAS100,Trend pullback (EMA20 + 1H EMA50),TPB,1h,"{'tf': '1h', 'win': 'W1', 'rr': 3}",51,-0.121,0.35,-0.262,0.037,27,24,0.77,-14.5,8.0,-0.262
NAS100,Trend pullback (EMA20 + 1H EMA50),TPB,1h,"{'tf': '1h', 'win': 'W2', 'rr': 2}",67,-0.042,0.46,-0.048,-0.035,36,31,0.91,-11.5,7.0,-0.048
NAS100,Trend pullback (EMA20 + 1H EMA50),TPB,1h,"{'tf': '1h', 'win': 'W2', 'rr': 3}",67,-0.093,0.45,-0.064,-0.126,36,31,0.81,-13.2,7.0,-0.126
NAS100,Key level sweep reversal,LSR,5min,"{'tf': '5min', 'win': 'W2', 'rr': 2, 'bias': False, 'level': 'london'}",192,0.001,0.36,-0.043,0.041,90,102,1.0,-22.3,13.0,-0.043
NAS100,Key level sweep reversal,LSR,5min,"{'tf': '5min', 'win': 'W2', 'rr': 2, 'bias': True, 'level': 'london'}",95,-0.085,0.34,0.02,-0.175,44,51,0.87,-14.2,11.0,-0.175
NAS100,Key level sweep reversal,LSR,5min,"{'tf': '5min', 'win': 'W2', 'rr': 3, 'bias': False, 'level': 'london'}",192,-0.069,0.3,-0.03,-0.103,90,102,0.9,-22.3,13.0,-0.103
NAS100,Key level sweep reversal,LSR,5min,"{'tf': '5min', 'win': 'W2', 'rr': 3, 'bias': True, 'level': 'london'}",95,-0.089,0.28,-0.092,-0.086,44,51,0.87,-14.2,14.0,-0.092
NAS100,Key level sweep reversal,LSR,15min,"{'tf': '15min', 'win': 'W2', 'rr': 2, 'bias': False, 'level': 'london'}",158,-0.163,0.35,-0.129,-0.194,74,84,0.72,-29.0,9.0,-0.194
NAS100,Key level sweep reversal,LSR,15min,"{'tf': '15min', 'win': 'W2', 'rr': 2, 'bias': True, 'level': 'london'}",76,-0.069,0.39,-0.028,-0.104,35,41,0.87,-10.9,10.0,-0.104
NAS100,Key level sweep reversal,LSR,15min,"{'tf': '15min', 'win': 'W2', 'rr': 3, 'bias': False, 'level': 'london'}",158,-0.209,0.32,-0.187,-0.229,74,84,0.66,-35.3,9.0,-0.229
NAS100,Key level sweep reversal,LSR,15min,"{'tf': '15min', 'win': 'W2', 'rr': 3, 'bias': True, 'level': 'london'}",76,-0.16,0.36,-0.284,-0.055,35,41,0.73,-11.5,10.0,-0.284
NAS100,Key level sweep reversal,LSR,30min,"{'tf': '30min', 'win': 'W2', 'rr': 2, 'bias': False, 'level': 'london'}",131,-0.144,0.37,-0.066,-0.218,64,67,0.73,-20.6,12.0,-0.218
NAS100,Key level sweep reversal,LSR,30min,"{'tf': '30min', 'win': 'W2', 'rr': 2, 'bias': True, 'level': 'london'}",69,-0.036,0.42,-0.013,-0.057,34,35,0.93,-9.9,7.0,-0.057
NAS100,Key level sweep reversal,LSR,30min,"{'tf': '30min', 'win': 'W2', 'rr': 3, 'bias': False, 'level': 'london'}",131,-0.149,0.35,-0.086,-0.21,64,67,0.73,-20.7,12.0,-0.21
NAS100,Key level sweep reversal,LSR,30min,"{'tf': '30min', 'win': 'W2', 'rr': 3, 'bias': True, 'level': 'london'}",69,-0.168,0.39,-0.237,-0.1,34,35,0.68,-11.7,7.0,-0.237
NAS100,Key level sweep reversal,LSR,15min,"{'tf': '15min', 'win': 'BOTH', 'rr': 2, 'bias': False, 'level': 'pd'}",131,-0.122,0.38,-0.052,-0.164,49,82,0.75,-21.4,8.0,-0.164
NAS100,Key level sweep reversal,LSR,15min,"{'tf': '15min', 'win': 'BOTH', 'rr': 2, 'bias': True, 'level': 'pd'}",26,-0.274,0.35,0.145,-0.46,8,18,0.53,-10.1,5.0,-0.46
NAS100,Key level sweep reversal,LSR,15min,"{'tf': '15min', 'win': 'BOTH', 'rr': 3, 'bias': False, 'level': 'pd'}",131,-0.162,0.35,-0.027,-0.243,49,82,0.69,-28.3,9.0,-0.243
NAS100,Key level sweep reversal,LSR,15min,"{'tf': '15min', 'win': 'BOTH', 'rr': 3, 'bias': True, 'level': 'pd'}",26,-0.197,0.35,0.395,-0.46,8,18,0.66,-10.1,5.0,-0.46
NAS100,Key level sweep reversal,LSR,30min,"{'tf': '30min', 'win': 'BOTH', 'rr': 2, 'bias': False, 'level': 'pd'}",115,-0.086,0.38,0.066,-0.171,41,74,0.8,-15.8,7.0,-0.171
NAS100,Key level sweep reversal,LSR,30min,"{'tf': '30min', 'win': 'BOTH', 'rr': 2, 'bias': True, 'level': 'pd'}",27,-0.051,0.41,0.2,-0.251,12,15,0.89,-7.0,3.0,-0.251
NAS100,Key level sweep reversal,LSR,30min,"{'tf': '30min', 'win': 'BOTH', 'rr': 3, 'bias': False, 'level': 'pd'}",115,-0.065,0.37,0.091,-0.152,41,74,0.86,-15.4,7.0,-0.152
NAS100,Key level sweep reversal,LSR,30min,"{'tf': '30min', 'win': 'BOTH', 'rr': 3, 'bias': True, 'level': 'pd'}",27,-0.038,0.41,0.213,-0.238,12,15,0.92,-7.0,3.0,-0.238
NAS100,Key level sweep reversal,LSR,1h,"{'tf': '1h', 'win': 'BOTH', 'rr': 2, 'bias': False, 'level': 'pd'}",97,-0.115,0.33,0.011,-0.186,35,62,0.73,-15.4,9.0,-0.186
NAS100,Key level sweep reversal,LSR,1h,"{'tf': '1h', 'win': 'BOTH', 'rr': 2, 'bias': True, 'level': 'pd'}",26,-0.165,0.31,-0.079,-0.25,13,13,0.64,-5.3,5.0,-0.25
NAS100,Key level sweep reversal,LSR,1h,"{'tf': '1h', 'win': 'BOTH', 'rr': 3, 'bias': False, 'level': 'pd'}",97,-0.069,0.33,0.046,-0.134,35,62,0.84,-14.2,9.0,-0.134
NAS100,Key level sweep reversal,LSR,1h,"{'tf': '1h', 'win': 'BOTH', 'rr': 3, 'bias': True, 'level': 'pd'}",26,-0.186,0.31,-0.138,-0.235,13,13,0.59,-6.1,5.0,-0.235
NAS100,NY open fade,NYF,5min,"{'tf': '5min', 'k': 0.2, 'rr': 2}",133,0.154,0.42,-0.192,0.355,49,84,1.27,-18.1,9.0,-0.192
NAS100,NY open fade,NYF,5min,"{'tf': '5min', 'k': 0.2, 'rr': 3}",133,-0.041,0.32,-0.494,0.224,49,84,0.94,-30.2,15.0,-0.494
NAS100,NY open fade,NYF,5min,"{'tf': '5min', 'k': 0.3, 'rr': 2}",82,0.319,0.5,0.002,0.474,27,55,1.63,-5.8,5.0,0.002
NAS100,NY open fade,NYF,5min,"{'tf': '5min', 'k': 0.3, 'rr': 3}",82,0.116,0.39,-0.249,0.295,27,55,1.19,-12.7,6.0,-0.249
NAS100,NY open fade,NYF,15min,"{'tf': '15min', 'k': 0.2, 'rr': 2}",57,-0.151,0.35,0.068,-0.269,20,37,0.75,-14.8,5.0,-0.269
NAS100,NY open fade,NYF,15min,"{'tf': '15min', 'k': 0.2, 'rr': 3}",57,-0.227,0.3,-0.032,-0.332,20,37,0.65,-17.2,5.0,-0.332
NAS100,NY open fade,NYF,15min,"{'tf': '15min', 'k': 0.3, 'rr': 2}",31,-0.125,0.35,-0.264,-0.068,9,22,0.79,-6.4,7.0,-0.264
NAS100,NY open fade,NYF,15min,"{'tf': '15min', 'k': 0.3, 'rr': 3}",31,-0.265,0.29,-0.486,-0.174,9,22,0.6,-7.2,7.0,-0.486
NAS100,Breakout + retest (limit order),BRT,15min,"{'tf': '15min', 'stop': 'mid', 'rr': 2, 'bias': False}",162,-0.081,0.45,-0.132,-0.026,84,78,0.83,-18.7,10.0,-0.132
NAS100,Breakout + retest (limit order),BRT,15min,"{'tf': '15min', 'stop': 'mid', 'rr': 2, 'bias': True}",100,-0.146,0.44,-0.217,-0.07,52,48,0.7,-21.0,8.0,-0.217
NAS100,Breakout + retest (limit order),BRT,15min,"{'tf': '15min', 'stop': 'mid', 'rr': 3, 'bias': False}",162,-0.056,0.45,-0.122,0.015,84,78,0.88,-16.5,10.0,-0.122
NAS100,Breakout + retest (limit order),BRT,15min,"{'tf': '15min', 'stop': 'mid', 'rr': 3, 'bias': True}",100,-0.132,0.44,-0.221,-0.035,52,48,0.73,-20.2,8.0,-0.221
NAS100,Breakout + retest (limit order),BRT,15min,"{'tf': '15min', 'stop': 'bar', 'rr': 2, 'bias': False}",161,-0.294,0.27,-0.383,-0.197,84,77,0.63,-54.0,9.0,-0.383
NAS100,Breakout + retest (limit order),BRT,15min,"{'tf': '15min', 'stop': 'bar', 'rr': 2, 'bias': True}",99,-0.263,0.28,-0.256,-0.271,52,47,0.66,-33.8,12.0,-0.271
NAS100,Breakout + retest (limit order),BRT,15min,"{'tf': '15min', 'stop': 'bar', 'rr': 3, 'bias': False}",161,-0.15,0.25,-0.32,0.036,84,77,0.82,-41.0,10.0,-0.32
NAS100,Breakout + retest (limit order),BRT,15min,"{'tf': '15min', 'stop': 'bar', 'rr': 3, 'bias': True}",99,-0.162,0.24,-0.218,-0.101,52,47,0.8,-28.0,16.0,-0.218
NAS100,Breakout + retest (limit order),BRT,30min,"{'tf': '30min', 'stop': 'mid', 'rr': 2, 'bias': False}",127,-0.015,0.47,-0.139,0.127,68,59,0.97,-16.0,9.0,-0.139
NAS100,Breakout + retest (limit order),BRT,30min,"{'tf': '30min', 'stop': 'mid', 'rr': 2, 'bias': True}",78,-0.072,0.49,-0.205,0.082,42,36,0.84,-14.8,6.0,-0.205
NAS100,Breakout + retest (limit order),BRT,30min,"{'tf': '30min', 'stop': 'mid', 'rr': 3, 'bias': False}",127,0.003,0.47,-0.152,0.181,68,59,1.01,-17.9,9.0,-0.152
NAS100,Breakout + retest (limit order),BRT,30min,"{'tf': '30min', 'stop': 'mid', 'rr': 3, 'bias': True}",78,-0.066,0.49,-0.233,0.129,42,36,0.85,-16.0,6.0,-0.233
NAS100,Breakout + retest (limit order),BRT,30min,"{'tf': '30min', 'stop': 'bar', 'rr': 2, 'bias': False}",126,-0.077,0.34,-0.218,0.087,68,58,0.89,-23.8,8.0,-0.218
NAS100,Breakout + retest (limit order),BRT,30min,"{'tf': '30min', 'stop': 'bar', 'rr': 2, 'bias': True}",77,-0.16,0.32,-0.184,-0.132,42,35,0.78,-19.0,14.0,-0.184
NAS100,Breakout + retest (limit order),BRT,30min,"{'tf': '30min', 'stop': 'bar', 'rr': 3, 'bias': False}",126,0.091,0.32,-0.143,0.365,68,58,1.13,-19.1,8.0,-0.143
NAS100,Breakout + retest (limit order),BRT,30min,"{'tf': '30min', 'stop': 'bar', 'rr': 3, 'bias': True}",77,-0.038,0.3,-0.114,0.053,42,35,0.95,-17.7,14.0,-0.114
NAS100,Breakout + retest (limit order),BRT,1h,"{'tf': '1h', 'stop': 'mid', 'rr': 2, 'bias': False}",83,0.015,0.47,-0.153,0.224,46,37,1.03,-12.2,9.0,-0.153
NAS100,Breakout + retest (limit order),BRT,1h,"{'tf': '1h', 'stop': 'mid', 'rr': 2, 'bias': True}",49,-0.159,0.41,-0.346,0.09,28,21,0.67,-17.3,11.0,-0.346
NAS100,Breakout + retest (limit order),BRT,1h,"{'tf': '1h', 'stop': 'mid', 'rr': 3, 'bias': False}",83,0.032,0.47,-0.171,0.284,46,37,1.07,-13.4,9.0,-0.171
NAS100,Breakout + retest (limit order),BRT,1h,"{'tf': '1h', 'stop': 'mid', 'rr': 3, 'bias': True}",49,-0.156,0.41,-0.365,0.122,28,21,0.68,-17.8,11.0,-0.365
NAS100,Breakout + retest (limit order),BRT,1h,"{'tf': '1h', 'stop': 'bar', 'rr': 2, 'bias': False}",82,0.124,0.44,-0.204,0.543,46,36,1.21,-14.1,8.0,-0.204
NAS100,Breakout + retest (limit order),BRT,1h,"{'tf': '1h', 'stop': 'bar', 'rr': 2, 'bias': True}",48,-0.142,0.35,-0.554,0.436,28,20,0.79,-22.7,15.0,-0.554
NAS100,Breakout + retest (limit order),BRT,1h,"{'tf': '1h', 'stop': 'bar', 'rr': 3, 'bias': False}",82,0.238,0.39,-0.205,0.804,46,36,1.37,-14.6,9.0,-0.205
NAS100,Breakout + retest (limit order),BRT,1h,"{'tf': '1h', 'stop': 'bar', 'rr': 3, 'bias': True}",48,-0.035,0.31,-0.663,0.844,28,20,0.95,-25.4,15.0,-0.663
NAS100,NY draw to London high/low,LDR,5min,"{'tf': '5min', 'rr': 2}",59,-0.154,0.31,-0.159,-0.146,36,23,0.79,-17.0,10.0,-0.159
NAS100,NY draw to London high/low,LDR,5min,"{'tf': '5min', 'rr': 3}",36,-0.516,0.14,-0.527,-0.499,22,14,0.44,-24.2,17.0,-0.527
NAS100,NY draw to London high/low,LDR,15min,"{'tf': '15min', 'rr': 2}",9,-0.392,0.22,-0.392,0.0,9,0,0.52,-5.4,4.0,-0.392
NAS100,NY draw to London high/low,LDR,15min,"{'tf': '15min', 'rr': 3}",4,-0.069,0.25,-0.069,0.0,4,0,0.91,-3.2,3.0,-0.069
NAS100,NY draw to London high/low,LDR,30min,"{'tf': '30min', 'rr': 2}",2,0.45,0.5,0.45,0.0,2,0,1.86,0.0,1.0,0.0
NAS100,NY draw to London high/low,LDR,30min,"{'tf': '30min', 'rr': 3}",2,0.95,0.5,0.95,0.0,2,0,2.81,0.0,1.0,0.0
NAS100,VWAP pullback,VWP,5min,"{'tf': '5min', 'win': 'W1', 'rr': 2, 'anchor': 'day'}",122,-0.096,0.34,-0.142,-0.053,59,63,0.87,-14.5,7.0,-0.142
NAS100,VWAP pullback,VWP,5min,"{'tf': '5min', 'win': 'W1', 'rr': 2, 'anchor': 'ny'}",0,0.0,,0.0,0.0,0,0,,,,0.0
NAS100,VWAP pullback,VWP,5min,"{'tf': '5min', 'win': 'W1', 'rr': 3, 'anchor': 'day'}",122,0.05,0.3,-0.04,0.134,59,63,1.07,-15.1,10.0,-0.04
NAS100,VWAP pullback,VWP,5min,"{'tf': '5min', 'win': 'W1', 'rr': 3, 'anchor': 'ny'}",0,0.0,,0.0,0.0,0,0,,,,0.0
NAS100,VWAP pullback,VWP,5min,"{'tf': '5min', 'win': 'W2', 'rr': 2, 'anchor': 'day'}",139,0.009,0.37,0.024,-0.006,68,71,1.01,-12.6,11.0,-0.006
NAS100,VWAP pullback,VWP,5min,"{'tf': '5min', 'win': 'W2', 'rr': 2, 'anchor': 'ny'}",186,-0.084,0.35,-0.09,-0.079,80,106,0.87,-19.8,8.0,-0.09
NAS100,VWAP pullback,VWP,5min,"{'tf': '5min', 'win': 'W2', 'rr': 3, 'anchor': 'day'}",139,-0.012,0.31,0.041,-0.064,68,71,0.98,-13.5,11.0,-0.064
NAS100,VWAP pullback,VWP,5min,"{'tf': '5min', 'win': 'W2', 'rr': 3, 'anchor': 'ny'}",186,-0.163,0.31,-0.073,-0.231,80,106,0.76,-38.1,11.0,-0.231
NAS100,VWAP pullback,VWP,15min,"{'tf': '15min', 'win': 'W1', 'rr': 2, 'anchor': 'day'}",98,-0.077,0.36,-0.085,-0.07,44,54,0.88,-17.7,5.0,-0.085
NAS100,VWAP pullback,VWP,15min,"{'tf': '15min', 'win': 'W1', 'rr': 2, 'anchor': 'ny'}",0,0.0,,0.0,0.0,0,0,,,,0.0
NAS100,VWAP pullback,VWP,15min,"{'tf': '15min', 'win': 'W1', 'rr': 3, 'anchor': 'day'}",98,-0.032,0.35,0.028,-0.081,44,54,0.95,-14.9,6.0,-0.081
NAS100,VWAP pullback,VWP,15min,"{'tf': '15min', 'win': 'W1', 'rr': 3, 'anchor': 'ny'}",0,0.0,,0.0,0.0,0,0,,,,0.0
NAS100,VWAP pullback,VWP,15min,"{'tf': '15min', 'win': 'W2', 'rr': 2, 'anchor': 'day'}",107,0.001,0.36,-0.079,0.069,49,58,1.0,-9.4,8.0,-0.079
NAS100,VWAP pullback,VWP,15min,"{'tf': '15min', 'win': 'W2', 'rr': 2, 'anchor': 'ny'}",145,-0.057,0.39,0.1,-0.147,53,92,0.89,-16.6,8.0,-0.147
NAS100,VWAP pullback,VWP,15min,"{'tf': '15min', 'win': 'W2', 'rr': 3, 'anchor': 'day'}",107,0.002,0.31,0.003,0.001,49,58,1.0,-11.5,10.0,0.001
NAS100,VWAP pullback,VWP,15min,"{'tf': '15min', 'win': 'W2', 'rr': 3, 'anchor': 'ny'}",145,-0.08,0.38,0.004,-0.129,53,92,0.85,-19.2,8.0,-0.129
NAS100,VWAP pullback,VWP,30min,"{'tf': '30min', 'win': 'W1', 'rr': 2, 'anchor': 'day'}",82,0.08,0.43,-0.146,0.307,41,41,1.14,-9.5,6.0,-0.146
NAS100,VWAP pullback,VWP,30min,"{'tf': '30min', 'win': 'W1', 'rr': 2, 'anchor': 'ny'}",0,0.0,,0.0,0.0,0,0,,,,0.0
NAS100,VWAP pullback,VWP,30min,"{'tf': '30min', 'win': 'W1', 'rr': 3, 'anchor': 'day'}",82,0.086,0.39,-0.05,0.223,41,41,1.14,-8.4,6.0,-0.05
NAS100,VWAP pullback,VWP,30min,"{'tf': '30min', 'win': 'W1', 'rr': 3, 'anchor': 'ny'}",0,0.0,,0.0,0.0,0,0,,,,0.0
NAS100,VWAP pullback,VWP,30min,"{'tf': '30min', 'win': 'W2', 'rr': 2, 'anchor': 'day'}",83,-0.214,0.27,0.043,-0.432,38,45,0.67,-25.4,12.0,-0.432
NAS100,VWAP pullback,VWP,30min,"{'tf': '30min', 'win': 'W2', 'rr': 2, 'anchor': 'ny'}",113,-0.04,0.42,0.15,-0.167,45,68,0.92,-13.4,6.0,-0.167
NAS100,VWAP pullback,VWP,30min,"{'tf': '30min', 'win': 'W2', 'rr': 3, 'anchor': 'day'}",83,-0.183,0.24,0.072,-0.399,38,45,0.73,-27.7,12.0,-0.399
NAS100,VWAP pullback,VWP,30min,"{'tf': '30min', 'win': 'W2', 'rr': 3, 'anchor': 'ny'}",113,-0.115,0.4,0.041,-0.218,45,68,0.77,-16.9,6.0,-0.218
NAS100,Fair value gap retrace (limit),FVG,5min,"{'tf': '5min', 'win': 'W1', 'rr': 2}",231,-0.141,0.32,-0.284,-0.013,109,122,0.81,-36.9,11.0,-0.284
NAS100,Fair value gap retrace (limit),FVG,5min,"{'tf': '5min', 'win': 'W1', 'rr': 3}",231,-0.059,0.27,-0.238,0.101,109,122,0.93,-39.5,13.0,-0.238
NAS100,Fair value gap retrace (limit),FVG,5min,"{'tf': '5min', 'win': 'W2', 'rr': 2}",189,0.08,0.39,0.048,0.106,86,103,1.12,-16.2,14.0,0.048
NAS100,Fair value gap retrace (limit),FVG,5min,"{'tf': '5min', 'win': 'W2', 'rr': 3}",189,0.041,0.29,0.094,-0.004,86,103,1.05,-16.6,15.0,-0.004
NAS100,Fair value gap retrace (limit),FVG,15min,"{'tf': '15min', 'win': 'W1', 'rr': 2}",112,-0.295,0.28,-0.403,-0.18,58,54,0.62,-43.2,18.0,-0.403
NAS100,Fair value gap retrace (limit),FVG,15min,"{'tf': '15min', 'win': 'W1', 'rr': 3}",112,-0.334,0.22,-0.506,-0.15,58,54,0.6,-50.0,18.0,-0.506
NAS100,Fair value gap retrace (limit),FVG,15min,"{'tf': '15min', 'win': 'W2', 'rr': 2}",76,0.178,0.45,0.266,0.076,41,35,1.32,-5.8,4.0,0.076
NAS100,Fair value gap retrace (limit),FVG,15min,"{'tf': '15min', 'win': 'W2', 'rr': 3}",76,0.156,0.36,0.29,-0.001,41,35,1.24,-12.7,6.0,-0.001
NAS100,Fair value gap retrace (limit),FVG,30min,"{'tf': '30min', 'win': 'W1', 'rr': 2}",64,-0.224,0.33,-0.137,-0.312,32,32,0.68,-23.1,11.0,-0.312
NAS100,Fair value gap retrace (limit),FVG,30min,"{'tf': '30min', 'win': 'W1', 'rr': 3}",64,-0.424,0.25,-0.607,-0.241,32,32,0.46,-33.6,11.0,-0.607
NAS100,Fair value gap retrace (limit),FVG,30min,"{'tf': '30min', 'win': 'W2', 'rr': 2}",49,0.159,0.45,-0.076,0.424,26,23,1.3,-7.3,6.0,-0.076
NAS100,Fair value gap retrace (limit),FVG,30min,"{'tf': '30min', 'win': 'W2', 'rr': 3}",49,-0.033,0.35,-0.324,0.296,26,23,0.95,-13.2,6.0,-0.324
NAS100,Fair value gap retrace (limit),FVG,1h,"{'tf': '1h', 'win': 'W1', 'rr': 2}",15,-0.526,0.2,-0.673,-0.357,8,7,0.37,-8.6,7.0,-0.673
NAS100,Fair value gap retrace (limit),FVG,1h,"{'tf': '1h', 'win': 'W1', 'rr': 3}",15,-0.529,0.2,-0.68,-0.357,8,7,0.36,-8.6,7.0,-0.68
NAS100,Fair value gap retrace (limit),FVG,1h,"{'tf': '1h', 'win': 'W2', 'rr': 2}",13,0.202,0.46,-0.527,0.828,6,7,1.37,-2.2,3.0,-0.527
NAS100,Fair value gap retrace (limit),FVG,1h,"{'tf': '1h', 'win': 'W2', 'rr': 3}",13,0.055,0.46,-0.592,0.609,6,7,1.1,-2.5,3.0,-0.592
GBPJPY,Asian sweep reversal,ASR,5min,"{'tf': '5min', 'win': 'W1', 'rr': 2, 'bias': False}",180,-0.265,0.32,-0.365,-0.17,88,92,0.66,-54.0,11.0,-0.365
GBPJPY,Asian sweep reversal,ASR,5min,"{'tf': '5min', 'win': 'W1', 'rr': 2, 'bias': True}",89,-0.324,0.3,-0.456,-0.211,41,48,0.59,-31.3,18.0,-0.456
GBPJPY,Asian sweep reversal,ASR,5min,"{'tf': '5min', 'win': 'BOTH', 'rr': 2, 'bias': False}",205,-0.227,0.33,-0.298,-0.162,98,107,0.69,-52.1,14.0,-0.298
GBPJPY,Asian sweep reversal,ASR,5min,"{'tf': '5min', 'win': 'BOTH', 'rr': 2, 'bias': True}",117,-0.23,0.34,-0.425,-0.073,52,65,0.68,-30.1,10.0,-0.425
GBPJPY,Asian sweep reversal,ASR,15min,"{'tf': '15min', 'win': 'W1', 'rr': 2, 'bias': False}",165,-0.318,0.32,-0.511,-0.141,79,86,0.58,-56.3,13.0,-0.511
GBPJPY,Asian sweep reversal,ASR,15min,"{'tf': '15min', 'win': 'W1', 'rr': 2, 'bias': True}",68,-0.273,0.32,-0.479,-0.138,27,41,0.64,-18.3,6.0,-0.479
GBPJPY,Asian sweep reversal,ASR,15min,"{'tf': '15min', 'win': 'BOTH', 'rr': 2, 'bias': False}",195,-0.277,0.33,-0.424,-0.149,91,104,0.61,-57.8,13.0,-0.424
GBPJPY,Asian sweep reversal,ASR,15min,"{'tf': '15min', 'win': 'BOTH', 'rr': 2, 'bias': True}",96,-0.19,0.39,-0.455,-0.023,37,59,0.71,-19.2,8.0,-0.455
GBPJPY,Asian sweep reversal,ASR,30min,"{'tf': '30min', 'win': 'W1', 'rr': 2, 'bias': False}",138,-0.22,0.34,-0.34,-0.11,66,72,0.66,-35.4,9.0,-0.34
GBPJPY,Asian sweep reversal,ASR,30min,"{'tf': '30min', 'win': 'W1', 'rr': 2, 'bias': True}",52,-0.298,0.33,-0.471,-0.171,22,30,0.57,-16.2,7.0,-0.471
GBPJPY,Asian sweep reversal,ASR,30min,"{'tf': '30min', 'win': 'BOTH', 'rr': 2, 'bias': False}",171,-0.212,0.34,-0.265,-0.165,80,91,0.66,-40.0,12.0,-0.265
GBPJPY,Asian sweep reversal,ASR,30min,"{'tf': '30min', 'win': 'BOTH', 'rr': 2, 'bias': True}",86,-0.266,0.36,-0.43,-0.159,34,52,0.55,-23.5,9.0,-0.43
GBPJPY,Asian sweep reversal,ASR,1h,"{'tf': '1h', 'win': 'W1', 'rr': 2, 'bias': False}",111,-0.21,0.36,-0.192,-0.225,49,62,0.65,-27.1,7.0,-0.225
GBPJPY,Asian sweep reversal,ASR,1h,"{'tf': '1h', 'win': 'W1', 'rr': 2, 'bias': True}",46,-0.117,0.43,0.013,-0.168,13,33,0.77,-6.9,7.0,-0.168
GBPJPY,Asian sweep reversal,ASR,1h,"{'tf': '1h', 'win': 'BOTH', 'rr': 2, 'bias': False}",142,-0.168,0.36,-0.079,-0.239,63,79,0.69,-27.8,9.0,-0.239
GBPJPY,Asian sweep reversal,ASR,1h,"{'tf': '1h', 'win': 'BOTH', 'rr': 2, 'bias': True}",77,-0.107,0.42,-0.065,-0.129,27,50,0.75,-10.8,8.0,-0.129
GBPJPY,Asian sweep reversal,ASR,5min,"{'tf': '5min', 'win': 'W1', 'rr': 3, 'bias': True}",89,-0.294,0.28,-0.558,-0.068,41,48,0.64,-26.8,18.0,-0.558
GBPJPY,Asian sweep reversal,ASR,15min,"{'tf': '15min', 'win': 'W1', 'rr': 3, 'bias': True}",68,-0.248,0.31,-0.581,-0.029,27,41,0.68,-20.7,7.0,-0.581
GBPJPY,Asian sweep reversal,ASR,30min,"{'tf': '30min', 'win': 'W1', 'rr': 3, 'bias': True}",52,-0.273,0.31,-0.562,-0.062,22,30,0.62,-15.9,7.0,-0.562
GBPJPY,Asian sweep reversal,ASR,1h,"{'tf': '1h', 'win': 'W1', 'rr': 3, 'bias': True}",46,-0.193,0.41,-0.224,-0.181,13,33,0.64,-8.4,7.0,-0.224
GBPJPY,London breakout (Asian box),ABO,15min,"{'tf': '15min', 'win': 'W1', 'rr': 2, 'bias': False}",189,-0.046,0.44,0.013,-0.1,91,98,0.91,-20.5,5.0,-0.1
GBPJPY,London breakout (Asian box),ABO,15min,"{'tf': '15min', 'win': 'W1', 'rr': 2, 'bias': True}",133,-0.121,0.4,0.08,-0.308,64,69,0.78,-28.9,5.0,-0.308
GBPJPY,London breakout (Asian box),ABO,15min,"{'tf': '15min', 'win': 'W1', 'rr': 3, 'bias': False}",189,-0.061,0.42,-0.066,-0.056,91,98,0.88,-16.6,6.0,-0.066
GBPJPY,London breakout (Asian box),ABO,15min,"{'tf': '15min', 'win': 'W1', 'rr': 3, 'bias': True}",133,-0.128,0.38,0.034,-0.278,64,69,0.76,-26.9,6.0,-0.278
GBPJPY,London breakout (Asian box),ABO,30min,"{'tf': '30min', 'win': 'W1', 'rr': 2, 'bias': False}",172,-0.088,0.41,-0.1,-0.076,83,89,0.82,-19.4,10.0,-0.1
GBPJPY,London breakout (Asian box),ABO,30min,"{'tf': '30min', 'win': 'W1', 'rr': 2, 'bias': True}",129,-0.129,0.4,-0.119,-0.139,63,66,0.74,-18.8,9.0,-0.139
GBPJPY,London breakout (Asian box),ABO,30min,"{'tf': '30min', 'win': 'W1', 'rr': 3, 'bias': False}",172,-0.078,0.39,-0.114,-0.045,83,89,0.84,-15.7,10.0,-0.114
GBPJPY,London breakout (Asian box),ABO,30min,"{'tf': '30min', 'win': 'W1', 'rr': 3, 'bias': True}",129,-0.091,0.39,-0.069,-0.111,63,66,0.82,-15.2,9.0,-0.111
GBPJPY,London breakout (Asian box),ABO,1h,"{'tf': '1h', 'win': 'W1', 'rr': 2, 'bias': False}",152,-0.077,0.43,-0.093,-0.063,70,82,0.83,-14.5,7.0,-0.093
GBPJPY,London breakout (Asian box),ABO,1h,"{'tf': '1h', 'win': 'W1', 'rr': 2, 'bias': True}",126,-0.081,0.44,-0.085,-0.078,57,69,0.82,-12.9,5.0,-0.085
GBPJPY,London breakout (Asian box),ABO,1h,"{'tf': '1h', 'win': 'W1', 'rr': 3, 'bias': False}",152,-0.05,0.43,-0.09,-0.015,70,82,0.89,-10.7,7.0,-0.09
GBPJPY,London breakout (Asian box),ABO,1h,"{'tf': '1h', 'win': 'W1', 'rr': 3, 'bias': True}",126,-0.05,0.43,-0.055,-0.045,57,69,0.89,-11.1,5.0,-0.055
GBPJPY,London breakout (Asian box),ABO,5min,"{'tf': '5min', 'win': 'W1', 'rr': 2, 'bias': True}",135,-0.089,0.4,0.146,-0.301,64,71,0.83,-28.9,9.0,-0.301
GBPJPY,NY opening-range breakout,ORB,5min,"{'or_min': 15, 'tf': '5min', 'rr': 2, 'bias': False}",211,-0.243,0.34,-0.15,-0.302,82,129,0.68,-59.5,12.0,-0.302
GBPJPY,NY opening-range breakout,ORB,5min,"{'or_min': 15, 'tf': '5min', 'rr': 2, 'bias': True}",113,-0.226,0.35,-0.269,-0.201,42,71,0.7,-26.2,16.0,-0.269
GBPJPY,NY opening-range breakout,ORB,5min,"{'or_min': 15, 'tf': '5min', 'rr': 3, 'bias': False}",211,-0.217,0.31,-0.055,-0.32,82,129,0.72,-53.2,20.0,-0.32
GBPJPY,NY opening-range breakout,ORB,5min,"{'or_min': 15, 'tf': '5min', 'rr': 3, 'bias': True}",113,-0.219,0.31,-0.143,-0.264,42,71,0.72,-25.0,16.0,-0.264
GBPJPY,NY opening-range breakout,ORB,15min,"{'or_min': 15, 'tf': '15min', 'rr': 2, 'bias': False}",190,-0.144,0.38,-0.073,-0.186,71,119,0.79,-38.1,11.0,-0.186
GBPJPY,NY opening-range breakout,ORB,15min,"{'or_min': 15, 'tf': '15min', 'rr': 2, 'bias': True}",108,-0.163,0.38,-0.184,-0.151,40,68,0.76,-22.6,13.0,-0.184
GBPJPY,NY opening-range breakout,ORB,15min,"{'or_min': 15, 'tf': '15min', 'rr': 3, 'bias': False}",190,-0.164,0.35,0.019,-0.272,71,119,0.77,-44.7,11.0,-0.272
GBPJPY,NY opening-range breakout,ORB,15min,"{'or_min': 15, 'tf': '15min', 'rr': 3, 'bias': True}",108,-0.199,0.33,-0.155,-0.225,40,68,0.73,-23.7,16.0,-0.225
GBPJPY,NY opening-range breakout,ORB,5min,"{'or_min': 30, 'tf': '5min', 'rr': 2, 'bias': False}",150,-0.251,0.35,-0.324,-0.233,29,121,0.65,-38.6,6.0,-0.324
GBPJPY,NY opening-range breakout,ORB,5min,"{'or_min': 30, 'tf': '5min', 'rr': 2, 'bias': True}",82,-0.193,0.37,-0.293,-0.172,14,68,0.73,-14.6,7.0,-0.293
GBPJPY,NY opening-range breakout,ORB,5min,"{'or_min': 30, 'tf': '5min', 'rr': 3, 'bias': False}",150,-0.276,0.33,-0.316,-0.267,29,121,0.63,-42.7,11.0,-0.316
GBPJPY,NY opening-range breakout,ORB,5min,"{'or_min': 30, 'tf': '5min', 'rr': 3, 'bias': True}",82,-0.284,0.32,-0.441,-0.251,14,68,0.63,-22.1,10.0,-0.441
GBPJPY,NY opening-range breakout,ORB,15min,"{'or_min': 30, 'tf': '15min', 'rr': 2, 'bias': False}",133,-0.262,0.36,-0.476,-0.208,27,106,0.62,-37.4,14.0,-0.476
GBPJPY,NY opening-range breakout,ORB,15min,"{'or_min': 30, 'tf': '15min', 'rr': 2, 'bias': True}",75,-0.246,0.36,-0.753,-0.15,12,63,0.65,-20.7,10.0,-0.753
GBPJPY,NY opening-range breakout,ORB,15min,"{'or_min': 30, 'tf': '15min', 'rr': 3, 'bias': False}",133,-0.29,0.35,-0.63,-0.204,27,106,0.59,-42.1,17.0,-0.63
GBPJPY,NY opening-range breakout,ORB,15min,"{'or_min': 30, 'tf': '15min', 'rr': 3, 'bias': True}",75,-0.287,0.33,-1.003,-0.151,12,63,0.6,-25.8,15.0,-1.003
GBPJPY,Trend pullback (EMA20 + 1H EMA50),TPB,5min,"{'tf': '5min', 'win': 'W1', 'rr': 2}",227,-0.244,0.32,-0.258,-0.231,107,120,0.68,-57.5,9.0,-0.258
GBPJPY,Trend pullback (EMA20 + 1H EMA50),TPB,5min,"{'tf': '5min', 'win': 'W1', 'rr': 3}",227,-0.163,0.31,-0.105,-0.216,107,120,0.79,-42.0,10.0,-0.216
GBPJPY,Trend pullback (EMA20 + 1H EMA50),TPB,5min,"{'tf': '5min', 'win': 'W2', 'rr': 2}",216,-0.248,0.33,-0.317,-0.187,101,115,0.67,-52.4,12.0,-0.317
GBPJPY,Trend pullback (EMA20 + 1H EMA50),TPB,5min,"{'tf': '5min', 'win': 'W2', 'rr': 3}",216,-0.21,0.31,-0.214,-0.207,101,115,0.72,-44.3,12.0,-0.214
GBPJPY,Trend pullback (EMA20 + 1H EMA50),TPB,15min,"{'tf': '15min', 'win': 'W1', 'rr': 2}",167,-0.1,0.41,-0.004,-0.169,70,97,0.85,-28.5,8.0,-0.169
GBPJPY,Trend pullback (EMA20 + 1H EMA50),TPB,15min,"{'tf': '15min', 'win': 'W1', 'rr': 3}",167,-0.001,0.4,0.125,-0.092,70,97,1.0,-22.1,8.0,-0.092
GBPJPY,Trend pullback (EMA20 + 1H EMA50),TPB,15min,"{'tf': '15min', 'win': 'W2', 'rr': 2}",150,-0.119,0.41,-0.197,-0.057,66,84,0.8,-17.7,8.0,-0.197
GBPJPY,Trend pullback (EMA20 + 1H EMA50),TPB,15min,"{'tf': '15min', 'win': 'W2', 'rr': 3}",150,-0.134,0.38,-0.221,-0.066,66,84,0.78,-21.5,8.0,-0.221
GBPJPY,Trend pullback (EMA20 + 1H EMA50),TPB,30min,"{'tf': '30min', 'win': 'W1', 'rr': 2}",116,0.021,0.47,-0.103,0.109,48,68,1.04,-13.5,7.0,-0.103
GBPJPY,Trend pullback (EMA20 + 1H EMA50),TPB,30min,"{'tf': '30min', 'win': 'W1', 'rr': 3}",116,0.003,0.44,-0.06,0.048,48,68,1.01,-13.4,7.0,-0.06
GBPJPY,Trend pullback (EMA20 + 1H EMA50),TPB,30min,"{'tf': '30min', 'win': 'W2', 'rr': 2}",93,-0.313,0.34,-0.345,-0.29,39,54,0.48,-28.0,12.0,-0.345
GBPJPY,Trend pullback (EMA20 + 1H EMA50),TPB,30min,"{'tf': '30min', 'win': 'W2', 'rr': 3}",93,-0.301,0.34,-0.303,-0.3,39,54,0.5,-26.9,12.0,-0.303
GBPJPY,Trend pullback (EMA20 + 1H EMA50),TPB,1h,"{'tf': '1h', 'win': 'W1', 'rr': 2}",79,-0.139,0.41,-0.314,-0.027,31,48,0.71,-13.9,9.0,-0.314
GBPJPY,Trend pullback (EMA20 + 1H EMA50),TPB,1h,"{'tf': '1h', 'win': 'W1', 'rr': 3}",79,-0.151,0.41,-0.343,-0.027,31,48,0.69,-14.8,9.0,-0.343
GBPJPY,Trend pullback (EMA20 + 1H EMA50),TPB,1h,"{'tf': '1h', 'win': 'W2', 'rr': 2}",51,-0.104,0.43,-0.025,-0.168,23,28,0.75,-6.6,5.0,-0.168
GBPJPY,Trend pullback (EMA20 + 1H EMA50),TPB,1h,"{'tf': '1h', 'win': 'W2', 'rr': 3}",51,-0.105,0.43,-0.068,-0.136,23,28,0.75,-6.7,5.0,-0.136
GBPJPY,Key level sweep reversal,LSR,5min,"{'tf': '5min', 'win': 'W2', 'rr': 2, 'bias': False, 'level': 'london'}",127,-0.194,0.34,-0.145,-0.245,64,63,0.74,-32.7,11.0,-0.245
GBPJPY,Key level sweep reversal,LSR,5min,"{'tf': '5min', 'win': 'W2', 'rr': 2, 'bias': True, 'level': 'london'}",36,-0.147,0.33,-0.263,-0.044,17,19,0.79,-6.5,6.0,-0.263
GBPJPY,Key level sweep reversal,LSR,5min,"{'tf': '5min', 'win': 'W2', 'rr': 3, 'bias': False, 'level': 'london'}",127,-0.212,0.31,-0.133,-0.293,64,63,0.73,-37.2,11.0,-0.293
GBPJPY,Key level sweep reversal,LSR,5min,"{'tf': '5min', 'win': 'W2', 'rr': 3, 'bias': True, 'level': 'london'}",36,-0.225,0.28,-0.366,-0.098,17,19,0.71,-8.7,6.0,-0.366
GBPJPY,Key level sweep reversal,LSR,15min,"{'tf': '15min', 'win': 'W2', 'rr': 2, 'bias': False, 'level': 'london'}",104,-0.098,0.4,-0.07,-0.127,53,51,0.85,-28.1,9.0,-0.127
GBPJPY,Key level sweep reversal,LSR,15min,"{'tf': '15min', 'win': 'W2', 'rr': 2, 'bias': True, 'level': 'london'}",29,-0.152,0.34,-0.296,-0.018,14,15,0.79,-10.1,4.0,-0.296
GBPJPY,Key level sweep reversal,LSR,15min,"{'tf': '15min', 'win': 'W2', 'rr': 3, 'bias': False, 'level': 'london'}",104,-0.09,0.38,-0.077,-0.104,53,51,0.87,-32.4,9.0,-0.104
GBPJPY,Key level sweep reversal,LSR,15min,"{'tf': '15min', 'win': 'W2', 'rr': 3, 'bias': True, 'level': 'london'}",29,-0.135,0.34,-0.212,-0.062,14,15,0.81,-8.9,4.0,-0.212
GBPJPY,Key level sweep reversal,LSR,30min,"{'tf': '30min', 'win': 'W2', 'rr': 2, 'bias': False, 'level': 'london'}",81,-0.113,0.43,-0.106,-0.119,41,40,0.81,-22.3,9.0,-0.119
GBPJPY,Key level sweep reversal,LSR,30min,"{'tf': '30min', 'win': 'W2', 'rr': 2, 'bias': True, 'level': 'london'}",21,-0.16,0.38,-0.446,0.055,9,12,0.73,-3.6,3.0,-0.446
GBPJPY,Key level sweep reversal,LSR,30min,"{'tf': '30min', 'win': 'W2', 'rr': 3, 'bias': False, 'level': 'london'}",81,-0.045,0.42,-0.046,-0.044,41,40,0.93,-20.8,9.0,-0.046
GBPJPY,Key level sweep reversal,LSR,30min,"{'tf': '30min', 'win': 'W2', 'rr': 3, 'bias': True, 'level': 'london'}",21,-0.084,0.38,-0.335,0.104,9,12,0.86,-2.8,3.0,-0.335
GBPJPY,Key level sweep reversal,LSR,15min,"{'tf': '15min', 'win': 'BOTH', 'rr': 2, 'bias': False, 'level': 'pd'}",117,-0.22,0.34,-0.119,-0.307,54,63,0.64,-29.4,8.0,-0.307
GBPJPY,Key level sweep reversal,LSR,15min,"{'tf': '15min', 'win': 'BOTH', 'rr': 2, 'bias': True, 'level': 'pd'}",17,-0.324,0.35,-0.104,-0.477,7,10,0.41,-8.0,5.0,-0.477
GBPJPY,Key level sweep reversal,LSR,15min,"{'tf': '15min', 'win': 'BOTH', 'rr': 3, 'bias': False, 'level': 'pd'}",117,-0.214,0.34,-0.124,-0.291,54,63,0.65,-29.4,8.0,-0.291
GBPJPY,Key level sweep reversal,LSR,15min,"{'tf': '15min', 'win': 'BOTH', 'rr': 3, 'bias': True, 'level': 'pd'}",17,-0.265,0.35,0.039,-0.477,7,10,0.52,-8.0,5.0,-0.477
GBPJPY,Key level sweep reversal,LSR,30min,"{'tf': '30min', 'win': 'BOTH', 'rr': 2, 'bias': False, 'level': 'pd'}",102,-0.059,0.39,-0.004,-0.101,44,58,0.87,-15.8,6.0,-0.101
GBPJPY,Key level sweep reversal,LSR,30min,"{'tf': '30min', 'win': 'BOTH', 'rr': 2, 'bias': True, 'level': 'pd'}",18,-0.204,0.39,-0.126,-0.267,8,10,0.55,-3.9,4.0,-0.267
GBPJPY,Key level sweep reversal,LSR,30min,"{'tf': '30min', 'win': 'BOTH', 'rr': 3, 'bias': False, 'level': 'pd'}",102,-0.1,0.38,-0.05,-0.138,44,58,0.79,-17.0,6.0,-0.138
GBPJPY,Key level sweep reversal,LSR,30min,"{'tf': '30min', 'win': 'BOTH', 'rr': 3, 'bias': True, 'level': 'pd'}",18,-0.237,0.39,-0.126,-0.326,8,10,0.48,-4.5,4.0,-0.326
GBPJPY,Key level sweep reversal,LSR,1h,"{'tf': '1h', 'win': 'BOTH', 'rr': 2, 'bias': False, 'level': 'pd'}",86,-0.028,0.43,0.05,-0.093,39,47,0.93,-13.1,6.0,-0.093
GBPJPY,Key level sweep reversal,LSR,1h,"{'tf': '1h', 'win': 'BOTH', 'rr': 2, 'bias': True, 'level': 'pd'}",21,-0.094,0.43,-0.167,-0.058,7,14,0.74,-3.2,3.0,-0.167
GBPJPY,Key level sweep reversal,LSR,1h,"{'tf': '1h', 'win': 'BOTH', 'rr': 3, 'bias': False, 'level': 'pd'}",86,-0.024,0.43,0.057,-0.092,39,47,0.94,-14.0,6.0,-0.092
GBPJPY,Key level sweep reversal,LSR,1h,"{'tf': '1h', 'win': 'BOTH', 'rr': 3, 'bias': True, 'level': 'pd'}",21,-0.122,0.43,-0.167,-0.1,7,14,0.66,-3.2,3.0,-0.167
GBPJPY,NY open fade,NYF,5min,"{'tf': '5min', 'k': 0.2, 'rr': 2}",129,-0.203,0.33,-0.211,-0.195,66,63,0.72,-29.5,10.0,-0.211
GBPJPY,NY open fade,NYF,5min,"{'tf': '5min', 'k': 0.2, 'rr': 3}",129,-0.213,0.29,-0.285,-0.137,66,63,0.73,-29.8,12.0,-0.285
GBPJPY,NY open fade,NYF,5min,"{'tf': '5min', 'k': 0.3, 'rr': 2}",60,-0.281,0.32,-0.358,-0.166,36,24,0.62,-18.6,9.0,-0.358
GBPJPY,NY open fade,NYF,5min,"{'tf': '5min', 'k': 0.3, 'rr': 3}",60,-0.148,0.3,-0.164,-0.124,36,24,0.81,-13.3,9.0,-0.164
GBPJPY,NY open fade,NYF,15min,"{'tf': '15min', 'k': 0.2, 'rr': 2}",55,-0.214,0.4,-0.367,-0.055,28,27,0.68,-16.4,6.0,-0.367
GBPJPY,NY open fade,NYF,15min,"{'tf': '15min', 'k': 0.2, 'rr': 3}",55,-0.158,0.4,-0.367,0.058,28,27,0.76,-16.4,6.0,-0.367
GBPJPY,NY open fade,NYF,15min,"{'tf': '15min', 'k': 0.3, 'rr': 2}",23,-0.147,0.39,-0.19,-0.025,17,6,0.78,-7.0,4.0,-0.19
GBPJPY,NY open fade,NYF,15min,"{'tf': '15min', 'k': 0.3, 'rr': 3}",23,-0.125,0.39,-0.189,0.057,17,6,0.81,-6.0,4.0,-0.189
GBPJPY,Breakout + retest (limit order),BRT,15min,"{'tf': '15min', 'stop': 'mid', 'rr': 2, 'bias': False}",141,-0.143,0.4,-0.152,-0.134,66,75,0.76,-22.5,10.0,-0.152
GBPJPY,Breakout + retest (limit order),BRT,15min,"{'tf': '15min', 'stop': 'mid', 'rr': 2, 'bias': True}",80,-0.214,0.36,-0.187,-0.236,36,44,0.67,-17.9,6.0,-0.236
GBPJPY,Breakout + retest (limit order),BRT,15min,"{'tf': '15min', 'stop': 'mid', 'rr': 3, 'bias': False}",141,-0.138,0.39,-0.194,-0.088,66,75,0.77,-21.9,10.0,-0.194
GBPJPY,Breakout + retest (limit order),BRT,15min,"{'tf': '15min', 'stop': 'mid', 'rr': 3, 'bias': True}",80,-0.2,0.35,-0.176,-0.219,36,44,0.69,-16.8,6.0,-0.219
GBPJPY,Breakout + retest (limit order),BRT,15min,"{'tf': '15min', 'stop': 'bar', 'rr': 2, 'bias': False}",145,-0.23,0.32,-0.292,-0.174,69,76,0.71,-37.5,10.0,-0.292
GBPJPY,Breakout + retest (limit order),BRT,15min,"{'tf': '15min', 'stop': 'bar', 'rr': 2, 'bias': True}",83,-0.408,0.27,-0.335,-0.473,39,44,0.52,-32.7,10.0,-0.473
GBPJPY,Breakout + retest (limit order),BRT,15min,"{'tf': '15min', 'stop': 'bar', 'rr': 3, 'bias': False}",145,-0.168,0.29,-0.284,-0.063,69,76,0.79,-31.7,10.0,-0.284
GBPJPY,Breakout + retest (limit order),BRT,15min,"{'tf': '15min', 'stop': 'bar', 'rr': 3, 'bias': True}",83,-0.309,0.25,-0.225,-0.383,39,44,0.64,-24.4,10.0,-0.383
GBPJPY,Breakout + retest (limit order),BRT,30min,"{'tf': '30min', 'stop': 'mid', 'rr': 2, 'bias': False}",110,-0.168,0.38,-0.239,-0.102,53,57,0.73,-23.5,10.0,-0.239
GBPJPY,Breakout + retest (limit order),BRT,30min,"{'tf': '30min', 'stop': 'mid', 'rr': 2, 'bias': True}",66,-0.214,0.36,-0.288,-0.152,30,36,0.66,-16.4,6.0,-0.288
GBPJPY,Breakout + retest (limit order),BRT,30min,"{'tf': '30min', 'stop': 'mid', 'rr': 3, 'bias': False}",110,-0.2,0.36,-0.348,-0.062,53,57,0.68,-26.6,11.0,-0.348
GBPJPY,Breakout + retest (limit order),BRT,30min,"{'tf': '30min', 'stop': 'mid', 'rr': 3, 'bias': True}",66,-0.229,0.35,-0.341,-0.135,30,36,0.64,-19.4,7.0,-0.341
GBPJPY,Breakout + retest (limit order),BRT,30min,"{'tf': '30min', 'stop': 'bar', 'rr': 2, 'bias': False}",114,-0.278,0.31,-0.397,-0.163,56,58,0.64,-37.9,10.0,-0.397
GBPJPY,Breakout + retest (limit order),BRT,30min,"{'tf': '30min', 'stop': 'bar', 'rr': 2, 'bias': True}",69,-0.406,0.28,-0.35,-0.458,33,36,0.5,-29.5,10.0,-0.458
GBPJPY,Breakout + retest (limit order),BRT,30min,"{'tf': '30min', 'stop': 'bar', 'rr': 3, 'bias': False}",114,-0.24,0.28,-0.391,-0.095,56,58,0.7,-32.0,10.0,-0.391
GBPJPY,Breakout + retest (limit order),BRT,30min,"{'tf': '30min', 'stop': 'bar', 'rr': 3, 'bias': True}",69,-0.342,0.26,-0.347,-0.337,33,36,0.59,-28.0,10.0,-0.347
GBPJPY,Breakout + retest (limit order),BRT,1h,"{'tf': '1h', 'stop': 'mid', 'rr': 2, 'bias': False}",68,-0.161,0.41,-0.228,-0.094,34,34,0.74,-15.0,6.0,-0.228
GBPJPY,Breakout + retest (limit order),BRT,1h,"{'tf': '1h', 'stop': 'mid', 'rr': 2, 'bias': True}",43,-0.298,0.35,-0.374,-0.231,20,23,0.56,-12.8,4.0,-0.374
GBPJPY,Breakout + retest (limit order),BRT,1h,"{'tf': '1h', 'stop': 'mid', 'rr': 3, 'bias': False}",68,-0.255,0.38,-0.41,-0.1,34,34,0.59,-20.0,6.0,-0.41
GBPJPY,Breakout + retest (limit order),BRT,1h,"{'tf': '1h', 'stop': 'mid', 'rr': 3, 'bias': True}",43,-0.376,0.33,-0.505,-0.263,20,23,0.44,-17.1,4.0,-0.505
GBPJPY,Breakout + retest (limit order),BRT,1h,"{'tf': '1h', 'stop': 'bar', 'rr': 2, 'bias': False}",69,-0.168,0.38,-0.383,0.04,34,35,0.76,-22.3,7.0,-0.383
GBPJPY,Breakout + retest (limit order),BRT,1h,"{'tf': '1h', 'stop': 'bar', 'rr': 2, 'bias': True}",44,-0.326,0.32,-0.458,-0.216,20,24,0.57,-18.7,5.0,-0.458
GBPJPY,Breakout + retest (limit order),BRT,1h,"{'tf': '1h', 'stop': 'bar', 'rr': 3, 'bias': False}",69,-0.209,0.33,-0.463,0.037,34,35,0.72,-23.3,7.0,-0.463
GBPJPY,Breakout + retest (limit order),BRT,1h,"{'tf': '1h', 'stop': 'bar', 'rr': 3, 'bias': True}",44,-0.297,0.3,-0.544,-0.092,20,24,0.63,-19.6,5.0,-0.544
GBPJPY,NY draw to London high/low,LDR,5min,"{'tf': '5min', 'rr': 2}",79,-0.029,0.41,0.102,-0.157,39,40,0.96,-12.6,10.0,-0.157
GBPJPY,NY draw to London high/low,LDR,5min,"{'tf': '5min', 'rr': 3}",58,-0.158,0.34,0.189,-0.44,26,32,0.79,-15.3,7.0,-0.44
GBPJPY,NY draw to London high/low,LDR,15min,"{'tf': '15min', 'rr': 2}",22,-0.003,0.41,-0.292,0.132,7,15,1.0,-5.6,4.0,-0.292
GBPJPY,NY draw to London high/low,LDR,15min,"{'tf': '15min', 'rr': 3}",11,0.165,0.45,0.817,0.02,2,9,1.26,-4.5,4.0,0.02
GBPJPY,NY draw to London high/low,LDR,30min,"{'tf': '30min', 'rr': 2}",9,-0.685,0.11,-0.554,-0.849,5,4,0.23,-5.8,6.0,-0.849
GBPJPY,NY draw to London high/low,LDR,30min,"{'tf': '30min', 'rr': 3}",5,-1.168,0.0,-1.183,-1.144,3,2,0.0,-4.7,5.0,-1.183
GBPJPY,VWAP pullback,VWP,5min,"{'tf': '5min', 'win': 'W1', 'rr': 2, 'anchor': 'day'}",133,-0.037,0.39,-0.02,-0.049,55,78,0.95,-13.4,7.0,-0.049
GBPJPY,VWAP pullback,VWP,5min,"{'tf': '5min', 'win': 'W1', 'rr': 2, 'anchor': 'ny'}",0,0.0,,0.0,0.0,0,0,,,,0.0
GBPJPY,VWAP pullback,VWP,5min,"{'tf': '5min', 'win': 'W1', 'rr': 3, 'anchor': 'day'}",133,0.026,0.34,-0.049,0.08,55,78,1.03,-12.8,8.0,-0.049
GBPJPY,VWAP pullback,VWP,5min,"{'tf': '5min', 'win': 'W1', 'rr': 3, 'anchor': 'ny'}",0,0.0,,0.0,0.0,0,0,,,,0.0
GBPJPY,VWAP pullback,VWP,5min,"{'tf': '5min', 'win': 'W2', 'rr': 2, 'anchor': 'day'}",91,-0.2,0.33,-0.201,-0.198,44,47,0.72,-22.9,16.0,-0.201
GBPJPY,VWAP pullback,VWP,5min,"{'tf': '5min', 'win': 'W2', 'rr': 2, 'anchor': 'ny'}",192,-0.206,0.34,-0.075,-0.29,75,117,0.72,-45.7,11.0,-0.29
GBPJPY,VWAP pullback,VWP,5min,"{'tf': '5min', 'win': 'W2', 'rr': 3, 'anchor': 'day'}",91,-0.299,0.26,-0.285,-0.313,44,47,0.62,-30.0,16.0,-0.313
GBPJPY,VWAP pullback,VWP,5min,"{'tf': '5min', 'win': 'W2', 'rr': 3, 'anchor': 'ny'}",192,-0.186,0.32,-0.107,-0.237,75,117,0.76,-39.4,15.0,-0.237
GBPJPY,VWAP pullback,VWP,15min,"{'tf': '15min', 'win': 'W1', 'rr': 2, 'anchor': 'day'}",109,0.02,0.43,-0.015,0.045,45,64,1.03,-13.3,9.0,-0.015
GBPJPY,VWAP pullback,VWP,15min,"{'tf': '15min', 'win': 'W1', 'rr': 2, 'anchor': 'ny'}",0,0.0,,0.0,0.0,0,0,,,,0.0
GBPJPY,VWAP pullback,VWP,15min,"{'tf': '15min', 'win': 'W1', 'rr': 3, 'anchor': 'day'}",109,0.132,0.39,0.109,0.148,45,64,1.19,-12.9,9.0,0.109
GBPJPY,VWAP pullback,VWP,15min,"{'tf': '15min', 'win': 'W1', 'rr': 3, 'anchor': 'ny'}",0,0.0,,0.0,0.0,0,0,,,,0.0
GBPJPY,VWAP pullback,VWP,15min,"{'tf': '15min', 'win': 'W2', 'rr': 2, 'anchor': 'day'}",65,-0.403,0.28,-0.473,-0.347,29,36,0.46,-30.6,9.0,-0.473
GBPJPY,VWAP pullback,VWP,15min,"{'tf': '15min', 'win': 'W2', 'rr': 2, 'anchor': 'ny'}",145,-0.133,0.39,-0.14,-0.129,52,93,0.8,-30.9,7.0,-0.14
GBPJPY,VWAP pullback,VWP,15min,"{'tf': '15min', 'win': 'W2', 'rr': 3, 'anchor': 'day'}",65,-0.447,0.25,-0.637,-0.294,29,36,0.43,-32.7,9.0,-0.637
GBPJPY,VWAP pullback,VWP,15min,"{'tf': '15min', 'win': 'W2', 'rr': 3, 'anchor': 'ny'}",145,-0.123,0.39,-0.037,-0.171,52,93,0.82,-32.7,7.0,-0.171
GBPJPY,VWAP pullback,VWP,30min,"{'tf': '30min', 'win': 'W1', 'rr': 2, 'anchor': 'day'}",101,0.043,0.47,-0.159,0.199,44,57,1.08,-12.8,9.0,-0.159
GBPJPY,VWAP pullback,VWP,30min,"{'tf': '30min', 'win': 'W1', 'rr': 2, 'anchor': 'ny'}",0,0.0,,0.0,0.0,0,0,,,,0.0
GBPJPY,VWAP pullback,VWP,30min,"{'tf': '30min', 'win': 'W1', 'rr': 3, 'anchor': 'day'}",101,0.061,0.45,-0.145,0.219,44,57,1.11,-11.0,9.0,-0.145
GBPJPY,VWAP pullback,VWP,30min,"{'tf': '30min', 'win': 'W1', 'rr': 3, 'anchor': 'ny'}",0,0.0,,0.0,0.0,0,0,,,,0.0
GBPJPY,VWAP pullback,VWP,30min,"{'tf': '30min', 'win': 'W2', 'rr': 2, 'anchor': 'day'}",55,-0.187,0.44,-0.125,-0.235,24,31,0.67,-13.3,4.0,-0.235
GBPJPY,VWAP pullback,VWP,30min,"{'tf': '30min', 'win': 'W2', 'rr': 2, 'anchor': 'ny'}",116,-0.225,0.41,-0.292,-0.193,37,79,0.62,-39.8,15.0,-0.292
GBPJPY,VWAP pullback,VWP,30min,"{'tf': '30min', 'win': 'W2', 'rr': 3, 'anchor': 'day'}",55,-0.231,0.42,-0.267,-0.203,24,31,0.61,-11.9,4.0,-0.267
GBPJPY,VWAP pullback,VWP,30min,"{'tf': '30min', 'win': 'W2', 'rr': 3, 'anchor': 'ny'}",116,-0.188,0.41,-0.211,-0.177,37,79,0.69,-38.9,15.0,-0.211
GBPJPY,Fair value gap retrace (limit),FVG,5min,"{'tf': '5min', 'win': 'W1', 'rr': 2}",214,-0.321,0.29,-0.282,-0.357,102,112,0.61,-71.3,18.0,-0.357
GBPJPY,Fair value gap retrace (limit),FVG,5min,"{'tf': '5min', 'win': 'W1', 'rr': 3}",214,-0.235,0.27,-0.249,-0.222,102,112,0.72,-53.4,18.0,-0.249
GBPJPY,Fair value gap retrace (limit),FVG,5min,"{'tf': '5min', 'win': 'W2', 'rr': 2}",189,-0.351,0.29,-0.342,-0.359,87,102,0.58,-65.6,9.0,-0.359
GBPJPY,Fair value gap retrace (limit),FVG,5min,"{'tf': '5min', 'win': 'W2', 'rr': 3}",189,-0.323,0.25,-0.402,-0.256,87,102,0.63,-59.9,16.0,-0.402
GBPJPY,Fair value gap retrace (limit),FVG,15min,"{'tf': '15min', 'win': 'W1', 'rr': 2}",109,-0.343,0.29,-0.154,-0.516,52,57,0.58,-37.7,8.0,-0.516
GBPJPY,Fair value gap retrace (limit),FVG,15min,"{'tf': '15min', 'win': 'W1', 'rr': 3}",109,-0.254,0.28,-0.097,-0.398,52,57,0.69,-29.4,8.0,-0.398
GBPJPY,Fair value gap retrace (limit),FVG,15min,"{'tf': '15min', 'win': 'W2', 'rr': 2}",78,-0.175,0.36,-0.246,-0.117,35,43,0.75,-14.0,8.0,-0.246
GBPJPY,Fair value gap retrace (limit),FVG,15min,"{'tf': '15min', 'win': 'W2', 'rr': 3}",78,-0.182,0.32,-0.404,-0.002,35,43,0.75,-16.9,8.0,-0.404
GBPJPY,Fair value gap retrace (limit),FVG,30min,"{'tf': '30min', 'win': 'W1', 'rr': 2}",54,-0.25,0.37,-0.442,-0.01,30,24,0.64,-15.0,7.0,-0.442
GBPJPY,Fair value gap retrace (limit),FVG,30min,"{'tf': '30min', 'win': 'W1', 'rr': 3}",54,-0.187,0.37,-0.342,0.007,30,24,0.73,-12.5,7.0,-0.342
GBPJPY,Fair value gap retrace (limit),FVG,30min,"{'tf': '30min', 'win': 'W2', 'rr': 2}",37,-0.175,0.38,-0.413,0.216,23,14,0.71,-10.6,7.0,-0.413
GBPJPY,Fair value gap retrace (limit),FVG,30min,"{'tf': '30min', 'win': 'W2', 'rr': 3}",37,-0.13,0.38,-0.369,0.263,23,14,0.78,-9.6,7.0,-0.369
GBPJPY,Fair value gap retrace (limit),FVG,1h,"{'tf': '1h', 'win': 'W1', 'rr': 2}",8,-0.104,0.38,-0.935,0.727,4,4,0.83,-2.7,4.0,-0.935
GBPJPY,Fair value gap retrace (limit),FVG,1h,"{'tf': '1h', 'win': 'W1', 'rr': 3}",8,-0.104,0.38,-0.935,0.727,4,4,0.83,-2.7,4.0,-0.935
GBPJPY,Fair value gap retrace (limit),FVG,1h,"{'tf': '1h', 'win': 'W2', 'rr': 2}",21,-0.105,0.33,-0.274,0.08,11,10,0.8,-3.8,6.0,-0.274
GBPJPY,Fair value gap retrace (limit),FVG,1h,"{'tf': '1h', 'win': 'W2', 'rr': 3}",21,-0.04,0.33,-0.252,0.193,11,10,0.92,-3.8,6.0,-0.252
