day,dow,asia,day_rng,lon_rng,ny_rng,w1_hi,w1_lo,lon_hi,lon_lo,close,open,lon_open,lon_close,ny_close,ah,al,lh,ll,w2_lonhi,w2_lonlo,hi_hour,lo_hour,sweep_hi_rev,sweep_lo_rev,first,judas,ny_rev_lon,pdh_taken,pdl_taken,pdh_rev,pdl_rev
2026-03-30 00:00:00+00:00,Mon,38.59999999999957,193.6000000000007,106.00000000000023,87.29999999999905,False,True,False,True,210.543,212.113,212.002,211.051,210.554,212.133,211.747,212.107,211.047,False,True,3,19,False,False,lo,False,False,,,,
2026-03-31 00:00:00+00:00,Tue,80.89999999999975,159.89999999999895,39.59999999999866,158.6999999999989,False,False,False,False,209.854,210.538,210.696,210.98,210.058,211.213,210.404,211.021,210.625,False,True,4,17,False,False,,False,True,False,True,False,False
2026-04-01 00:00:00+00:00,Wed,61.099999999999,157.0999999999998,99.09999999999854,75.0,True,False,True,False,211.199,209.943,210.275,210.863,211.254,210.477,209.866,211.153,210.162,True,False,20,6,False,False,hi,False,False,True,False,True,False
2026-04-02 00:00:00+00:00,Thu,65.20000000000152,93.70000000000118,72.59999999999991,62.60000000000048,False,True,False,True,210.999,211.078,210.662,210.794,211.084,211.276,210.624,211.065,210.339,False,False,4,9,False,True,lo,True,False,False,False,False,False
2026-04-03 00:00:00+00:00,Fri,34.499999999999886,102.5999999999982,17.199999999999704,64.90000000000009,True,False,True,False,210.477,210.981,211.251,211.165,210.569,211.261,210.916,211.296,211.124,False,True,10,23,True,False,hi,True,False,True,True,True,True
2026-04-06 00:00:00+00:00,Mon,34.29999999999893,93.99999999999977,57.00000000000216,43.600000000000705,True,False,True,False,211.286,210.679,210.885,211.196,211.337,210.939,210.596,211.389,210.819,True,False,17,4,False,False,hi,False,False,True,False,True,False
2026-04-07 00:00:00+00:00,Tue,28.49999999999966,106.49999999999977,54.90000000000066,55.79999999999927,True,False,True,False,212.118,211.319,211.377,211.708,212.04,211.514,211.229,211.876,211.327,True,False,23,5,False,False,hi,False,False,True,False,False,False
2026-04-08 00:00:00+00:00,Wed,61.89999999999998,100.7000000000005,87.70000000000095,70.3000000000003,False,False,True,False,212.372,212.691,212.623,213.101,212.546,212.761,212.142,213.149,212.272,False,False,14,6,False,False,hi,True,True,True,False,False,False
2026-04-09 00:00:00+00:00,Thu,34.499999999999886,142.50000000000114,75.99999999999909,60.69999999999993,True,False,True,False,213.537,212.468,212.706,213.373,213.743,212.765,212.42,213.393,212.633,True,False,22,3,False,False,hi,False,False,True,False,False,False
2026-04-10 00:00:00+00:00,Fri,20.599999999998886,103.80000000000109,40.99999999999966,59.70000000000084,True,False,True,False,214.376,213.643,213.716,213.998,214.548,213.748,213.542,214.075,213.665,True,False,23,5,False,False,hi,False,False,True,False,False,False
2026-04-13 00:00:00+00:00,Mon,35.99999999999852,155.59999999999832,68.99999999999977,81.8000000000012,True,False,True,False,215.307,213.868,214.064,214.488,215.243,214.165,213.805,214.692,214.002,True,False,23,3,False,False,hi,False,False,True,False,False,False
2026-04-14 00:00:00+00:00,Tue,34.499999999999886,87.90000000000191,45.09999999999934,45.10000000000218,True,False,True,False,215.359,215.186,215.089,215.48,215.461,215.248,214.903,215.54,215.089,True,False,16,4,False,False,hi,False,True,True,False,True,False
2026-04-15 00:00:00+00:00,Wed,31.89999999999884,71.80000000000177,51.09999999999957,42.70000000000209,False,True,False,True,215.563,215.562,215.629,215.547,215.732,215.783,215.464,215.694,215.183,True,False,20,11,False,True,lo,False,True,True,False,True,False
2026-04-16 00:00:00+00:00,Thu,44.90000000000123,59.600000000000364,47.70000000000039,48.799999999999955,True,False,True,False,215.227,215.549,215.578,215.332,215.347,215.568,215.119,215.715,215.238,False,True,9,6,True,False,hi,True,True,False,True,False,True
2026-04-17 00:00:00+00:00,Fri,43.99999999999977,169.10000000000025,45.19999999999982,138.4999999999991,False,True,False,True,214.367,215.327,215.595,215.346,214.358,215.687,215.247,215.596,215.144,False,True,8,17,False,True,lo,False,False,False,True,False,False
2026-04-20 00:00:00+00:00,Mon,30.299999999999727,77.49999999999773,55.19999999999925,53.000000000000114,True,True,True,True,214.902,214.571,214.441,214.727,214.948,214.715,214.412,214.87,214.318,False,False,23,9,False,True,lo,True,False,False,False,False,False
2026-04-21 00:00:00+00:00,Tue,25.0,81.69999999999789,62.79999999999859,42.99999999999784,False,True,True,True,215.235,214.934,214.791,215.004,215.179,215.026,214.776,215.225,214.597,True,False,18,11,True,True,lo,True,False,True,False,False,False
2026-04-22 00:00:00+00:00,Wed,25.0,73.90000000000043,67.40000000000066,61.599999999998545,True,True,True,True,215.306,215.3,215.335,215.024,215.436,215.362,215.112,215.656,214.982,False,False,12,15,True,False,lo,False,True,True,False,True,False
2026-04-23 00:00:00+00:00,Thu,28.899999999998727,78.79999999999825,55.09999999999877,59.199999999998454,True,False,True,False,215.06,215.306,215.262,215.482,215.067,215.355,215.066,215.73,215.179,False,True,12,20,False,False,hi,True,True,True,False,True,False
2026-04-24 00:00:00+00:00,Fri,24.70000000000141,82.90000000000077,54.100000000002524,65.70000000000107,True,True,True,True,215.654,215.116,215.132,215.141,215.733,215.251,215.004,215.479,214.938,False,False,23,10,True,True,lo,True,False,True,True,True,True
2026-04-27 00:00:00+00:00,Mon,21.89999999999941,53.000000000000114,33.500000000000796,51.30000000000052,False,True,True,True,215.722,215.644,215.732,215.835,215.72,215.75,215.531,215.852,215.517,False,False,15,10,False,True,lo,False,True,True,False,True,False
2026-04-28 00:00:00+00:00,Tue,69.39999999999884,87.99999999999955,73.30000000000041,76.49999999999864,False,True,False,True,215.674,215.737,215.195,215.163,215.794,215.82,215.126,215.675,214.942,False,False,23,9,False,True,lo,True,True,False,True,False,True
2026-04-29 00:00:00+00:00,Wed,22.30000000000132,79.30000000000064,48.19999999999993,48.00000000000182,False,True,True,True,216.144,215.774,215.674,215.866,216.129,215.835,215.612,215.964,215.482,True,False,18,9,False,True,lo,True,False,True,False,False,False
2026-04-30 00:00:00+00:00,Thu,24.899999999999523,615.7000000000011,615.7000000000011,195.40000000000077,True,True,True,True,213.024,216.079,216.221,211.365,212.984,216.224,215.975,216.592,210.435,False,False,10,14,True,False,hi,True,True,True,True,True,False
2026-05-01 00:00:00+00:00,Fri,53.10000000000059,224.7000000000014,197.10000000000036,64.19999999999959,False,True,False,True,213.169,213.529,213.72,213.261,213.178,214.043,213.512,213.767,211.796,False,False,6,9,False,False,lo,False,False,False,False,False,False
2026-05-04 00:00:00+00:00,Mon,185.69999999999993,185.69999999999993,68.00000000000068,118.29999999999927,False,False,False,False,212.699,213.081,213.096,212.828,212.653,213.613,211.756,213.238,212.558,False,False,6,6,False,False,,False,False,False,True,False,True
2026-05-05 00:00:00+00:00,Tue,21.79999999999893,152.09999999999866,114.30000000000007,62.69999999999811,True,False,True,False,213.713,212.72,212.618,213.59,213.809,212.767,212.549,213.704,212.561,True,False,18,8,False,False,hi,False,False,True,False,False,False
2026-05-06 00:00:00+00:00,Wed,347.69999999999754,347.69999999999754,104.49999999999875,40.799999999998704,False,False,False,False,212.53,213.923,212.372,212.638,212.619,214.224,210.747,212.768,211.723,False,False,6,7,False,False,,False,True,True,True,True,False
2026-05-07 00:00:00+00:00,Thu,45.49999999999841,83.59999999999843,71.99999999999989,37.400000000002365,True,False,True,False,212.602,212.724,212.582,212.982,212.75,212.736,212.281,213.117,212.397,False,False,13,4,False,False,hi,False,True,False,False,False,False
2026-05-08 00:00:00+00:00,Fri,37.999999999999545,116.99999999999875,54.39999999999827,49.099999999998545,True,False,True,False,213.528,212.621,212.889,213.375,213.589,212.916,212.536,213.391,212.847,True,False,23,7,False,False,hi,False,False,True,False,False,False
2026-05-11 00:00:00+00:00,Mon,42.09999999999923,119.10000000000025,53.600000000000136,72.99999999999898,True,False,True,False,213.945,213.242,213.444,213.791,214.128,213.647,213.226,213.857,213.321,True,False,19,3,False,False,hi,False,False,True,False,False,False
2026-05-12 00:00:00+00:00,Tue,137.39999999999952,145.40000000000077,88.2000000000005,49.30000000000234,False,True,False,True,213.366,213.906,213.521,213.229,213.43,214.197,212.823,213.625,212.743,False,False,5,11,False,True,lo,False,True,False,True,False,True
2026-05-13 00:00:00+00:00,Wed,36.69999999999902,81.30000000000166,71.99999999999989,62.5,True,True,True,True,213.433,213.407,213.632,213.037,213.48,213.683,213.316,213.691,212.971,False,False,9,15,True,False,hi,True,True,False,False,False,False
2026-05-14 00:00:00+00:00,Thu,56.99999999999932,182.39999999999839,39.90000000000009,160.49999999999898,False,False,False,False,212.212,213.52,213.414,213.258,212.195,213.701,213.131,213.591,213.192,False,True,6,21,False,False,,False,False,True,True,True,False
2026-05-15 00:00:00+00:00,Fri,50.39999999999907,80.79999999999927,77.29999999999961,62.39999999999952,False,True,False,True,211.496,212.081,211.617,211.844,211.456,212.093,211.589,212.058,211.285,False,False,3,12,False,True,lo,False,True,False,True,False,False
2026-05-18 00:00:00+00:00,Mon,43.39999999999975,217.1999999999997,81.79999999999836,112.89999999999907,True,False,True,False,213.313,211.42,211.761,212.456,213.378,211.809,211.375,212.552,211.734,True,False,19,3,False,False,hi,False,False,True,False,False,False
2026-05-19 00:00:00+00:00,Tue,43.00000000000068,86.50000000000091,41.500000000002046,86.50000000000091,False,True,False,True,213.014,213.38,213.322,213.287,213.131,213.47,213.04,213.407,212.992,False,False,15,19,False,True,lo,False,False,False,False,False,False
2026-05-20 00:00:00+00:00,Wed,38.10000000000002,98.79999999999995,54.49999999999875,61.20000000000232,False,True,True,True,213.456,213.037,212.87,213.098,213.46,213.132,212.751,213.167,212.622,True,False,20,9,True,True,lo,True,False,True,True,True,True
2026-05-21 00:00:00+00:00,Thu,32.40000000000123,53.600000000000136,44.90000000000123,42.199999999999704,True,False,True,False,213.48,213.444,213.589,213.607,213.519,213.607,213.283,213.817,213.368,False,True,11,18,False,False,hi,True,True,True,False,True,False
2026-05-22 00:00:00+00:00,Fri,19.39999999999884,59.099999999997976,27.899999999999636,54.999999999998295,True,True,True,True,213.772,213.583,213.562,213.558,213.897,213.654,213.46,213.727,213.448,True,False,16,10,True,True,lo,True,True,True,False,True,False
2026-05-25 00:00:00+00:00,Mon,24.899999999999523,63.30000000000098,41.30000000000109,26.10000000000241,True,False,True,False,214.575,214.279,214.261,214.529,214.656,214.291,214.042,214.598,214.185,False,False,22,6,False,False,hi,False,False,True,False,False,False
2026-05-26 00:00:00+00:00,Tue,27.800000000002,60.20000000000039,40.99999999999966,46.60000000000082,True,True,True,True,214.138,214.516,214.285,214.415,214.255,214.543,214.265,214.672,214.262,False,False,14,18,True,True,lo,False,True,False,False,False,False
2026-05-27 00:00:00+00:00,Wed,19.400000000001683,47.20000000000084,28.20000000000107,47.20000000000084,True,False,True,True,214.122,214.258,214.311,214.187,214.264,214.352,214.158,214.413,214.131,True,True,17,17,True,True,hi,True,True,False,True,False,True
2026-05-28 00:00:00+00:00,Thu,79.60000000000207,80.29999999999973,46.19999999999891,41.99999999999875,False,False,False,False,214.036,214.067,213.683,213.783,214.015,214.116,213.32,213.88,213.418,True,False,17,7,False,False,,False,False,False,True,False,True
2026-05-29 00:00:00+00:00,Fri,19.700000000000273,104.6999999999997,58.00000000000125,85.09999999999991,False,True,False,True,214.251,214.12,214.084,213.854,214.478,214.212,214.015,214.162,213.582,True,False,18,13,False,False,lo,True,True,True,False,False,False
2026-06-01 00:00:00+00:00,Mon,41.499999999999204,83.70000000000175,30.400000000000205,83.70000000000175,True,False,True,False,214.766,214.354,214.678,214.755,214.926,214.739,214.324,214.875,214.571,False,True,21,17,False,False,hi,False,False,True,False,False,False
2026-06-02 00:00:00+00:00,Tue,31.000000000000227,73.90000000000043,30.700000000001637,34.200000000001296,True,False,True,False,215.277,214.873,215.028,215.234,215.396,215.095,214.785,215.317,215.01,True,False,18,3,False,False,hi,False,False,True,False,False,False
2026-06-03 00:00:00+00:00,Wed,28.90000000000157,95.60000000000173,76.70000000000243,35.69999999999993,False,True,False,True,214.712,215.213,215.088,214.976,214.81,215.376,215.087,215.187,214.42,False,False,3,11,False,False,lo,False,False,False,True,False,False
2026-06-04 00:00:00+00:00,Thu,43.499999999997385,79.2999999999978,67.59999999999877,38.59999999999957,False,False,True,False,214.779,214.751,214.688,215.022,214.797,214.795,214.36,215.136,214.46,False,False,15,7,False,False,hi,False,True,False,True,False,True
2026-06-05 00:00:00+00:00,Fri,25.900000000001455,208.5000000000008,87.89999999999907,179.20000000000016,True,False,True,False,213.84,214.748,214.751,215.277,213.645,214.841,214.582,215.606,214.727,False,True,13,22,False,False,hi,True,True,True,True,True,False
2026-06-08 00:00:00+00:00,Mon,48.40000000000089,110.90000000000089,91.80000000000064,37.20000000000141,False,True,False,True,213.621,213.799,213.59,213.709,213.737,214.038,213.554,213.847,212.929,False,False,4,12,False,True,lo,True,False,False,True,False,True
2026-06-09 00:00:00+00:00,Tue,56.30000000000166,129.80000000000018,79.00000000000205,47.100000000000364,True,False,True,False,214.51,213.572,213.979,214.651,214.617,214.055,213.492,214.705,213.915,True,False,18,3,False,False,hi,False,True,True,False,False,False
2026-06-10 00:00:00+00:00,Wed,39.299999999997226,85.79999999999757,41.799999999997794,59.79999999999848,True,False,True,False,214.583,214.46,214.728,214.716,214.669,214.765,214.372,215.009,214.591,True,False,16,4,True,False,hi,True,False,True,False,True,False
2026-06-11 00:00:00+00:00,Thu,39.09999999999911,107.5000000000017,57.59999999999934,75.30000000000143,True,False,True,True,214.531,214.489,214.816,214.556,214.376,214.862,214.471,214.942,214.366,False,True,10,18,True,True,hi,True,False,False,True,False,True
2026-06-12 00:00:00+00:00,Fri,38.700000000000045,45.599999999998886,33.69999999999891,45.599999999998886,False,False,False,False,214.763,214.8,214.79,214.774,214.844,214.999,214.612,214.963,214.626,True,False,18,15,False,False,,False,True,True,False,True,False
2026-06-15 00:00:00+00:00,Mon,25.29999999999859,48.500000000001364,47.60000000000275,33.799999999999386,False,True,False,True,215.031,215.135,215.343,215.016,215.051,215.369,215.116,215.36,214.884,False,False,8,11,False,False,lo,False,True,True,False,False,False
2026-06-16 00:00:00+00:00,Tue,44.99999999999886,103.79999999999825,70.3000000000003,57.69999999999982,True,False,True,False,215.374,214.97,214.664,215.12,215.402,214.97,214.52,215.288,214.585,True,False,18,6,False,False,hi,False,False,True,True,False,True
2026-06-17 00:00:00+00:00,Wed,21.699999999998454,222.29999999999848,61.7999999999995,182.59999999999934,False,True,False,True,213.52,215.367,215.262,214.888,213.53,215.434,215.217,215.384,214.766,False,True,3,22,False,False,lo,False,False,False,True,False,False
2026-06-18 00:00:00+00:00,Thu,38.50000000000193,164.00000000000148,155.89999999999975,115.300000000002,True,True,True,True,213.03,213.609,213.626,212.596,213.073,213.978,213.593,214.055,212.496,False,False,9,22,True,False,hi,True,True,False,True,False,False
2026-06-19 00:00:00+00:00,Fri,54.09999999999968,109.9000000000018,81.49999999999977,43.70000000000118,True,False,True,False,213.357,212.931,212.815,213.323,213.432,212.998,212.457,213.524,212.709,False,False,20,8,False,False,hi,False,False,False,False,False,False
2026-06-22 00:00:00+00:00,Mon,50.7000000000005,147.20000000000084,97.49999999999943,109.89999999999895,True,False,True,False,214.069,213.211,213.583,214.101,214.081,213.707,213.2,214.225,213.25,False,False,15,3,False,False,hi,False,True,True,False,False,False
2026-06-23 00:00:00+00:00,Tue,24.399999999999977,123.40000000000089,96.50000000000034,58.899999999999864,True,True,True,True,213.289,214.032,214.06,213.423,213.2,214.094,213.85,214.208,213.243,False,True,9,18,True,False,hi,True,False,False,True,False,True
2026-06-24 00:00:00+00:00,Wed,31.000000000000227,95.79999999999984,88.80000000000052,55.699999999998795,True,True,True,True,212.96,213.298,213.241,212.776,212.962,213.359,213.049,213.496,212.608,False,True,9,17,True,False,hi,True,True,False,True,False,False
2026-06-25 00:00:00+00:00,Thu,46.79999999999893,91.80000000000064,70.59999999999889,79.60000000000207,True,False,True,False,213.393,212.95,213.207,212.935,213.556,213.273,212.805,213.54,212.834,True,False,19,3,True,False,hi,False,True,True,False,True,False
2026-06-26 00:00:00+00:00,Fri,39.50000000000102,60.40000000000134,47.399999999998954,40.00000000000057,True,False,True,False,213.396,213.371,213.313,213.662,213.492,213.602,213.207,213.749,213.275,True,False,17,6,False,False,hi,False,True,True,False,True,False
2026-06-29 00:00:00+00:00,Mon,35.20000000000039,137.00000000000045,49.099999999998545,65.60000000000059,True,False,True,False,214.656,213.504,213.738,214.128,214.739,213.75,213.398,214.166,213.675,True,False,23,3,False,False,hi,False,False,True,False,False,False
2026-06-30 00:00:00+00:00,Tue,57.89999999999793,158.39999999999748,30.19999999999925,158.39999999999748,False,False,False,False,215.55,214.593,214.646,214.815,215.646,215.039,214.46,214.914,214.612,True,False,18,15,False,False,,False,False,True,False,False,False
2026-07-01 00:00:00+00:00,Wed,36.60000000000139,82.90000000000077,46.399999999999864,76.20000000000005,False,True,True,True,215.797,215.484,215.453,215.44,215.858,215.585,215.219,215.658,215.194,True,True,23,16,True,True,lo,True,True,True,False,False,False
2026-07-02 00:00:00+00:00,Thu,33.40000000000032,144.10000000000025,115.60000000000059,78.39999999999918,False,True,False,True,214.974,215.83,215.756,214.928,215.026,216.066,215.732,215.785,214.629,False,False,5,15,False,False,lo,False,True,True,True,True,False
2026-07-03 00:00:00+00:00,Fri,42.40000000000066,83.09999999999889,70.59999999999889,33.59999999999843,False,True,False,True,215.328,215.346,215.397,215.22,215.463,215.448,215.024,215.397,214.691,True,False,22,9,False,True,lo,False,True,False,False,False,False
2026-07-06 00:00:00+00:00,Mon,58.19999999999936,158.5000000000008,53.89999999999873,59.900000000001796,True,False,True,False,217.012,215.578,216.142,216.62,217.017,216.154,215.572,216.658,216.119,True,False,21,3,False,False,hi,False,False,True,False,False,False
2026-07-07 00:00:00+00:00,Tue,68.6000000000007,83.69999999999891,46.50000000000034,42.30000000000018,False,True,False,True,216.532,217.103,216.651,216.769,216.548,217.207,216.521,216.835,216.37,False,False,3,10,False,True,lo,False,True,True,False,True,False
2026-07-08 00:00:00+00:00,Wed,27.700000000001523,130.4000000000002,44.300000000001205,110.40000000000134,True,False,True,True,217.645,216.689,216.765,216.75,217.748,216.87,216.593,216.967,216.524,True,False,20,12,True,True,hi,False,True,True,False,False,False
2026-07-09 00:00:00+00:00,Thu,16.799999999997794,65.39999999999964,51.80000000000007,46.399999999999864,True,False,True,True,217.698,217.696,217.644,217.525,217.716,217.706,217.538,218.007,217.489,False,False,10,15,True,False,hi,False,True,True,False,True,False
2026-07-10 00:00:00+00:00,Fri,93.8999999999993,134.10000000000082,66.80000000000064,86.10000000000184,False,True,False,True,216.669,217.781,216.962,217.292,216.69,217.797,216.858,217.374,216.706,False,False,3,18,False,True,lo,False,True,False,True,False,False
2026-07-13 00:00:00+00:00,Mon,52.50000000000057,65.29999999999916,65.29999999999916,38.900000000001,True,True,True,True,216.779,216.697,217.102,217.13,216.924,217.186,216.661,217.307,216.654,False,False,11,10,True,True,hi,True,True,False,False,False,False
2026-07-14 00:00:00+00:00,Tue,28.000000000000114,71.0000000000008,41.39999999999873,52.00000000000102,True,False,True,False,217.23,216.824,216.855,217.086,217.164,216.957,216.677,217.125,216.711,False,False,15,3,False,False,hi,False,False,True,False,True,False
2026-07-15 00:00:00+00:00,Wed,48.90000000000043,250.5000000000024,47.29999999999848,195.0000000000017,True,False,True,False,219.567,217.278,217.509,217.7,219.566,217.588,217.099,217.778,217.305,True,False,23,4,False,False,hi,False,False,True,False,False,False
2026-07-16 00:00:00+00:00,Thu,32.30000000000075,86.40000000000043,68.69999999999834,72.90000000000134,True,True,True,True,218.831,219.419,219.393,219.012,218.828,219.52,219.197,219.534,218.847,False,False,9,21,True,False,hi,True,False,False,False,False,False
2026-07-17 00:00:00+00:00,Fri,38.10000000000002,94.69999999999743,82.49999999999886,61.299999999999955,False,True,False,True,218.491,218.848,218.636,218.182,218.541,218.938,218.557,218.816,217.991,False,False,4,14,False,False,lo,False,True,False,True,False,False
2026-07-20 00:00:00+00:00,Mon,34.29999999999893,79.80000000000018,29.800000000000182,64.50000000000102,True,False,True,False,218.235,218.511,218.649,218.555,218.338,218.665,218.322,218.833,218.535,False,True,10,19,True,False,hi,True,False,False,False,False,False
2026-07-21 00:00:00+00:00,Tue,29.49999999999875,120.69999999999936,62.599999999997635,90.70000000000107,True,False,True,True,218.231,218.233,218.433,218.142,218.37,218.48,218.185,218.724,218.098,False,True,11,16,True,False,hi,True,True,False,True,False,True
2026-07-22 00:00:00+00:00,Wed,20.79999999999984,57.99999999999841,56.399999999999295,51.80000000000007,False,True,False,True,218.179,218.321,218.231,217.984,218.182,218.41,218.202,218.398,217.834,False,False,8,15,False,False,lo,False,True,False,False,False,False
2026-07-23 00:00:00+00:00,Thu,25.799999999998136,66.0000000000025,48.19999999999993,66.0000000000025,True,False,True,True,218.115,218.125,218.329,218.343,218.159,218.373,218.115,218.513,218.031,True,False,16,18,True,True,hi,True,True,True,False,True,False
2026-07-24 00:00:00+00:00,Fri,31.19999999999834,50.99999999999909,47.100000000000364,47.100000000000364,True,True,True,True,218.236,218.099,218.027,218.234,218.269,218.325,218.013,218.435,217.964,False,False,19,13,True,True,lo,True,False,False,False,False,False
2026-07-27 00:00:00+00:00,Mon,16.399999999998727,104.39999999999827,73.40000000000089,56.60000000000025,False,True,False,True,217.572,218.439,218.431,217.874,217.631,218.516,218.352,218.5,217.766,False,True,3,20,False,False,lo,False,False,True,True,True,False
2026-07-28 00:00:00+00:00,Tue,27.69999999999868,46.80000000000177,41.40000000000157,35.000000000002274,True,True,True,True,217.691,217.649,217.566,217.686,217.724,217.82,217.543,217.936,217.522,True,False,16,9,True,True,lo,True,False,False,False,False,False
2026-07-29 00:00:00+00:00,Wed,59.899999999998954,140.19999999999868,39.20000000000243,112.69999999999811,False,False,False,False,218.465,217.719,217.418,217.526,218.221,217.754,217.155,217.741,217.349,True,False,22,7,False,False,,False,False,True,True,False,True
2026-07-30 00:00:00+00:00,Thu,22.20000000000084,635.4000000000013,129.6999999999997,584.7000000000008,True,True,True,True,214.809,218.281,218.304,218.075,214.632,218.366,218.144,218.679,217.382,False,True,12,17,True,False,lo,False,False,True,True,True,False
2026-07-31 00:00:00+00:00,Fri,73.99999999999807,440.8999999999992,265.5000000000001,231.19999999999834,False,True,False,True,212.145,215.612,215.886,214.969,214.502,216.325,215.585,216.081,213.426,False,True,6,23,False,False,lo,False,False,False,True,False,False
2026-08-03 00:00:00+00:00,Mon,333.19999999999936,333.19999999999936,75.29999999999859,100.0,False,False,False,False,211.093,212.594,210.759,210.986,210.797,212.891,209.559,211.427,210.674,False,True,3,3,False,False,,False,True,False,True,False,False
2026-08-04 00:00:00+00:00,Tue,70.10000000000218,118.20000000000164,74.50000000000045,83.69999999999891,True,False,True,False,212.151,211.52,211.721,211.734,212.197,211.847,211.146,212.328,211.583,False,True,13,3,True,False,hi,False,False,False,False,False,False
2026-08-05 00:00:00+00:00,Wed,48.19999999999993,86.10000000000184,53.300000000001546,42.89999999999736,True,False,True,False,212.442,212.112,212.11,212.373,212.35,212.177,211.695,212.556,212.023,False,True,11,5,False,False,hi,False,True,True,False,False,False
2026-08-06 00:00:00+00:00,Thu,22.49999999999943,103.2999999999987,36.39999999999759,78.60000000000014,True,False,True,False,213.131,212.281,212.373,212.605,213.123,212.489,212.264,212.64,212.276,True,False,19,6,False,False,hi,False,False,True,False,False,False
2026-08-07 00:00:00+00:00,Fri,40.500000000000114,180.09999999999877,46.999999999999886,159.60000000000036,False,False,False,True,212.846,213.148,212.993,212.943,212.666,213.261,212.856,213.107,212.637,False,False,3,15,False,True,lo,False,False,False,True,False,True
2026-08-10 00:00:00+00:00,Mon,70.3000000000003,228.8000000000011,78.89999999999873,135.40000000000134,True,False,True,False,215.156,212.986,213.656,214.416,215.179,213.66,212.957,214.445,213.656,True,False,21,3,False,False,hi,False,False,True,False,False,False
2026-08-11 00:00:00+00:00,Tue,37.999999999999545,46.999999999999886,46.79999999999893,35.09999999999991,True,False,True,True,215.144,215.027,215.12,214.879,215.16,215.168,214.788,215.225,214.757,False,False,18,14,True,True,hi,False,True,False,False,False,False
2026-08-12 00:00:00+00:00,Wed,30.099999999998772,84.39999999999941,81.8000000000012,46.19999999999891,False,False,False,True,215.128,215.161,215.285,215.204,215.189,215.379,215.078,215.353,214.535,False,False,6,12,False,True,lo,False,False,True,True,True,True
2026-08-13 00:00:00+00:00,Thu,34.00000000000034,40.100000000001046,33.30000000000268,35.899999999998045,False,False,False,False,215.074,215.051,214.907,214.975,215.141,215.123,214.783,215.116,214.783,True,False,23,7,False,False,,False,False,False,False,False,False
2026-08-14 00:00:00+00:00,Fri,31.499999999999773,102.19999999999914,57.99999999999841,100.39999999999907,True,False,True,False,215.621,215.07,215.013,215.353,215.69,215.186,214.871,215.457,214.877,True,False,19,8,False,False,hi,False,False,True,False,False,False
2026-08-17 00:00:00+00:00,Mon,28.700000000000614,75.0,50.499999999999545,34.70000000000084,True,True,True,True,215.921,215.687,215.617,215.867,215.957,215.741,215.454,215.91,215.405,True,False,19,10,False,True,lo,True,False,True,False,False,False
2026-08-18 00:00:00+00:00,Tue,32.399999999998386,32.399999999998386,28.199999999998226,20.79999999999984,False,False,False,False,215.993,215.894,216.105,216.023,216.035,216.213,215.889,216.2,215.918,False,False,7,3,False,False,,False,True,True,False,True,False
2026-08-19 00:00:00+00:00,Wed,36.7999999999995,114.6000000000015,22.49999999999943,105.79999999999927,False,False,False,False,215.208,215.972,215.726,215.678,215.195,215.972,215.604,215.837,215.612,True,False,3,15,False,False,,False,False,False,True,False,False
2026-08-20 00:00:00+00:00,Thu,71.19999999999891,169.89999999999839,82.40000000000123,70.19999999999982,True,False,True,False,216.773,215.229,215.815,216.28,216.849,215.911,215.199,216.334,215.51,True,False,22,3,False,False,hi,False,False,True,False,False,False
2026-08-21 00:00:00+00:00,Fri,31.100000000000705,65.29999999999916,47.59999999999991,60.899999999998045,False,True,False,True,216.908,216.772,216.822,216.723,216.982,217.053,216.742,216.928,216.452,False,False,21,12,False,False,lo,True,True,True,False,False,False
2026-08-24 00:00:00+00:00,Mon,27.40000000000009,50.499999999999545,40.99999999999966,39.00000000000148,True,False,True,False,216.833,216.921,216.802,216.941,216.902,216.937,216.663,217.149,216.739,True,False,16,3,False,False,hi,False,True,True,False,True,False
2026-08-25 00:00:00+00:00,Tue,31.399999999999295,51.900000000000546,46.400000000002706,27.40000000000009,True,False,True,False,217.264,217.01,217.05,217.09,217.262,217.262,216.948,217.467,217.003,False,False,10,7,True,False,hi,False,False,True,False,False,False
2026-08-26 00:00:00+00:00,Wed,63.299999999998136,78.9999999999992,32.800000000000296,31.399999999999295,False,True,False,True,216.558,217.255,216.806,216.809,216.608,217.325,216.692,216.883,216.555,False,True,3,17,False,True,lo,False,True,False,True,False,False
2026-08-27 00:00:00+00:00,Thu,32.90000000000077,50.7000000000005,30.699999999998795,47.49999999999943,False,False,False,False,216.63,216.504,216.537,216.468,216.602,216.588,216.259,216.577,216.27,True,False,16,3,False,False,,False,True,False,True,False,True
2026-08-28 00:00:00+00:00,Fri,20.39999999999793,71.79999999999893,46.000000000000796,71.79999999999893,True,True,True,True,216.584,216.595,216.753,216.87,216.703,216.783,216.579,217.0,216.54,True,True,17,17,False,True,hi,True,True,True,False,True,False
2026-08-31 00:00:00+00:00,Mon,45.79999999999984,71.80000000000177,52.600000000001046,41.500000000002046,False,True,False,True,216.403,216.791,216.514,216.213,216.452,216.794,216.336,216.602,216.076,True,False,3,10,False,False,lo,False,True,False,True,False,True
2026-09-01 00:00:00+00:00,Tue,27.700000000001523,50.900000000001455,31.700000000000728,40.99999999999966,True,False,True,False,216.471,216.435,216.575,216.719,216.49,216.602,216.325,216.767,216.45,True,False,17,4,False,False,hi,True,True,True,False,True,False
2026-09-02 00:00:00+00:00,Wed,78.49999999999966,288.70000000000005,65.50000000000011,156.99999999999932,False,True,False,True,214.003,216.477,215.8,215.25,214.143,216.583,215.798,215.886,215.231,False,True,4,16,False,False,lo,False,False,False,True,False,False
2026-09-03 00:00:00+00:00,Thu,201.00000000000193,435.9000000000009,199.39999999999998,86.89999999999998,False,True,False,True,210.72,214.234,212.313,210.633,210.659,214.317,212.307,212.337,210.343,False,True,3,17,False,False,lo,False,True,False,True,False,False
2026-09-04 00:00:00+00:00,Fri,155.6999999999988,205.6999999999988,44.599999999999795,173.599999999999,True,False,True,False,211.189,210.552,211.602,211.46,211.208,211.664,210.107,211.815,211.369,False,False,10,15,True,False,hi,True,False,False,True,False,True
2026-09-07 00:00:00+00:00,Mon,60.300000000000864,255.89999999999975,220.99999999999795,62.19999999999857,False,True,False,True,209.002,211.134,210.623,209.378,208.991,211.198,210.595,210.849,208.639,False,False,3,11,False,False,lo,False,False,False,True,False,False
2026-09-08 00:00:00+00:00,Tue,135.50000000000182,194.50000000000216,137.39999999999952,117.30000000000018,True,False,True,False,208.48,208.383,207.654,208.946,208.482,208.448,207.093,209.01,207.636,False,False,21,5,False,False,hi,False,True,False,True,False,False
2026-09-09 00:00:00+00:00,Wed,72.8999999999985,95.3000000000003,77.50000000000057,61.19999999999948,False,True,False,True,207.957,207.824,207.741,207.794,208.108,208.333,207.604,208.155,207.38,False,False,4,9,False,True,lo,True,False,False,False,False,False
2026-09-10 00:00:00+00:00,Thu,46.000000000000796,106.19999999999834,87.60000000000048,94.49999999999932,False,False,True,False,208.63,208.03,208.25,208.55,208.499,208.282,207.822,208.709,207.833,False,False,15,7,False,False,hi,False,True,True,False,False,False
2026-09-11 00:00:00+00:00,Fri,82.59999999999934,161.099999999999,73.99999999999807,103.09999999999775,False,False,False,True,207.716,208.68,208.125,207.988,207.884,208.911,208.085,208.563,207.823,False,True,3,16,False,False,lo,False,False,True,True,True,False
2026-09-14 00:00:00+00:00,Mon,73.599999999999,131.19999999999834,74.89999999999952,71.09999999999843,True,False,True,False,208.332,207.503,208.013,208.533,208.376,208.191,207.455,208.625,207.876,True,False,16,3,False,False,hi,False,True,False,False,False,False
2026-09-15 00:00:00+00:00,Tue,42.900000000000205,78.49999999999966,60.40000000000134,39.49999999999818,True,False,True,False,209.021,208.467,208.719,208.849,209.015,208.868,208.439,209.09,208.486,True,False,18,3,True,False,hi,False,False,True,False,False,False
2026-09-16 00:00:00+00:00,Wed,48.500000000001364,112.80000000000143,84.40000000000225,71.60000000000082,False,True,False,True,209.033,209.168,209.354,208.612,209.055,209.467,208.982,209.407,208.563,False,False,6,21,False,False,lo,False,True,True,True,True,True
2026-09-17 00:00:00+00:00,Thu,68.39999999999975,110.69999999999993,80.29999999999973,62.20000000000141,False,True,False,True,208.346,208.807,208.356,208.402,208.359,208.974,208.29,208.72,207.917,False,True,5,17,False,True,lo,False,True,False,True,False,True
2026-09-18 00:00:00+00:00,Fri,171.1999999999989,273.50000000000136,198.50000000000136,116.90000000000111,True,False,True,False,210.095,208.555,210.013,210.661,209.924,210.253,208.541,211.276,209.291,False,False,12,3,False,False,hi,False,True,True,False,False,False
2026-09-21 00:00:00+00:00,Mon,59.70000000000084,108.60000000000127,57.500000000001705,37.80000000000143,True,False,True,False,210.311,210.192,210.082,210.58,210.425,210.273,209.676,210.59,210.015,False,False,15,4,False,False,hi,False,True,False,False,False,False
2026-09-22 00:00:00+00:00,Tue,49.60000000000093,137.89999999999907,137.89999999999907,37.000000000000455,True,True,True,True,210.022,210.377,210.71,209.977,210.03,210.822,210.326,210.892,209.513,False,False,10,11,True,False,hi,True,True,True,True,True,True
2026-09-23 00:00:00+00:00,Wed,39.59999999999866,75.39999999999907,57.800000000000296,51.69999999999959,False,False,False,True,209.578,210.1,209.881,209.707,209.673,210.176,209.78,210.129,209.551,False,False,4,20,False,False,lo,False,False,False,True,False,True
2026-09-24 00:00:00+00:00,Thu,85.09999999999991,137.29999999999905,75.60000000000002,36.7999999999995,True,False,True,False,209.98,209.504,209.362,210.005,210.058,209.619,208.768,210.105,209.349,False,False,18,5,False,False,hi,False,False,False,True,False,True
2026-09-25 00:00:00+00:00,Fri,85.50000000000182,182.00000000000216,80.6999999999988,108.40000000000032,False,True,False,True,208.296,209.807,209.176,208.81,208.354,209.823,208.968,209.516,208.709,False,True,3,16,False,False,lo,False,False,False,True,False,False
2026-09-28 00:00:00+00:00,Mon,75.10000000000048,131.60000000000025,130.50000000000068,74.79999999999905,False,True,False,True,208.57,208.246,208.763,208.174,208.604,208.988,208.237,208.977,207.672,False,False,6,11,False,False,lo,False,True,False,True,False,True
2026-09-29 00:00:00+00:00,Tue,59.10000000000082,88.30000000000098,51.50000000000148,49.200000000001864,False,True,False,True,208.105,208.559,208.222,208.166,208.128,208.756,208.165,208.566,208.051,False,False,4,20,False,True,lo,False,False,False,False,False,False
2026-09-30 00:00:00+00:00,Wed,138.4999999999991,202.09999999999866,103.49999999999966,54.89999999999782,True,False,True,False,208.781,208.263,207.794,208.64,208.698,208.268,206.883,208.823,207.788,False,False,23,5,False,False,hi,False,False,True,True,False,True
2026-10-01 00:00:00+00:00,Thu,85.50000000000182,241.3000000000011,109.99999999999943,159.9000000000018,True,False,True,True,208.588,208.989,209.775,209.134,208.63,209.835,208.98,209.994,208.894,False,True,10,18,True,True,hi,True,False,True,False,True,False
2026-10-02 00:00:00+00:00,Fri,47.49999999999943,141.0000000000025,59.10000000000082,141.0000000000025,True,True,True,True,208.959,208.43,208.432,208.238,209.054,208.624,208.149,208.642,208.051,True,False,22,15,True,True,hi,False,True,False,False,False,False
2026-10-05 00:00:00+00:00,Mon,56.09999999999786,108.19999999999936,106.79999999999836,72.20000000000084,True,True,True,True,208.763,208.89,208.49,209.261,208.874,208.926,208.365,209.297,208.229,False,False,15,9,False,True,lo,True,True,True,False,True,False
2026-10-06 00:00:00+00:00,Tue,43.39999999999975,140.39999999999964,113.59999999999957,46.50000000000034,True,False,True,False,209.836,208.786,208.878,209.769,209.985,209.07,208.636,209.831,208.695,False,False,15,3,False,False,hi,False,False,True,False,False,False
