day,adr,asia_rng,lon_rng,ny_rng,asia_dir_eq_day,lon_take_ah,lon_take_al,lon_both,lon_none,lon_first_up,lon_cont,lon_rev_inside,day_follows_first_break,lon_dir_eq_day,lon_makes_hi_or_lo,ny_take_lh,ny_take_ll,ny_cont_lon,ny_makes_hi_or_lo,hi_session,lo_session,dow,asia_pdh,asia_pdl,day_pdh,day_pdl,day_vs_prev,pd_first
2025-09-29 00:00:00+00:00,70.34000000000015,50.63999999999987,14.876999999999953,23.960000000000036,True,True,False,False,False,True,True,False,True,True,False,True,False,True,False,other,Asia,Mon,,,,,,
2025-09-30 00:00:00+00:00,78.63000000000011,39.36700000000019,66.32299999999987,45.690000000000055,True,False,True,False,False,False,True,False,False,False,True,False,False,False,False,other,London,Tue,True,False,True,False,True,Asia
2025-10-01 00:00:00+00:00,42.090000000000146,19.909999999999854,36.340000000000146,34.583000000000084,True,True,False,False,False,True,True,False,True,True,True,False,True,False,False,London,other,Wed,True,False,True,False,True,Asia
2025-10-02 00:00:00+00:00,77.86300000000028,18.269999999999982,22.10699999999997,77.86300000000028,False,True,False,False,False,True,True,False,False,False,False,True,True,False,True,NY,NY,Thu,False,True,True,True,False,Asia
2025-10-03 00:00:00+00:00,53.690000000000055,24.730000000000018,10.849999999999909,31.139999999999873,False,True,False,False,False,True,True,False,True,True,False,True,False,True,True,NY,Asia,Fri,False,False,False,False,False,none/later
2025-10-06 00:00:00+00:00,71.26700000000028,46.297000000000025,20.299999999999727,37.50999999999976,True,True,False,False,False,True,False,True,True,True,False,True,True,True,False,other,Asia,Mon,True,False,True,False,True,Asia
2025-10-07 00:00:00+00:00,50.159999999999854,21.539999999999964,22.61999999999989,29.289999999999964,False,False,True,False,False,False,False,True,False,True,True,True,False,False,True,NY,London,Tue,True,False,True,False,True,Asia
2025-10-08 00:00:00+00:00,75.05299999999988,52.73999999999978,19.42300000000023,24.269999999999982,True,True,False,False,False,True,True,False,True,True,False,True,True,True,False,other,Asia,Wed,True,False,True,False,True,Asia
2025-10-09 00:00:00+00:00,113.97699999999986,41.01000000000022,19.5300000000002,54.0,False,True,False,False,False,True,True,False,False,False,False,True,True,False,True,NY,other,Thu,False,False,False,True,False,none/later
2025-10-10 00:00:00+00:00,76.07299999999987,47.5,54.14000000000033,52.26299999999992,False,True,False,False,False,True,False,True,True,True,False,True,False,True,True,NY,Asia,Fri,False,False,False,False,False,none/later
2025-10-13 00:00:00+00:00,92.71000000000004,53.452999999999975,18.920000000000073,34.19300000000021,True,True,False,False,False,True,True,False,True,True,False,True,False,True,False,other,Asia,Mon,True,False,True,False,True,Asia
2025-10-14 00:00:00+00:00,89.54999999999973,68.90699999999924,42.57300000000032,44.75,False,False,True,False,False,False,False,True,True,True,False,False,True,True,False,Asia,other,Tue,True,False,True,False,True,Asia
2025-10-15 00:00:00+00:00,64.52999999999975,39.853000000000065,54.84599999999955,36.35599999999977,True,True,False,False,False,True,True,False,True,True,True,False,False,False,False,London,Asia,Wed,True,False,True,False,True,Asia
2025-10-16 00:00:00+00:00,127.28999999999996,38.779999999999745,24.23999999999978,48.56299999999919,False,True,False,False,False,True,True,False,True,True,False,True,False,True,False,other,Asia,Thu,True,False,True,False,True,Asia
2025-10-17 00:00:00+00:00,193.02999999999975,100.15999999999985,53.400000000000546,103.31999999999971,False,False,False,False,True,,,,,True,False,False,True,True,False,Asia,other,Fri,True,False,True,True,False,Asia
2025-10-20 00:00:00+00:00,162.79299999999967,52.48999999999978,31.609999999999673,82.99000000000069,True,False,False,False,True,,,,,True,False,True,False,True,False,other,Asia,Mon,False,False,True,False,False,none/later
2025-10-21 00:00:00+00:00,293.84900000000016,55.14300000000003,98.93000000000029,179.1859999999997,True,False,True,False,False,False,True,False,True,True,False,False,True,True,True,Asia,NY,Tue,False,False,False,True,False,NY
2025-10-22 00:00:00+00:00,157.8670000000002,143.44700000000012,133.47700000000032,74.11999999999989,True,True,False,False,False,True,False,True,True,False,False,False,True,False,False,other,Asia,Wed,False,True,False,True,False,Asia
2025-10-23 00:00:00+00:00,89.0300000000002,44.809999999999945,33.679999999999836,54.470000000000255,True,True,False,False,False,True,False,True,True,False,False,True,False,False,True,NY,Asia,Thu,False,False,False,False,True,none/later
2025-10-24 00:00:00+00:00,100.5270000000005,41.840000000000146,48.333000000000084,75.13000000000011,True,False,True,False,False,False,True,False,True,True,False,True,False,False,False,Asia,other,Fri,False,False,False,True,False,London
2025-10-27 00:00:00+00:00,126.47699999999986,44.039999999999964,55.18000000000029,79.02699999999959,False,False,True,False,False,False,True,False,True,True,False,False,True,True,True,Asia,NY,Mon,False,False,False,True,True,London
2025-10-28 00:00:00+00:00,133.20600000000013,60.51000000000022,49.35599999999977,64.07000000000016,True,False,True,False,False,False,True,False,True,True,True,True,False,False,False,Asia,London,Tue,False,True,False,True,True,Asia
2025-10-29 00:00:00+00:00,102.36999999999989,38.4699999999998,29.2470000000003,40.789999999999964,True,True,False,False,False,True,True,False,False,False,False,True,True,False,True,NY,other,Wed,False,False,True,False,True,London
2025-10-30 00:00:00+00:00,111.88299999999981,67.23000000000002,51.603000000000065,54.68000000000029,True,True,False,False,False,True,False,True,True,True,False,True,False,True,False,other,Asia,Thu,False,True,False,True,False,Asia
2025-10-31 00:00:00+00:00,67.17000000000007,50.370000000000346,28.29300000000012,27.230000000000018,True,False,False,False,True,,,,,True,False,True,False,False,False,Asia,other,Fri,True,False,True,False,False,Asia
2025-11-03 00:00:00+00:00,68.0600000000004,55.75,34.98999999999978,35.396000000000186,True,True,False,False,False,True,False,True,True,False,False,True,False,True,True,NY,Asia,Mon,False,True,False,True,False,Asia
2025-11-04 00:00:00+00:00,72.0,26.68000000000029,14.710000000000036,67.28999999999996,True,True,False,False,False,True,False,True,False,False,True,False,True,False,True,London,NY,Tue,False,False,False,True,False,NY
2025-11-05 00:00:00+00:00,60.58699999999999,48.69699999999966,31.090000000000146,26.539999999999964,True,True,False,False,False,True,False,True,True,False,False,True,False,False,True,NY,Asia,Wed,False,False,False,False,False,none/later
2025-11-06 00:00:00+00:00,54.92000000000007,26.190000000000055,15.019999999999982,41.01000000000022,True,True,False,False,False,True,True,False,True,True,False,False,True,False,False,other,Asia,Thu,True,False,True,False,True,Asia
2025-11-07 00:00:00+00:00,43.36999999999989,18.81999999999971,20.440000000000055,43.36999999999989,True,True,False,False,False,True,False,True,True,False,False,True,True,False,True,NY,NY,Fri,False,False,True,False,True,NY
2025-11-10 00:00:00+00:00,104.6899999999996,58.80000000000018,14.849999999999909,31.65000000000009,True,True,False,False,False,True,True,False,True,True,False,True,False,False,False,other,Asia,Mon,True,False,True,False,True,Asia
2025-11-11 00:00:00+00:00,51.909999999999854,32.69999999999982,17.140000000000327,49.69999999999982,True,False,False,False,True,,,,,True,False,True,True,False,True,Asia,NY,Tue,True,False,True,False,True,Asia
2025-11-12 00:00:00+00:00,112.82999999999993,46.590000000000146,21.36999999999989,75.05299999999988,False,False,False,False,True,,,,,True,False,True,False,True,False,other,Asia,Wed,False,False,True,False,True,NY
2025-11-13 00:00:00+00:00,99.96000000000004,39.5,20.92999999999938,59.29000000000087,False,True,False,False,False,True,True,False,False,False,False,True,True,False,False,other,other,Thu,True,False,True,False,False,Asia
2025-11-14 00:00:00+00:00,179.0600000000004,37.67000000000007,56.149999999999636,86.88000000000011,False,False,True,False,False,False,True,False,True,True,False,False,True,True,True,Asia,NY,Fri,False,False,False,True,True,London
2025-11-17 00:00:00+00:00,94.86999999999944,52.099999999999454,34.779999999999745,40.07999999999993,True,False,False,False,True,,,,,True,False,False,True,True,False,Asia,other,Mon,False,False,False,True,True,none/later
2025-11-18 00:00:00+00:00,84.61700000000019,40.516000000000076,39.960000000000036,50.429999999999836,False,True,False,False,False,True,False,True,True,True,False,True,False,True,False,other,other,Tue,False,True,False,True,False,Asia
2025-11-19 00:00:00+00:00,77.42700000000013,42.06699999999955,40.779999999999745,64.96000000000004,False,True,False,False,False,True,True,False,False,False,False,True,True,False,True,NY,Asia,Wed,True,False,True,False,False,Asia
2025-11-20 00:00:00+00:00,71.20000000000027,69.80700000000024,33.88999999999987,62.570000000000164,True,False,True,False,False,False,False,True,False,False,True,True,False,False,False,Asia,London,Thu,False,True,False,True,True,Asia
2025-11-21 00:00:00+00:00,78.76400000000012,41.379999999999654,41.070000000000164,45.547000000000025,True,False,True,False,False,False,True,False,False,False,True,True,False,True,False,other,London,Fri,False,False,False,True,True,London
2025-11-24 00:00:00+00:00,93.45999999999958,35.909999999999854,17.58999999999969,30.600000000000364,False,True,False,False,False,True,False,True,True,True,False,True,False,True,False,other,Asia,Mon,False,False,True,False,False,none/later
2025-11-25 00:00:00+00:00,49.63000000000011,33.31999999999971,29.722999999999956,39.862999999999374,False,False,True,False,False,False,False,True,True,False,True,True,False,True,False,other,London,Tue,True,False,True,False,False,Asia
2025-11-26 00:00:00+00:00,40.70000000000073,36.8100000000004,18.372999999999593,32.710000000000036,True,True,False,False,False,True,True,False,True,True,False,False,True,True,False,other,Asia,Wed,True,False,True,False,False,Asia
2025-11-27 00:00:00+00:00,24.399999999999636,24.372999999999593,18.659999999999854,12.679999999999382,True,True,False,False,False,True,False,True,True,True,True,False,False,False,False,London,Asia,Thu,False,False,False,False,False,none/later
2025-11-28 00:00:00+00:00,76.65999999999985,30.390000000000327,29.38000000000011,42.61700000000019,True,False,True,False,False,False,False,True,False,False,True,True,False,False,False,other,London,Fri,True,False,True,False,False,Asia
2025-12-01 00:00:00+00:00,49.11000000000058,40.970000000000255,24.067000000000007,45.039999999999964,True,True,False,False,False,True,False,True,True,True,False,True,True,False,True,NY,Asia,Mon,True,False,True,False,True,Asia
2025-12-02 00:00:00+00:00,66.90700000000015,31.579999999999927,36.05999999999949,66.90700000000015,True,False,True,False,False,False,False,True,True,True,False,True,True,True,True,NY,NY,Tue,False,True,False,True,False,Asia
2025-12-03 00:00:00+00:00,46.82999999999993,25.610000000000582,15.603000000000065,45.649999999999636,True,False,True,False,False,False,False,True,True,False,True,True,False,False,True,NY,London,Wed,False,False,True,False,True,NY
2025-12-04 00:00:00+00:00,44.25,41.710000000000036,23.020000000000437,34.100000000000364,False,False,False,False,True,,,,,True,False,True,False,True,True,NY,Asia,Thu,False,True,False,True,False,Asia
2025-12-05 00:00:00+00:00,64.63999999999942,26.729999999999563,11.570000000000618,60.88999999999942,False,True,False,False,False,True,True,False,False,True,False,True,True,True,True,NY,Asia,Fri,True,False,True,False,False,Asia
2025-12-08 00:00:00+00:00,42.75700000000052,19.799999999999272,16.98700000000008,38.46700000000055,False,False,False,False,True,,,,,False,False,False,True,False,True,other,NY,Mon,False,False,False,True,True,NY
2025-12-09 00:00:00+00:00,51.5,20.76299999999992,30.460000000000036,32.115999999999985,False,True,False,False,False,True,True,False,True,True,False,True,False,True,True,NY,other,Tue,False,False,True,True,False,NY
2025-12-10 00:00:00+00:00,56.88000000000011,17.090000000000146,18.910000000000764,18.17999999999938,True,False,True,False,False,False,True,False,False,False,False,True,False,False,False,other,other,Wed,False,False,True,False,True,none/later
2025-12-11 00:00:00+00:00,81.80000000000018,41.61700000000019,16.329999999999927,73.71299999999974,False,False,False,False,True,,,,,False,False,True,True,False,False,other,other,Thu,True,False,True,False,True,Asia
2025-12-12 00:00:00+00:00,96.47999999999956,16.277000000000044,52.17999999999938,96.47999999999956,True,True,False,False,False,True,True,False,True,True,False,True,True,False,True,NY,NY,Fri,False,False,True,False,True,London
2025-12-15 00:00:00+00:00,64.9399999999996,44.210000000000036,14.98700000000008,60.92999999999938,True,True,False,False,False,True,False,True,False,True,True,False,True,False,True,London,NY,Mon,False,False,False,False,True,none/later
2025-12-16 00:00:00+00:00,63.8100000000004,46.56999999999971,15.63000000000011,44.25700000000052,False,False,False,False,True,,,,,False,False,True,False,False,True,NY,Asia,Tue,False,True,False,True,True,Asia
2025-12-17 00:00:00+00:00,42.36999999999989,34.98000000000047,16.769999999999527,33.82000000000062,True,False,True,False,False,False,False,True,False,False,True,True,False,False,True,NY,London,Wed,True,False,True,False,True,Asia
2025-12-18 00:00:00+00:00,66.11000000000058,18.529999999999745,11.890000000000327,66.11000000000058,True,False,True,False,False,False,False,True,False,True,False,True,True,False,True,NY,NY,Thu,False,False,True,False,False,NY
2025-12-19 00:00:00+00:00,47.649999999999636,26.779999999999745,12.660000000000764,34.85999999999967,False,False,False,False,True,,,,,True,False,True,True,True,False,other,Asia,Fri,False,False,False,False,False,none/later
2025-12-22 00:00:00+00:00,87.0630000000001,54.35999999999967,9.800000000000182,30.222999999999956,True,True,False,False,False,True,True,False,True,False,False,True,False,False,True,NY,Asia,Mon,True,False,True,False,True,Asia
2025-12-23 00:00:00+00:00,69.6939999999995,39.64000000000033,16.0600000000004,67.19999999999982,True,False,False,False,True,,,,,True,False,True,True,False,True,other,NY,Tue,True,False,True,False,True,Asia
2025-12-24 00:00:00+00:00,77.86999999999989,57.84600000000046,21.719999999999345,45.349999999999454,True,False,False,False,True,,,,,False,False,False,True,False,True,Asia,NY,Wed,True,False,True,False,False,Asia
2025-12-26 00:00:00+00:00,58.18000000000029,39.44000000000051,20.659999999999854,46.51000000000022,True,False,False,False,True,,,,,False,False,True,False,False,True,NY,Asia,Fri,True,False,True,False,False,Asia
2025-12-29 00:00:00+00:00,226.84699999999975,56.04700000000048,54.42000000000007,166.58999999999924,True,False,True,False,False,False,True,False,True,True,False,False,True,True,True,Asia,NY,Mon,False,True,False,True,False,Asia
2025-12-30 00:00:00+00:00,79.80299999999988,55.57000000000062,41.5600000000004,49.412999999999556,False,True,False,False,False,True,True,False,False,False,False,True,False,False,True,NY,Asia,Tue,False,False,False,False,True,none/later
2025-12-31 00:00:00+00:00,99.09999999999945,97.38000000000011,34.06700000000001,45.302999999999884,True,False,False,False,True,,,,,True,False,True,False,False,False,Asia,other,Wed,False,True,False,True,True,Asia
2026-01-02 00:00:00+00:00,92.30999999999949,40.42000000000007,18.4429999999993,87.08299999999963,False,True,False,False,False,True,True,False,False,False,False,True,True,False,True,NY,other,Fri,True,False,True,False,True,Asia
2026-01-05 00:00:00+00:00,85.40000000000055,51.17000000000007,29.390000000000327,59.38000000000011,True,True,False,False,False,True,False,True,True,False,False,True,True,False,True,NY,Asia,Mon,True,False,True,False,False,Asia
2026-01-06 00:00:00+00:00,68.77299999999923,46.1899999999996,33.38999999999942,37.07999999999993,True,True,False,False,False,True,False,True,True,True,False,True,False,True,False,other,Asia,Tue,True,False,True,False,True,Asia
2026-01-07 00:00:00+00:00,72.46000000000004,52.659999999999854,28.39300000000003,44.9399999999996,True,False,False,False,True,,,,,True,False,False,True,False,True,Asia,NY,Wed,False,False,False,True,False,NY
2026-01-08 00:00:00+00:00,70.41300000000047,50.85999999999967,15.707000000000335,47.159999999999854,False,False,False,False,True,,,,,False,False,True,True,False,False,other,other,Thu,False,True,False,True,False,Asia
2026-01-09 00:00:00+00:00,64.3130000000001,24.090000000000146,13.539999999999964,58.302999999999884,False,True,False,False,False,True,False,True,True,True,False,True,True,True,True,NY,Asia,Fri,False,False,True,False,True,NY
2026-01-12 00:00:00+00:00,93.92000000000007,64.99299999999948,20.01000000000022,45.36000000000058,True,False,False,False,True,,,,,False,False,True,False,False,True,NY,Asia,Mon,True,False,True,False,True,Asia
2026-01-13 00:00:00+00:00,65.09999999999945,26.670000000000073,17.349999999999454,43.88000000000011,True,False,False,False,True,,,,,False,False,True,False,True,True,NY,other,Tue,False,False,True,False,False,NY
2026-01-14 00:00:00+00:00,45.94999999999982,42.789999999999964,18.159999999999854,42.23000000000047,True,False,False,False,True,,,,,False,False,True,True,True,False,other,Asia,Wed,True,False,True,False,False,Asia
2026-01-15 00:00:00+00:00,43.51000000000022,37.100000000000364,25.06999999999971,42.1899999999996,True,True,False,False,False,True,True,False,True,False,False,True,True,False,True,NY,Asia,Thu,False,True,False,True,False,Asia
2026-01-16 00:00:00+00:00,83.51999999999953,24.75999999999931,17.68000000000029,83.51999999999953,False,True,False,False,False,True,False,True,False,False,False,True,True,False,True,NY,NY,Fri,False,False,False,True,True,NY
2026-01-19 00:00:00+00:00,28.889999999999418,28.889999999999418,14.229999999999563,14.756999999999607,True,False,False,False,True,,,,,True,False,True,False,False,False,Asia,Asia,Mon,True,False,True,False,True,Asia
2026-01-20 00:00:00+00:00,106.90000000000055,57.150000000000546,22.539999999999964,42.279999999999745,True,True,False,False,False,True,True,False,True,True,False,True,False,True,False,other,Asia,Tue,True,False,True,False,False,Asia
2026-01-21 00:00:00+00:00,132.72999999999956,107.86699999999928,25.640000000000327,68.22000000000025,True,False,False,False,True,,,,,True,False,True,True,False,False,other,other,Wed,True,False,True,False,True,Asia
2026-01-22 00:00:00+00:00,156.10999999999967,49.07999999999993,24.32000000000062,74.69999999999982,True,True,False,False,False,True,True,False,True,False,False,True,True,False,False,other,Asia,Thu,False,False,True,False,True,none/later
2026-01-23 00:00:00+00:00,90.13000000000011,31.23999999999978,48.01999999999953,64.78999999999996,True,False,True,False,False,False,True,False,False,False,True,True,False,False,False,other,London,Fri,True,False,True,False,True,Asia
2026-01-26 00:00:00+00:00,102.86700000000019,64.03999999999996,23.230999999999767,50.64000000000033,True,True,False,False,False,True,False,True,False,True,False,True,True,True,False,other,other,Mon,True,False,True,False,True,Asia
2026-01-27 00:00:00+00:00,168.59999999999945,71.51999999999953,32.53700000000026,56.60999999999967,True,True,False,False,False,True,False,True,True,False,False,True,True,False,False,other,Asia,Tue,False,False,True,False,True,none/later
2026-01-28 00:00:00+00:00,234.07999999999993,109.28000000000065,72.89999999999964,64.76699999999983,True,True,False,False,False,True,False,True,True,False,False,False,True,False,False,other,Asia,Wed,True,False,True,False,True,Asia
2026-01-29 00:00:00+00:00,496.5099999999993,119.98700000000008,84.03999999999996,450.5699999999997,False,False,False,False,True,,,,,True,False,False,True,True,True,other,NY,Thu,True,False,True,True,False,Asia
2026-01-30 00:00:00+00:00,771.0199999999995,339.34699999999975,239.90999999999985,169.0630000000001,True,False,True,False,False,False,False,True,True,True,False,False,False,True,False,Asia,other,Fri,False,False,False,True,True,London
2026-02-02 00:00:00+00:00,483.21000000000004,387.6129999999994,221.1199999999999,207.14300000000003,True,False,False,False,True,,,,,False,False,True,False,False,False,Asia,other,Mon,False,True,False,True,True,Asia
2026-02-03 00:00:00+00:00,248.64999999999964,111.4399999999996,65.95000000000073,100.56299999999919,True,True,False,False,False,True,True,False,True,False,False,True,False,False,True,NY,Asia,Tue,False,False,True,False,False,London
2026-02-04 00:00:00+00:00,247.23000000000047,144.42000000000007,78.38000000000011,218.98999999999978,False,True,False,False,False,True,False,True,False,True,True,False,True,True,True,London,NY,Wed,True,False,True,False,False,Asia
2026-02-05 00:00:00+00:00,232.48999999999978,232.48999999999978,96.01000000000022,106.03999999999996,True,False,False,False,True,,,,,True,False,False,True,False,False,Asia,Asia,Thu,False,True,False,True,True,Asia
2026-02-06 00:00:00+00:00,316.5430000000006,243.21000000000004,66.92299999999977,70.20299999999952,True,False,False,False,True,,,,,True,False,True,False,True,False,other,Asia,Fri,False,True,False,True,False,Asia
2026-02-09 00:00:00+00:00,118.43000000000029,76.35999999999967,58.659999999999854,85.64000000000033,True,False,False,False,True,,,,,True,False,True,False,True,False,other,Asia,Mon,True,False,True,False,True,Asia
2026-02-10 00:00:00+00:00,79.79999999999927,47.780000000000655,34.45000000000073,79.79999999999927,False,True,False,False,False,True,False,True,False,False,False,True,True,False,True,NY,NY,Tue,False,False,False,False,False,none/later
2026-02-11 00:00:00+00:00,100.81999999999971,35.92000000000007,70.82000000000062,71.75,True,True,False,False,False,True,True,False,True,True,False,False,True,False,True,other,NY,Wed,False,False,True,False,False,London
2026-02-12 00:00:00+00:00,206.22000000000025,33.6269999999995,28.639999999999418,206.22000000000025,False,True,False,False,False,True,False,True,False,False,False,True,True,False,True,NY,NY,Thu,False,False,False,True,False,NY
2026-02-13 00:00:00+00:00,132.30000000000018,83.44999999999982,55.81999999999971,76.23300000000017,True,False,False,False,True,,,,,False,False,True,False,False,False,other,Asia,Fri,False,False,False,False,False,none/later
2026-02-16 00:00:00+00:00,66.07699999999932,66.07699999999932,21.76000000000022,34.73999999999978,True,False,False,False,True,,,,,True,False,False,True,True,False,Asia,Asia,Mon,False,False,False,False,False,none/later
2026-02-17 00:00:00+00:00,150.90999999999985,134.35699999999997,31.610000000000582,92.96000000000004,True,False,False,False,True,,,,,False,False,False,True,False,True,Asia,NY,Tue,False,True,False,True,True,Asia
2026-02-18 00:00:00+00:00,152.96699999999964,81.9970000000003,26.042999999999665,68.04999999999927,True,False,False,False,True,,,,,False,False,True,False,False,True,NY,Asia,Wed,False,False,True,False,False,NY
2026-02-19 00:00:00+00:00,61.96700000000055,38.35699999999997,44.32000000000062,59.3100000000004,True,True,False,False,False,True,False,True,True,False,True,False,True,False,False,London,Asia,Thu,False,False,True,False,True,London
2026-02-20 00:00:00+00:00,116.72000000000025,33.20000000000073,37.659999999999854,79.80000000000018,True,True,False,False,False,True,True,False,True,True,False,True,True,True,False,other,Asia,Fri,False,False,True,False,True,London
2026-02-23 00:00:00+00:00,115.90700000000015,47.350000000000364,41.47699999999986,77.63999999999942,False,False,True,False,False,False,False,True,False,True,True,True,False,True,False,other,London,Mon,True,False,True,False,True,Asia
2026-02-24 00:00:00+00:00,144.59999999999945,93.1269999999995,18.802999999999884,67.8799999999992,True,False,False,False,True,,,,,True,False,False,True,True,True,Asia,NY,Tue,True,False,True,True,False,Asia
2026-02-25 00:00:00+00:00,80.85000000000036,73.80000000000018,42.1299999999992,55.17000000000007,True,False,False,False,True,,,,,False,False,True,False,False,False,other,Asia,Wed,False,False,False,False,False,none/later
2026-02-26 00:00:00+00:00,75.72000000000025,50.38000000000011,29.61999999999989,63.039999999999964,True,False,False,False,True,,,,,False,False,True,True,True,True,Asia,NY,Thu,False,False,False,True,True,NY
2026-02-27 00:00:00+00:00,98.66300000000047,33.539999999999964,17.360000000000582,70.98999999999978,True,False,False,False,True,,,,,True,False,True,False,True,False,other,Asia,Fri,False,False,True,False,True,NY
2026-03-02 00:00:00+00:00,158.77999999999975,84.95000000000073,41.590000000000146,156.52999999999975,True,True,False,False,False,True,False,True,False,True,False,True,True,True,True,other,NY,Mon,True,False,True,False,False,Asia
2026-03-03 00:00:00+00:00,384.27999999999975,75.28999999999996,264.08999999999924,228.59999999999945,True,False,True,False,False,False,True,False,True,True,False,False,True,True,True,Asia,NY,Tue,False,False,False,True,True,London
2026-03-04 00:00:00+00:00,100.64699999999993,85.32700000000023,54.80999999999949,65.09999999999945,True,True,False,False,False,True,True,False,False,True,False,False,True,False,False,other,Asia,Wed,False,False,False,False,False,none/later
2026-03-05 00:00:00+00:00,143.97699999999986,46.63000000000011,42.947000000000116,109.86000000000058,True,False,True,False,False,False,False,True,True,False,False,False,True,False,False,Asia,other,Thu,False,False,False,True,False,NY
2026-03-06 00:00:00+00:00,112.22999999999956,77.44999999999982,60.64000000000033,106.18000000000029,True,False,True,False,False,False,False,True,False,False,True,True,False,False,False,other,London,Fri,False,False,False,False,False,none/later
2026-03-09 00:00:00+00:00,133.25,125.71000000000004,53.0,55.65599999999995,True,False,False,False,True,,,,,False,False,False,True,False,False,other,Asia,Mon,False,True,False,True,True,Asia
2026-03-10 00:00:00+00:00,113.89999999999964,62.113000000000284,38.76999999999953,76.13999999999942,True,True,False,False,False,True,False,True,True,False,False,True,False,False,True,NY,Asia,Tue,True,False,True,False,True,Asia
2026-03-11 00:00:00+00:00,73.95000000000073,36.52000000000044,23.3100000000004,46.89300000000003,False,False,True,False,False,False,True,False,True,True,False,False,True,True,True,Asia,NY,Wed,False,False,False,False,False,none/later
2026-03-12 00:00:00+00:00,136.59299999999985,49.75999999999931,18.912999999999556,76.60000000000036,False,True,False,False,False,True,True,False,False,True,True,False,True,True,False,London,other,Thu,False,True,False,True,True,Asia
2026-03-13 00:00:00+00:00,118.73000000000047,30.980000000000473,46.36000000000058,90.29000000000087,False,False,True,False,False,False,False,True,True,False,False,True,True,False,False,Asia,other,Fri,False,False,False,True,True,NY
2026-03-16 00:00:00+00:00,67.60000000000036,48.39000000000033,52.36999999999989,54.090000000000146,True,False,True,False,False,False,False,True,True,True,True,True,False,False,True,NY,London,Mon,False,True,False,True,False,Asia
2026-03-17 00:00:00+00:00,70.85999999999967,49.75,37.64000000000033,57.720000000000255,False,False,True,False,False,False,False,True,True,True,False,True,True,True,True,Asia,NY,Tue,True,False,True,False,False,Asia
2026-03-18 00:00:00+00:00,209.38999999999942,34.25,71.5640000000003,98.48000000000047,True,False,True,False,False,False,True,False,True,True,False,False,True,True,False,other,other,Wed,False,False,False,True,True,London
2026-03-19 00:00:00+00:00,364.8869999999997,40.31999999999971,89.47000000000025,151.67699999999968,True,False,True,False,False,False,True,False,True,True,False,False,True,True,True,Asia,NY,Thu,False,False,False,True,True,London
2026-03-20 00:00:00+00:00,258.71000000000004,96.61999999999989,97.80000000000018,154.84000000000015,False,False,True,False,False,False,False,True,True,True,False,False,True,True,False,Asia,other,Fri,False,False,False,True,True,none/later
2026-03-23 00:00:00+00:00,414.3900000000003,171.27700000000004,260.95600000000013,176.35999999999967,True,False,True,False,False,False,False,True,False,False,False,True,False,False,True,NY,other,Mon,False,True,False,True,True,Asia
2026-03-24 00:00:00+00:00,178.3800000000001,140.8700000000008,68.81700000000001,82.2470000000003,False,False,False,False,True,,,,,False,False,False,True,False,False,other,Asia,Tue,False,False,False,False,False,none/later
2026-03-25 00:00:00+00:00,115.61700000000019,65.0600000000004,57.8100000000004,61.69000000000051,False,False,True,False,False,False,False,True,True,False,False,False,True,False,False,Asia,other,Wed,True,False,True,False,False,Asia
2026-03-26 00:00:00+00:00,193.27999999999975,105.6899999999996,46.47999999999956,63.18000000000029,True,False,True,False,False,False,True,False,True,True,False,True,False,False,False,Asia,other,Thu,False,True,False,True,True,Asia
2026-03-27 00:00:00+00:00,179.73000000000047,99.68000000000029,46.363000000000284,142.67000000000007,True,False,False,False,True,,,,,False,False,True,False,False,True,NY,Asia,Fri,False,False,True,False,False,NY
2026-03-30 00:00:00+00:00,162.80000000000018,110.55000000000018,24.779999999999745,66.70700000000033,True,True,False,False,False,True,True,False,True,False,False,True,True,True,False,other,Asia,Mon,False,False,True,False,True,NY
2026-03-31 00:00:00+00:00,204.82000000000062,137.07999999999993,45.75300000000061,62.542999999999665,True,False,False,False,True,,,,,False,False,True,False,False,False,other,Asia,Tue,True,False,True,False,True,Asia
2026-04-01 00:00:00+00:00,126.53000000000065,57.400000000000546,38.17999999999938,71.93099999999959,False,True,False,False,False,True,True,False,True,True,False,True,False,True,False,other,Asia,Wed,True,False,True,False,True,Asia
2026-04-02 00:00:00+00:00,245.36699999999928,213.1199999999999,54.06999999999971,119.01000000000022,True,False,False,False,True,,,,,False,False,True,True,True,False,Asia,other,Thu,True,True,True,True,False,Asia
2026-04-06 00:00:00+00:00,105.86999999999989,78.05999999999949,61.52000000000044,46.027000000000044,True,True,False,False,False,True,True,False,True,True,True,False,False,False,False,London,Asia,Mon,False,False,False,False,False,none/later
2026-04-07 00:00:00+00:00,111.13000000000011,48.24000000000069,57.48999999999978,63.43000000000029,False,True,False,False,False,True,False,True,True,False,False,False,True,True,True,other,NY,Tue,False,False,True,False,True,none/later
2026-04-08 00:00:00+00:00,157.76299999999992,69.03299999999945,50.219999999999345,75.10000000000036,True,False,True,False,False,False,True,False,True,True,False,False,True,True,False,Asia,other,Wed,True,False,True,False,False,Asia
2026-04-09 00:00:00+00:00,102.93000000000029,34.51000000000022,41.10999999999967,63.159999999999854,False,True,False,False,False,True,True,False,True,True,False,True,False,True,False,other,Asia,Thu,False,True,False,True,False,Asia
2026-04-10 00:00:00+00:00,64.5600000000004,39.31999999999971,30.350000000000364,39.52000000000044,False,False,True,False,False,False,False,True,True,False,True,True,False,False,True,NY,London,Fri,False,False,False,False,False,none/later
2026-04-13 00:00:00+00:00,85.40000000000055,66.27999999999975,31.67999999999938,44.289999999999964,True,True,False,False,False,True,False,True,True,False,False,True,True,False,False,other,Asia,Mon,False,True,False,True,False,Asia
2026-04-14 00:00:00+00:00,94.8130000000001,25.789999999999964,44.900000000000546,55.69300000000021,True,True,False,False,False,True,False,True,True,False,True,True,False,False,False,other,Asia,Tue,True,False,True,False,True,Asia
2026-04-15 00:00:00+00:00,85.27999999999975,58.720000000000255,35.412999999999556,43.63000000000011,True,False,True,False,False,False,True,False,True,True,True,True,False,True,False,Asia,London,Wed,True,False,True,False,False,Asia
2026-04-16 00:00:00+00:00,65.4369999999999,27.287000000000262,25.88000000000011,50.67699999999968,True,False,True,False,False,False,False,True,True,True,False,False,True,True,True,Asia,NY,Thu,False,False,False,True,True,NY
2026-04-17 00:00:00+00:00,121.33500000000004,37.9350000000004,22.186999999999898,91.91700000000037,True,False,False,False,True,,,,,True,False,True,False,True,True,NY,Asia,Fri,False,True,True,True,False,Asia
2026-04-20 00:00:00+00:00,83.05299999999988,69.73999999999978,22.36999999999989,35.302999999999884,True,False,False,False,True,,,,,True,False,True,False,False,True,NY,Asia,Mon,False,True,False,True,True,Asia
2026-04-21 00:00:00+00:00,162.28999999999996,47.779999999999745,20.339999999999236,73.53500000000076,True,False,True,False,False,False,False,True,True,False,False,True,True,False,False,Asia,other,Tue,True,False,True,True,False,Asia
2026-04-22 00:00:00+00:00,48.47999999999956,36.3700000000008,26.579999999999927,36.01000000000022,True,True,False,False,False,True,False,True,False,False,True,False,True,True,False,London,other,Wed,False,False,False,False,False,none/later
2026-04-23 00:00:00+00:00,89.53999999999996,61.50699999999961,40.599999999999454,27.00999999999931,True,False,True,False,False,False,False,True,True,True,False,True,False,True,False,Asia,other,Thu,False,True,False,True,False,Asia
2026-04-24 00:00:00+00:00,82.51000000000022,53.45000000000073,26.579999999999927,50.44999999999982,False,False,False,False,True,,,,,True,False,True,False,True,True,NY,Asia,Fri,False,True,False,True,False,Asia
2026-04-27 00:00:00+00:00,62.81999999999971,57.850000000000364,19.050000000000182,45.42000000000007,True,False,False,False,True,,,,,False,False,False,True,True,True,Asia,NY,Mon,False,False,False,False,True,none/later
2026-04-28 00:00:00+00:00,146.34000000000015,77.39699999999993,36.07999999999993,45.289999999999964,True,False,True,False,False,False,True,False,True,True,False,False,True,False,True,Asia,NY,Tue,False,True,False,True,False,Asia
2026-04-29 00:00:00+00:00,100.31999999999971,34.36999999999989,37.24000000000069,58.970000000000255,True,False,True,False,False,False,True,False,True,True,False,False,True,True,True,Asia,NY,Wed,False,False,False,True,True,London
2026-04-30 00:00:00+00:00,106.15999999999985,41.63299999999981,62.05000000000018,36.590000000000146,True,True,False,False,False,True,True,False,True,True,True,False,False,False,False,London,Asia,Thu,False,False,True,False,False,London
2026-05-01 00:00:00+00:00,100.01999999999953,33.01999999999953,37.76000000000022,85.29999999999927,True,False,True,False,False,False,True,False,True,True,True,True,False,False,True,NY,London,Fri,False,False,True,False,False,NY
2026-05-04 00:00:00+00:00,117.69999999999982,27.56999999999971,67.36000000000058,70.94999999999982,True,False,True,False,False,False,True,False,True,True,False,False,True,True,False,Asia,other,Mon,False,False,False,True,True,London
2026-05-05 00:00:00+00:00,73.14999999999964,38.089999999999236,20.420000000000073,32.30000000000018,True,True,False,False,False,True,False,True,True,False,False,True,False,False,True,NY,Asia,Tue,False,False,False,False,False,none/later
2026-05-06 00:00:00+00:00,134.8099999999995,75.58999999999924,65.56999999999971,57.01000000000022,True,True,False,False,False,True,True,False,True,True,True,False,False,False,False,London,Asia,Wed,True,False,True,False,True,Asia
2026-05-07 00:00:00+00:00,80.02000000000044,36.26000000000022,31.609999999999673,38.340000000000146,False,True,False,False,False,True,True,False,False,True,False,True,False,True,True,NY,other,Thu,False,False,True,False,False,London
2026-05-08 00:00:00+00:00,55.409999999999854,38.779999999999745,31.01299999999992,47.53700000000026,True,False,False,False,True,,,,,False,False,True,False,True,True,NY,Asia,Fri,False,False,False,False,False,none/later
2026-05-11 00:00:00+00:00,100.65999999999985,57.42000000000007,29.829999999999927,81.1899999999996,False,False,False,False,True,,,,,False,False,True,False,False,True,NY,Asia,Mon,False,True,False,True,True,Asia
2026-05-12 00:00:00+00:00,135.10999999999967,64.85999999999967,23.359999999999673,73.22999999999956,True,False,True,False,False,False,True,False,True,True,False,True,True,True,True,Asia,NY,Tue,True,False,True,True,False,Asia
2026-05-13 00:00:00+00:00,57.20300000000043,39.42000000000007,24.539999999999964,31.86999999999989,True,False,True,False,False,False,False,True,True,True,False,False,True,True,True,Asia,NY,Wed,False,False,False,False,True,none/later
2026-05-14 00:00:00+00:00,74.60300000000007,44.27300000000014,30.233000000000175,43.77299999999923,True,True,False,False,False,True,False,True,False,True,True,False,True,True,False,London,other,Thu,False,True,False,True,True,Asia
2026-05-15 00:00:00+00:00,146.90999999999985,99.69999999999982,56.86999999999989,55.279999999999745,True,False,True,False,False,False,False,True,True,True,False,False,True,True,True,Asia,NY,Fri,False,True,False,True,True,Asia
2026-05-18 00:00:00+00:00,103.95000000000073,71.64000000000033,27.61999999999989,52.44000000000051,False,True,False,False,False,True,False,True,True,False,False,True,True,True,True,NY,Asia,Mon,False,True,False,True,False,Asia
2026-05-19 00:00:00+00:00,124.68000000000029,58.55000000000018,33.88999999999942,82.40999999999985,True,False,True,False,False,False,False,True,True,True,False,False,True,True,True,Asia,NY,Tue,True,False,True,True,False,Asia
2026-05-20 00:00:00+00:00,99.4399999999996,55.599999999999454,25.11700000000019,85.71699999999964,False,False,False,False,True,,,,,True,False,True,True,True,True,NY,Asia,Wed,False,True,False,True,False,Asia
2026-05-21 00:00:00+00:00,82.39000000000033,52.539999999999964,37.93000000000029,32.659999999999854,True,False,True,False,False,False,True,False,True,True,False,False,True,True,True,Asia,NY,Thu,True,False,True,False,False,Asia
2026-05-22 00:00:00+00:00,49.32000000000062,33.947000000000116,26.609999999999673,44.33000000000084,True,False,False,False,True,,,,,True,False,False,True,True,True,Asia,NY,Fri,False,False,False,False,True,none/later
2026-05-25 00:00:00+00:00,28.970000000000255,27.686999999999898,21.340000000000146,21.899999999999636,False,False,False,False,True,,,,,True,False,True,False,True,False,Asia,other,Mon,True,False,True,False,False,Asia
2026-05-26 00:00:00+00:00,77.53000000000065,37.160000000000764,28.317000000000007,30.67999999999938,True,False,True,False,False,False,False,True,True,False,False,False,True,False,False,Asia,other,Tue,False,True,False,True,False,Asia
2026-05-27 00:00:00+00:00,124.32000000000062,34.29000000000087,56.220000000000255,64.98999999999978,True,False,True,False,False,False,True,False,True,True,False,False,True,False,True,Asia,NY,Wed,False,False,False,True,True,London
2026-05-28 00:00:00+00:00,150.27000000000044,92.30699999999979,29.087000000000444,105.61999999999989,False,False,False,False,True,,,,,False,False,True,False,False,False,other,Asia,Thu,False,True,False,True,False,Asia
2026-05-29 00:00:00+00:00,102.97000000000025,28.75,33.349999999999454,82.14999999999964,True,True,False,False,False,True,True,False,True,True,False,True,False,True,True,NY,Asia,Fri,True,False,True,False,True,Asia
2026-06-01 00:00:00+00:00,98.17999999999938,37.29999999999927,21.81999999999971,62.80999999999949,True,False,True,False,False,False,True,False,True,False,False,False,True,False,True,Asia,NY,Mon,False,False,False,True,False,London
2026-06-02 00:00:00+00:00,78.72699999999986,65.31700000000001,20.3100000000004,43.93000000000029,True,True,False,False,False,True,True,False,False,False,True,False,True,True,False,London,Asia,Tue,False,False,False,False,False,none/later
2026-06-03 00:00:00+00:00,70.32000000000062,40.21700000000055,33.30000000000018,40.77000000000044,True,False,True,False,False,False,False,True,True,True,False,False,True,True,True,Asia,NY,Wed,False,True,False,True,False,Asia
2026-06-04 00:00:00+00:00,72.23000000000047,40.900000000000546,17.109999999999673,58.13000000000011,True,False,False,False,True,,,,,True,False,True,True,False,True,NY,Asia,Thu,False,False,True,False,False,NY
2026-06-05 00:00:00+00:00,164.14700000000084,34.76999999999953,17.660000000000764,141.91000000000076,True,False,False,False,True,,,,,False,False,True,True,False,True,NY,other,Fri,False,True,False,True,False,Asia
2026-06-08 00:00:00+00:00,84.96000000000004,84.96000000000004,44.159999999999854,31.80999999999949,True,False,False,False,True,,,,,False,False,True,False,True,False,Asia,Asia,Mon,False,True,False,True,True,Asia
2026-06-09 00:00:00+00:00,126.96000000000004,36.327000000000226,19.770000000000437,100.34000000000015,False,False,False,False,True,,,,,False,False,True,True,False,True,NY,other,Tue,False,False,True,True,True,NY
2026-06-10 00:00:00+00:00,161.1599999999994,55.969999999999345,52.4399999999996,79.52999999999975,True,False,True,False,False,False,False,True,True,True,False,False,True,True,False,Asia,other,Wed,False,True,False,True,True,Asia
2026-06-11 00:00:00+00:00,183.9970000000003,82.04700000000048,35.1899999999996,42.83999999999969,True,False,False,False,True,,,,,False,False,False,True,False,False,other,Asia,Thu,False,True,False,True,False,Asia
2026-06-12 00:00:00+00:00,65.34299999999985,59.63000000000011,57.77000000000044,58.353000000000065,True,False,True,False,False,False,False,True,False,False,True,True,False,True,True,NY,London,Fri,True,False,True,False,False,Asia
2026-06-15 00:00:00+00:00,84.29999999999927,50.23999999999978,40.159999999999854,44.969999999999345,True,True,False,False,False,True,True,False,False,True,False,True,False,True,True,NY,Asia,Mon,True,False,True,False,False,Asia
2026-06-16 00:00:00+00:00,48.23999999999978,26.18000000000029,26.460000000000036,41.899999999999636,True,True,False,False,False,True,True,False,True,True,False,True,True,False,True,NY,Asia,Tue,False,False,False,False,True,none/later
2026-06-17 00:00:00+00:00,163.3199999999997,32.0,18.479999999999563,45.0,True,False,True,False,False,False,False,True,True,True,False,True,False,False,False,other,other,Wed,False,False,True,True,False,NY
2026-06-18 00:00:00+00:00,128.71999999999935,53.63999999999942,54.710000000000036,53.660000000000764,False,False,True,False,False,False,True,False,True,True,False,False,True,True,False,Asia,other,Thu,False,False,False,True,True,none/later
2026-06-19 00:00:00+00:00,76.5069999999996,76.5069999999996,30.69000000000051,40.36999999999989,True,False,False,False,True,,,,,False,False,True,True,False,False,Asia,Asia,Fri,False,True,False,True,True,Asia
2026-06-22 00:00:00+00:00,81.02300000000014,81.02300000000014,25.61999999999989,42.11999999999989,True,False,False,False,True,,,,,True,False,False,True,False,False,Asia,Asia,Mon,True,False,True,False,False,Asia
2026-06-23 00:00:00+00:00,107.89000000000033,83.94000000000051,42.51000000000022,39.65700000000015,True,False,True,False,False,False,False,True,True,False,True,True,False,True,False,Asia,London,Tue,False,True,False,True,False,Asia
2026-06-24 00:00:00+00:00,153.26999999999998,61.7800000000002,36.15000000000009,84.36000000000013,True,False,False,False,True,,,,,True,False,False,True,True,False,Asia,other,Wed,False,True,False,True,True,Asia
2026-06-25 00:00:00+00:00,82.16300000000001,54.5,30.66000000000031,63.583000000000084,False,False,False,False,True,,,,,True,False,True,False,True,False,other,Asia,Thu,False,False,False,False,False,none/later
2026-06-26 00:00:00+00:00,113.15999999999985,46.69999999999982,29.029999999999745,60.38700000000017,False,True,False,False,False,True,True,False,True,True,False,True,False,True,True,NY,Asia,Fri,False,False,True,False,True,London
2026-06-29 00:00:00+00:00,75.59699999999975,36.5,44.28699999999981,52.4670000000001,True,False,True,False,False,False,True,False,True,True,False,False,True,True,True,Asia,NY,Mon,False,False,False,False,False,none/later
2026-06-30 00:00:00+00:00,121.67700000000013,73.41700000000037,25.192999999999756,54.81999999999971,True,True,False,False,False,True,True,False,True,False,False,True,True,False,True,NY,Asia,Tue,False,True,False,True,True,Asia
2026-07-01 00:00:00+00:00,155.57999999999947,39.88000000000011,38.50999999999976,102.9399999999996,False,False,True,False,False,False,False,True,False,True,True,True,False,True,True,NY,London,Wed,False,False,True,False,False,NY
2026-07-02 00:00:00+00:00,113.19000000000005,43.440000000000055,19.230000000000018,82.70000000000027,True,True,False,False,False,True,False,True,True,False,False,True,False,False,True,NY,Asia,Thu,False,False,True,False,True,NY
2026-07-03 00:00:00+00:00,72.73999999999978,72.73999999999978,18.25999999999931,27.98999999999978,True,False,False,False,True,,,,,True,False,False,True,False,False,Asia,Asia,Fri,True,False,True,False,True,Asia
2026-07-06 00:00:00+00:00,74.63999999999942,58.36999999999989,29.76000000000022,29.969999999999345,True,False,True,False,False,False,False,True,True,False,False,False,True,False,True,Asia,NY,Mon,True,False,True,False,False,Asia
2026-07-07 00:00:00+00:00,88.38000000000056,45.9399999999996,19.23999999999978,44.68000000000029,True,False,False,False,True,,,,,False,False,True,False,False,True,NY,other,Tue,False,True,False,True,True,Asia
2026-07-08 00:00:00+00:00,112.16000000000031,37.6200000000008,86.6599999999994,64.7199999999998,False,False,True,False,False,False,True,False,True,True,False,False,True,True,True,Asia,NY,Wed,False,False,False,True,True,London
2026-07-09 00:00:00+00:00,84.19000000000005,35.789999999999964,24.000000000000455,30.670000000000073,True,True,False,False,False,True,True,False,True,False,False,True,False,False,False,other,Asia,Thu,False,False,True,False,False,NY
2026-07-10 00:00:00+00:00,61.970000000000255,26.600000000000364,20.86999999999989,44.850000000000364,True,False,True,False,False,False,True,False,True,True,False,True,True,False,True,Asia,NY,Fri,False,False,False,False,False,none/later
2026-07-13 00:00:00+00:00,105.63999999999987,40.7199999999998,34.25999999999976,67.51000000000022,True,False,True,False,False,False,False,True,True,False,False,False,True,False,False,Asia,other,Mon,False,True,False,True,True,Asia
2026-07-14 00:00:00+00:00,117.5,50.720000000000255,16.360000000000127,77.84999999999991,True,False,False,False,True,,,,,False,False,True,False,False,True,NY,Asia,Tue,False,True,True,True,False,Asia
2026-07-15 00:00:00+00:00,63.779999999999745,40.210000000000036,18.59999999999991,38.26000000000022,False,False,True,False,False,False,False,True,False,False,True,True,False,False,False,other,London,Wed,False,False,False,False,True,none/later
2026-07-16 00:00:00+00:00,92.01999999999998,37.48000000000002,14.66000000000031,69.74000000000024,True,False,True,False,False,False,False,True,True,True,False,True,True,True,False,Asia,other,Thu,False,False,False,True,False,NY
2026-07-17 00:00:00+00:00,64.15999999999985,37.98000000000002,14.860000000000127,61.75,False,False,False,False,True,,,,,False,False,True,True,False,True,other,NY,Fri,False,False,False,True,False,NY
2026-07-20 00:00:00+00:00,58.5,46.909999999999854,28.539999999999964,26.960000000000036,True,True,False,False,False,True,False,True,True,True,False,False,True,False,False,other,Asia,Mon,True,False,True,False,True,Asia
2026-07-21 00:00:00+00:00,83.2800000000002,63.95000000000027,21.019999999999982,39.13999999999987,True,True,False,False,False,True,False,True,True,False,False,True,True,False,False,other,Asia,Tue,True,False,True,False,True,Asia
2026-07-22 00:00:00+00:00,89.44999999999982,65.14000000000033,13.88000000000011,58.50999999999931,True,False,False,False,True,,,,,True,False,True,True,True,True,NY,Asia,Wed,True,False,True,False,True,Asia
2026-07-23 00:00:00+00:00,101.21000000000049,29.080000000000837,34.099999999999454,46.11000000000013,True,False,True,False,False,False,True,False,True,True,False,False,True,True,True,Asia,NY,Thu,False,False,False,True,False,NY
2026-07-24 00:00:00+00:00,60.23000000000002,29.13000000000011,28.84999999999991,37.38000000000011,False,True,False,False,False,True,True,False,True,True,False,True,False,True,True,NY,Asia,Fri,False,True,False,True,False,Asia
2026-07-27 00:00:00+00:00,51.08000000000038,32.000000000000455,19.509999999999764,32.370000000000346,True,False,False,False,True,,,,,False,False,False,True,False,True,Asia,NY,Mon,True,False,True,False,False,Asia
2026-07-28 00:00:00+00:00,62.51999999999998,39.440000000000055,38.31999999999971,35.690000000000055,True,False,True,False,False,False,True,False,True,True,False,False,True,False,True,Asia,NY,Tue,False,True,False,True,True,Asia
2026-07-29 00:00:00+00:00,120.44999999999936,29.700000000000273,21.870000000000346,37.649999999999636,True,True,False,False,False,True,False,True,True,False,False,False,True,True,True,other,NY,Wed,False,True,True,True,False,Asia
2026-07-30 00:00:00+00:00,92.00499999999965,64.57999999999993,47.91999999999962,55.26499999999987,False,False,False,False,True,,,,,True,False,True,False,True,True,NY,Asia,Thu,False,False,True,False,True,NY
2026-07-31 00:00:00+00:00,86.21000000000004,35.16000000000031,28.889999999999873,38.690000000000055,True,False,True,False,False,False,True,False,True,True,False,False,True,True,True,Asia,NY,Fri,False,False,False,True,False,NY
2026-08-03 00:00:00+00:00,60.24000000000024,32.070000000000164,19.4399999999996,45.5,True,False,True,False,False,False,False,True,True,True,False,False,True,True,True,Asia,NY,Mon,False,False,False,True,True,NY
2026-08-04 00:00:00+00:00,64.05700000000024,26.670000000000073,27.379999999999654,33.33999999999969,True,True,False,False,False,True,False,True,True,False,False,True,False,False,False,other,Asia,Tue,False,False,True,False,False,NY
2026-08-05 00:00:00+00:00,197.5,102.43000000000029,29.199999999999818,82.01000000000022,True,True,False,False,False,True,False,True,True,False,False,True,False,False,False,other,Asia,Wed,True,False,True,False,True,Asia
2026-08-06 00:00:00+00:00,80.51999999999953,56.81999999999971,32.0,45.81999999999971,True,False,False,False,True,,,,,False,False,False,True,False,False,Asia,other,Thu,True,False,True,False,False,Asia
2026-08-07 00:00:00+00:00,142.3099999999995,50.969999999999345,37.850000000000364,70.86999999999989,True,True,False,False,False,True,True,False,True,True,False,True,False,True,True,NY,Asia,Fri,False,False,True,False,False,London
2026-08-10 00:00:00+00:00,81.88999999999942,38.8799999999992,26.61999999999989,43.029999999999745,True,True,False,False,False,True,False,True,True,False,False,False,True,False,False,other,Asia,Mon,False,False,True,False,True,none/later
2026-08-11 00:00:00+00:00,78.64000000000033,67.89000000000033,26.01000000000022,35.090000000000146,True,False,True,False,False,False,False,True,True,False,True,True,False,False,False,Asia,London,Tue,True,False,True,False,False,Asia
2026-08-12 00:00:00+00:00,75.18000000000029,49.38000000000011,26.0,59.94999999999982,True,True,False,False,False,True,False,True,True,True,False,True,True,True,True,NY,Asia,Wed,False,False,True,False,False,NY
2026-08-13 00:00:00+00:00,106.09000000000015,69.13000000000011,29.780000000000655,49.210000000000036,True,False,True,False,False,False,False,True,True,False,False,True,True,False,False,Asia,other,Thu,True,False,True,True,False,Asia
2026-08-14 00:00:00+00:00,86.39000000000033,51.409999999999854,29.01000000000022,31.13000000000011,False,False,False,False,True,,,,,True,False,True,False,True,True,NY,Asia,Fri,False,True,False,True,False,Asia
2026-08-17 00:00:00+00:00,61.100000000000364,48.659999999999854,19.550000000000182,50.850000000000364,True,False,False,False,True,,,,,False,False,True,True,False,False,other,Asia,Mon,True,False,True,False,True,Asia
2026-08-18 00:00:00+00:00,106.60999999999967,50.25999999999931,16.81999999999971,54.909999999999854,True,False,False,False,True,,,,,True,False,True,True,True,False,Asia,other,Tue,True,False,True,True,False,Asia
2026-08-19 00:00:00+00:00,200.21000000000004,37.92000000000007,22.01000000000022,136.42999999999938,True,True,False,False,False,True,True,False,True,True,False,True,False,True,False,other,Asia,Wed,False,True,True,True,False,Asia
2026-08-20 00:00:00+00:00,90.43000000000029,43.409999999999854,18.0,90.43000000000029,False,False,False,False,True,,,,,False,False,True,True,False,True,NY,NY,Thu,False,False,True,False,True,NY
2026-08-21 00:00:00+00:00,123.39000000000033,47.48999999999978,43.659999999999854,51.88000000000011,True,True,False,False,False,True,True,False,True,True,False,True,False,True,False,other,Asia,Fri,True,False,True,False,True,Asia
2026-08-24 00:00:00+00:00,86.64999999999964,62.76000000000022,25.69000000000051,41.149999999999636,True,False,False,False,True,,,,,False,False,True,False,True,True,NY,Asia,Mon,True,False,True,False,True,Asia
2026-08-25 00:00:00+00:00,91.82000000000062,79.82000000000062,25.329999999999927,54.33000000000084,True,False,False,False,True,,,,,False,False,True,True,True,True,Asia,NY,Tue,True,False,True,False,False,Asia
2026-08-26 00:00:00+00:00,87.80000000000018,41.350000000000364,25.94000000000051,50.48000000000047,True,False,True,False,False,False,True,False,True,True,False,False,True,True,True,Asia,NY,Wed,False,False,False,True,True,NY
2026-08-27 00:00:00+00:00,78.30999999999949,42.36999999999989,37.80000000000018,46.97999999999956,True,False,True,False,False,False,True,False,True,True,False,True,True,False,True,Asia,NY,Thu,False,False,False,True,True,London
2026-08-28 00:00:00+00:00,185.6300000000001,31.31999999999971,18.029999999999745,107.0,True,True,False,False,False,True,False,True,False,True,False,True,True,True,True,NY,other,Fri,False,False,False,True,True,NY
2026-08-31 00:00:00+00:00,75.6299999999992,75.6299999999992,21.80999999999949,45.220000000000255,True,False,False,False,True,,,,,False,False,True,True,False,False,Asia,Asia,Mon,False,True,False,True,True,Asia
2026-09-01 00:00:00+00:00,138.75,37.779999999999745,70.72999999999956,49.92000000000007,True,False,True,False,False,False,True,False,True,True,False,False,True,True,False,Asia,other,Tue,False,False,False,True,True,London
2026-09-02 00:00:00+00:00,115.44000000000051,52.25,30.169999999999163,70.32999999999993,False,False,False,False,True,,,,,False,False,True,False,False,True,NY,Asia,Wed,False,True,False,True,False,Asia
2026-09-03 00:00:00+00:00,128.48999999999978,58.0,24.800000000000182,73.10000000000036,True,True,False,False,False,True,False,True,True,True,False,True,False,True,True,NY,Asia,Thu,True,False,True,False,True,Asia
2026-09-04 00:00:00+00:00,125.31999999999971,21.86999999999989,29.579999999999927,110.31999999999971,True,True,True,True,False,False,False,True,True,False,True,False,True,False,True,London,NY,Fri,False,False,False,True,False,NY
2026-09-07 00:00:00+00:00,48.289999999999964,39.910000000000764,35.850000000000364,34.409999999999854,True,False,True,False,False,False,False,True,True,True,False,False,True,False,False,Asia,other,Mon,False,False,False,False,True,none/later
2026-09-08 00:00:00+00:00,97.6899999999996,27.949999999999818,21.639999999999418,27.920000000000073,True,False,True,False,False,False,True,False,True,True,False,True,True,True,False,Asia,other,Tue,True,False,True,True,True,Asia
2026-09-09 00:00:00+00:00,92.81999999999971,59.80000000000018,26.55999999999949,59.31999999999971,True,True,False,False,False,True,False,True,True,False,False,True,True,True,True,NY,Asia,Wed,False,True,False,True,False,Asia
2026-09-10 00:00:00+00:00,121.61000000000058,41.73700000000008,49.960000000000036,53.73999999999978,False,False,True,False,False,False,True,False,True,True,False,False,True,True,False,other,other,Thu,False,False,True,True,False,NY
2026-09-11 00:00:00+00:00,110.31700000000001,51.27300000000014,20.800000000000182,110.31700000000001,True,True,False,False,False,True,False,True,True,False,False,True,True,False,True,NY,NY,Fri,False,True,False,True,False,Asia
2026-09-14 00:00:00+00:00,101.83899999999994,33.44200000000001,46.04000000000087,44.60699999999997,False,False,True,False,False,False,True,False,True,True,False,False,True,False,True,Asia,NY,Mon,False,False,False,True,False,London
2026-09-15 00:00:00+00:00,56.14000000000033,34.146999999999935,34.280000000000655,29.182999999999993,True,False,True,False,False,False,True,False,True,False,True,True,False,False,False,Asia,London,Tue,False,False,False,False,False,none/later
2026-09-16 00:00:00+00:00,131.85999999999967,65.5600000000004,28.18000000000029,37.659999999999854,False,True,False,False,False,True,True,False,False,False,False,True,False,True,False,other,other,Wed,True,False,True,True,False,Asia
2026-09-17 00:00:00+00:00,114.80999999999949,52.11999999999989,30.449999999999818,37.48999999999978,True,True,False,False,False,True,True,False,True,True,False,True,False,True,True,NY,Asia,Thu,False,False,True,False,False,NY
2026-09-18 00:00:00+00:00,65.26000000000022,43.82000000000062,26.36999999999989,40.16999999999916,True,True,False,False,False,True,True,False,True,False,True,False,True,True,False,London,Asia,Fri,False,False,True,False,True,London
2026-09-21 00:00:00+00:00,60.82999999999993,34.23999999999978,17.73999999999978,52.279999999999745,True,False,True,False,False,False,True,False,True,True,False,True,True,True,True,Asia,NY,Mon,False,False,False,True,False,NY
2026-09-22 00:00:00+00:00,84.42500000000018,59.784999999999854,46.44999999999982,28.889999999999418,True,False,True,False,False,False,False,True,False,False,True,True,False,True,False,Asia,London,Tue,False,True,False,True,True,Asia
2026-09-23 00:00:00+00:00,94.97000000000025,41.45000000000073,24.479999999999563,41.590000000000146,True,False,True,False,False,False,True,False,True,True,False,False,True,True,False,Asia,other,Wed,False,False,False,True,True,NY
2026-09-24 00:00:00+00:00,58.9399999999996,29.719999999999345,43.88999999999942,40.30000000000018,True,False,True,False,False,False,True,False,True,True,True,False,False,True,False,Asia,London,Thu,False,True,False,True,True,Asia
2026-09-25 00:00:00+00:00,61.14000000000033,39.51999999999953,40.529999999999745,54.77000000000044,True,True,False,False,False,True,True,False,True,True,False,False,True,False,True,other,NY,Fri,False,False,True,False,False,London
2026-09-28 00:00:00+00:00,150.02999999999975,81.97999999999956,25.699999999999818,60.55000000000018,True,False,True,False,False,False,True,False,True,True,False,True,True,True,True,Asia,NY,Mon,False,True,False,True,False,Asia
2026-09-29 00:00:00+00:00,71.82999999999993,31.699999999999818,18.73999999999978,27.0,True,True,False,False,False,True,True,False,True,True,False,True,False,True,False,other,Asia,Tue,False,False,False,False,False,none/later
2026-09-30 00:00:00+00:00,72.01000000000022,21.9399999999996,20.920000000000073,68.15000000000055,True,True,False,False,False,True,False,True,False,True,False,True,True,True,True,NY,other,Wed,True,False,True,False,False,Asia
2026-10-01 00:00:00+00:00,53.720000000000255,53.720000000000255,34.44999999999982,37.76999999999953,True,False,False,False,True,,,,,False,False,True,False,True,False,Asia,Asia,Thu,False,True,False,True,False,Asia
2026-10-02 00:00:00+00:00,100.8110000000006,58.3100000000004,31.032000000000153,100.8110000000006,False,True,False,False,False,True,False,True,False,False,False,True,True,False,True,NY,NY,Fri,False,True,True,True,False,Asia
2026-10-05 00:00:00+00:00,47.17000000000007,38.44999999999982,20.970000000000255,43.06999999999971,True,True,False,False,False,True,False,True,False,False,True,False,True,False,True,London,NY,Mon,False,True,False,True,True,Asia
2026-10-06 00:00:00+00:00,80.32999999999993,48.279999999999745,32.529999999999745,36.14000000000033,False,True,False,False,False,True,True,False,True,True,False,True,False,False,False,other,Asia,Tue,False,True,True,True,False,Asia
