time,dir,entry,sl,tp,risk,R,mins,exit,pair,exit_time
2026-04-14 07:00:00+00:00,1,4782.005,4764.18,4835.48,17.824999999999818,-1.0280504908835908,219,SL,XAUUSD,2026-04-14 10:39:00+00:00
2026-04-14 07:00:00+00:00,1,1.35223,1.35124,1.3552000000000002,0.0009900000000000464,2.8787878787878847,194,TP,GBPUSD,2026-04-14 10:14:00+00:00
2026-04-15 09:00:00+00:00,-1,215.359,215.62349999999998,214.5655000000001,0.26449999999996976,-1.083175803402656,196,SL,GBPJPY,2026-04-15 12:16:00+00:00
2026-04-17 07:00:00+00:00,-1,1.35048,1.352065,1.3457249999999994,0.0015850000000001696,-1.0757097791798027,44,SL,GBPUSD,2026-04-17 07:44:00+00:00
2026-04-17 13:20:00+00:00,-1,26621.675,26657.525,26549.974999999995,35.85000000000218,1.9497907949790825,7,TP,NAS100,2026-04-17 13:27:00+00:00
2026-04-21 06:30:00+00:00,-1,4778.555,4806.674999999999,4694.195000000003,28.11999999999898,-0.16571834992887707,240,TIME,XAUUSD,2026-04-21 10:30:00+00:00
2026-04-21 07:00:00+00:00,-1,214.706,214.901,214.12099999999992,0.1950000000000216,-1.1128205128205004,91,SL,GBPJPY,2026-04-21 08:31:00+00:00
2026-04-22 07:00:00+00:00,-1,215.095,215.237,214.669,0.1419999999999959,-1.1549295774647932,32,SL,GBPJPY,2026-04-22 07:32:00+00:00
2026-04-23 07:00:00+00:00,1,215.396,215.2105,215.95249999999996,0.18549999999999045,-0.30727762803234243,240,TIME,GBPJPY,2026-04-23 11:00:00+00:00
2026-04-27 09:00:00+00:00,1,1.3554,1.3529900000000001,1.3626299999999993,0.002409999999999801,-0.2987551867219889,240,TIME,GBPUSD,2026-04-27 13:00:00+00:00
2026-04-28 07:00:00+00:00,-1,1.35042,1.352895,1.342995,0.002475000000000005,0.7676767676767301,240,TIME,GBPUSD,2026-04-28 11:00:00+00:00
2026-04-28 13:25:00+00:00,1,27018.164,26901.849,27250.794000000005,116.31500000000233,-1.015475218157589,83,SL,NAS100,2026-04-28 14:48:00+00:00
2026-04-29 07:00:00+00:00,-1,1.35001,1.351525,1.3454649999999995,0.0015150000000001551,-0.8382838283827421,240,TIME,GBPUSD,2026-04-29 11:00:00+00:00
2026-04-29 07:00:00+00:00,-1,215.533,215.7235,214.96149999999994,0.19050000000001432,-1.1154855643044532,106,SL,GBPJPY,2026-04-29 08:46:00+00:00
2026-04-30 07:00:00+00:00,1,4589.345,4561.3615,4673.295500000001,27.983500000000276,1.7735451248056755,240,TIME,XAUUSD,2026-04-30 11:00:00+00:00
2026-04-30 13:15:00+00:00,-1,27366.465,27412.498,27274.399,46.03299999999945,1.9608976169269867,16,TP,NAS100,2026-04-30 13:31:00+00:00
2026-05-01 06:30:00+00:00,-1,4593.245,4619.1849999999995,4515.425000000001,25.9399999999996,0.8010794140323849,240,TIME,XAUUSD,2026-05-01 10:30:00+00:00
2026-05-01 14:30:00+00:00,-1,27744.469,27779.153,27675.101000000006,34.68399999999747,1.9481028716410986,6,TP,NAS100,2026-05-01 14:36:00+00:00
2026-05-04 07:00:00+00:00,-1,4588.485,4604.58,4540.199999999999,16.095000000000255,2.9689344516930727,192,TP,XAUUSD,2026-05-04 10:12:00+00:00
2026-05-04 08:00:00+00:00,-1,1.3566,1.3587950000000002,1.3500149999999995,0.002195000000000169,1.0933940774486983,240,TIME,GBPUSD,2026-05-04 12:00:00+00:00
2026-05-05 08:00:00+00:00,1,212.859,212.65800000000002,213.462,0.2009999999999934,2.8905472636815883,60,TP,GBPJPY,2026-05-05 09:00:00+00:00
2026-05-05 13:55:00+00:00,-1,27952.649,27995.131,27867.685,42.48199999999997,-1.042370886493103,30,SL,NAS100,2026-05-05 14:25:00+00:00
2026-05-06 06:30:00+00:00,1,4665.925,4625.8099999999995,4786.270000000002,40.11500000000069,0.9472765798329638,240,TIME,XAUUSD,2026-05-06 10:30:00+00:00
2026-05-06 08:00:00+00:00,1,1.35986,1.357915,1.3656950000000003,0.0019450000000000855,1.1876606683803757,240,TIME,GBPUSD,2026-05-06 12:00:00+00:00
2026-05-07 07:00:00+00:00,1,4738.885,4703.095,4846.255,35.789999999999964,-0.10617490919251707,240,TIME,XAUUSD,2026-05-07 11:00:00+00:00
2026-05-07 08:00:00+00:00,1,1.36205,1.35987,1.3685900000000002,0.0021800000000000708,-0.19266055045869418,240,TIME,GBPUSD,2026-05-07 12:00:00+00:00
2026-05-07 14:50:00+00:00,-1,28764.016,28801.392,28689.264,37.376000000000204,-1.0481592465753422,4,SL,NAS100,2026-05-07 14:54:00+00:00
2026-05-08 06:30:00+00:00,1,4733.385,4713.225,4793.865,20.159999999999854,-1.0248015873015874,47,SL,XAUUSD,2026-05-08 07:17:00+00:00
2026-05-08 07:00:00+00:00,1,1.35856,1.3562699999999999,1.3654300000000004,0.0022900000000001253,0.6855895196506041,240,TIME,GBPUSD,2026-05-08 11:00:00+00:00
2026-05-11 09:00:00+00:00,1,1.36075,1.358975,1.3660749999999995,0.00177499999999986,-1.0676056338028221,99,SL,GBPUSD,2026-05-11 10:39:00+00:00
2026-05-12 07:00:00+00:00,-1,1.35453,1.35864,1.3421999999999998,0.004110000000000058,0.2749391727493814,240,TIME,GBPUSD,2026-05-12 11:00:00+00:00
2026-05-13 07:00:00+00:00,-1,1.35278,1.3538649999999999,1.3495250000000008,0.0010849999999997806,2.889400921658964,192,TP,GBPUSD,2026-05-13 10:12:00+00:00
2026-05-13 13:55:00+00:00,1,29117.001,28971.664,29407.675,145.33699999999953,1.7209451137700797,240,TIME,NAS100,2026-05-13 17:55:00+00:00
2026-05-14 08:00:00+00:00,-1,1.35057,1.3523399999999999,1.3452600000000006,0.0017699999999998273,0.259887005649757,240,TIME,GBPUSD,2026-05-14 12:00:00+00:00
2026-05-15 08:30:00+00:00,-1,4558.175,4608.275,4407.875000000002,50.099999999999454,0.055289421157693946,240,TIME,XAUUSD,2026-05-15 12:30:00+00:00
2026-05-18 07:00:00+00:00,1,212.209,211.59199999999998,214.06000000000006,0.6170000000000186,-0.17990275526741534,240,TIME,GBPJPY,2026-05-18 11:00:00+00:00
2026-05-18 13:20:00+00:00,-1,29266.197,29322.529,29153.533000000003,56.331999999998516,1.9680465809841645,16,TP,NAS100,2026-05-18 13:36:00+00:00
2026-05-19 09:00:00+00:00,-1,1.33926,1.341685,1.3319849999999995,0.0024250000000001215,-1.0494845360824718,209,SL,GBPUSD,2026-05-19 12:29:00+00:00
2026-05-21 07:30:00+00:00,-1,4512.605,4544.455,4417.0549999999985,31.850000000000364,-0.055572998430154355,240,TIME,XAUUSD,2026-05-21 11:30:00+00:00
2026-05-25 09:00:00+00:00,1,1.34932,1.348205,1.352665,0.0011149999999999771,0.5381165919281113,240,TIME,GBPUSD,2026-05-25 13:00:00+00:00
2026-05-26 08:30:00+00:00,-1,4522.195,4541.3150000000005,4464.834999999997,19.1200000000008,0.8158995815898954,240,TIME,XAUUSD,2026-05-26 12:30:00+00:00
2026-05-26 14:50:00+00:00,-1,30004.724,30042.995,29928.181999999997,38.27100000000064,1.9529669985106224,27,TP,NAS100,2026-05-26 15:17:00+00:00
2026-05-27 06:30:00+00:00,-1,4486.065,4508.5,4418.759999999998,22.4350000000004,0.39001560062401797,240,TIME,XAUUSD,2026-05-27 10:30:00+00:00
2026-05-27 07:00:00+00:00,1,214.362,214.242,214.722,0.12,-1.1833333333333265,32,SL,GBPJPY,2026-05-27 07:32:00+00:00
2026-05-27 14:05:00+00:00,1,30012.153,29867.261,30301.936999999998,144.89199999999983,-1.0124230461309114,20,SL,NAS100,2026-05-27 14:25:00+00:00
2026-05-28 14:25:00+00:00,-1,30016.105,30078.409,29891.497,62.30400000000009,-1.0288906009244991,5,SL,NAS100,2026-05-28 14:30:00+00:00
2026-05-29 07:00:00+00:00,1,4523.515,4506.07,4575.850000000002,17.44500000000062,0.8265978790484128,240,TIME,XAUUSD,2026-05-29 11:00:00+00:00
2026-05-29 07:00:00+00:00,-1,214.01,214.13,213.64999999999998,0.12,2.8166666666666735,106,TP,GBPJPY,2026-05-29 08:46:00+00:00
2026-06-01 07:00:00+00:00,1,1.34725,1.345545,1.3523650000000003,0.0017050000000000676,-1.0703812316715515,46,SL,GBPUSD,2026-06-01 07:46:00+00:00
2026-06-01 07:00:00+00:00,-1,4501.505,4527.045,4424.885,25.539999999999964,-0.10884886452622354,240,TIME,XAUUSD,2026-06-01 11:00:00+00:00
2026-06-02 06:30:00+00:00,1,4532.815,4495.316500000001,4645.310499999996,37.498499999998785,-0.13787218155391098,240,TIME,XAUUSD,2026-06-02 10:30:00+00:00
2026-06-02 07:00:00+00:00,1,1.34778,1.3458700000000001,1.3535099999999995,0.0019099999999998563,-0.5916230366492358,240,TIME,GBPUSD,2026-06-02 11:00:00+00:00
2026-06-03 07:30:00+00:00,-1,4456.005,4476.4065,4394.8005,20.401499999999942,-0.44016371345242206,240,TIME,XAUUSD,2026-06-03 11:30:00+00:00
2026-06-03 08:00:00+00:00,-1,214.89,215.23149999999998,213.8655,0.34149999999999636,-0.3162518301610948,240,TIME,GBPJPY,2026-06-03 12:00:00+00:00
2026-06-03 14:05:00+00:00,1,30574.316,30449.308,30824.331999999995,125.00799999999799,0.20043517214898382,240,TIME,NAS100,2026-06-03 18:05:00+00:00
2026-06-05 07:00:00+00:00,1,214.878,214.7115,215.37749999999994,0.166499999999985,2.867867867867856,133,TP,GBPJPY,2026-06-05 09:13:00+00:00
2026-06-05 07:00:00+00:00,1,1.3435,1.34236,1.3469199999999997,0.0011399999999999189,2.8947368421052557,133,TP,GBPUSD,2026-06-05 09:13:00+00:00
2026-06-05 13:35:00+00:00,1,29988.023,29942.925,30078.219000000005,45.098000000001775,-1.039913078185284,1,SL,NAS100,2026-06-05 13:36:00+00:00
2026-06-08 13:30:00+00:00,-1,29483.62,29561.649,29327.561999999994,78.02900000000227,1.976931653615964,28,TP,NAS100,2026-06-08 13:58:00+00:00
2026-06-09 08:00:00+00:00,1,214.139,213.7735,215.2355,0.36549999999999727,1.3406292749658115,240,TIME,GBPJPY,2026-06-09 12:00:00+00:00
2026-06-09 08:00:00+00:00,1,1.33671,1.3347600000000002,1.3425599999999998,0.0019499999999998963,1.7487179487180586,240,TIME,GBPUSD,2026-06-09 12:00:00+00:00
2026-06-09 15:00:00+00:00,1,29199.476,29048.483,29501.461999999996,150.99299999999857,-1.0119210824342852,23,SL,NAS100,2026-06-09 15:23:00+00:00
2026-06-10 09:00:00+00:00,-1,4168.865,4200.12,4075.0999999999995,31.25500000000011,0.6939689649655902,240,TIME,XAUUSD,2026-06-10 13:00:00+00:00
2026-06-10 14:45:00+00:00,-1,29047.215,29213.224,28715.197000000004,166.0089999999982,1.9891572143678955,27,TP,NAS100,2026-06-10 15:12:00+00:00
2026-06-16 08:00:00+00:00,1,214.971,214.745,215.649,0.2259999999999991,0.5619469026548736,240,TIME,GBPJPY,2026-06-16 12:00:00+00:00
2026-06-16 08:00:00+00:00,1,4334.945,4319.755,4380.5149999999985,15.1899999999996,0.3495720868993114,240,TIME,XAUUSD,2026-06-16 12:00:00+00:00
2026-06-16 14:45:00+00:00,1,30355.186,30264.087,30537.384000000005,91.09900000000198,-1.0197587240255104,13,SL,NAS100,2026-06-16 14:58:00+00:00
2026-06-17 07:00:00+00:00,-1,1.34143,1.3428550000000001,1.3371549999999992,0.0014250000000002316,0.07719298245609445,240,TIME,GBPUSD,2026-06-17 11:00:00+00:00
2026-06-17 07:00:00+00:00,-1,214.966,215.3255,213.88750000000002,0.35949999999999704,0.11126564673160544,240,TIME,GBPJPY,2026-06-17 11:00:00+00:00
2026-06-18 08:00:00+00:00,-1,1.32965,1.3309250000000001,1.3258249999999996,0.0012750000000001371,2.9058823529411866,46,TP,GBPUSD,2026-06-18 08:46:00+00:00
2026-06-18 09:00:00+00:00,-1,4266.635,4303.045,4157.405000000001,36.409999999999854,0.5402361988464749,240,TIME,XAUUSD,2026-06-18 13:00:00+00:00
2026-06-19 09:00:00+00:00,1,213.416,212.7275,215.4815,0.6885000000000048,-0.196078431372547,240,TIME,GBPJPY,2026-06-19 13:00:00+00:00
2026-06-22 08:00:00+00:00,-1,1.31939,1.3218450000000002,1.3120249999999998,0.002455000000000096,-1.0488798370672079,64,SL,GBPUSD,2026-06-22 09:04:00+00:00
2026-06-23 07:00:00+00:00,-1,4114.205,4156.465,3987.4249999999993,42.26000000000022,-0.13629910080454777,240,TIME,XAUUSD,2026-06-23 11:00:00+00:00
2026-06-23 08:00:00+00:00,-1,213.552,213.97199999999998,212.29200000000003,0.4199999999999875,0.2547619047618902,240,TIME,GBPJPY,2026-06-23 12:00:00+00:00
2026-06-24 07:00:00+00:00,-1,1.31864,1.31955,1.3159100000000001,0.0009099999999999664,-1.1318681318681367,32,SL,GBPUSD,2026-06-24 07:32:00+00:00
2026-06-24 09:00:00+00:00,1,213.392,213.204,213.95599999999996,0.18799999999998818,-1.1170212765957521,32,SL,GBPJPY,2026-06-24 09:32:00+00:00
2026-06-25 08:00:00+00:00,1,213.341,213.039,214.24700000000007,0.3020000000000209,-1.0728476821192003,209,SL,GBPJPY,2026-06-25 11:29:00+00:00
2026-06-25 09:00:00+00:00,1,1.31902,1.3171400000000002,1.3246599999999997,0.0018799999999998818,-1.0638297872340465,77,SL,GBPUSD,2026-06-25 10:17:00+00:00
2026-06-26 07:00:00+00:00,1,4031.855,4005.985,4109.465,25.86999999999989,0.8600695786625471,240,TIME,XAUUSD,2026-06-26 11:00:00+00:00
2026-06-26 09:00:00+00:00,1,1.3216,1.3193700000000002,1.32829,0.0022299999999999542,-0.30044843049330233,240,TIME,GBPUSD,2026-06-26 13:00:00+00:00
2026-06-29 07:00:00+00:00,1,1.32254,1.32027,1.32935,0.0022699999999999942,-0.17621145374451938,240,TIME,GBPUSD,2026-06-29 11:00:00+00:00
2026-06-29 14:25:00+00:00,1,29114.533,28982.198,29379.202999999998,132.33499999999913,1.9863981561945063,29,TP,NAS100,2026-06-29 14:54:00+00:00
2026-06-30 07:00:00+00:00,1,4029.258,3978.2365,4182.322499999999,51.02149999999983,-0.006722656135155736,240,TIME,XAUUSD,2026-06-30 11:00:00+00:00
2026-07-01 06:30:00+00:00,-1,3967.305,3989.535,3900.615,22.230000000000018,-0.8987854251012146,240,TIME,XAUUSD,2026-07-01 10:30:00+00:00
2026-07-02 06:30:00+00:00,1,4073.995,4052.245,4139.245,21.75,-0.39172413793103367,240,TIME,XAUUSD,2026-07-02 10:30:00+00:00
2026-07-02 07:00:00+00:00,-1,215.307,215.899,213.53099999999995,0.592000000000013,0.25844594594591147,240,TIME,GBPJPY,2026-07-02 11:00:00+00:00
2026-07-06 07:00:00+00:00,1,216.344,215.863,217.78699999999998,0.48099999999999454,0.3347193347193234,240,TIME,GBPJPY,2026-07-06 11:00:00+00:00
2026-07-06 07:00:00+00:00,-1,1.33339,1.33454,1.3299400000000001,0.0011499999999999844,-1.104347826086958,44,SL,GBPUSD,2026-07-06 07:44:00+00:00
2026-07-07 14:55:00+00:00,1,29059.13,28974.162,29229.066000000003,84.96800000000076,1.978815554090952,78,TP,NAS100,2026-07-07 16:13:00+00:00
2026-07-08 07:00:00+00:00,1,1.3365,1.33504,1.34088,0.0014600000000000168,-1.0821917808219168,77,SL,GBPUSD,2026-07-08 08:17:00+00:00
2026-07-08 08:30:00+00:00,-1,4088.445,4114.875,4009.1550000000007,26.429999999999836,0.6617480136208984,240,TIME,XAUUSD,2026-07-08 12:30:00+00:00
2026-07-08 13:50:00+00:00,-1,29079.565,29174.153,28890.389,94.58799999999974,1.9809701019156765,86,TP,NAS100,2026-07-08 15:16:00+00:00
2026-07-09 07:00:00+00:00,1,1.3425,1.339685,1.350945,0.002815000000000012,-1.0426287744227352,234,SL,GBPUSD,2026-07-09 10:54:00+00:00
2026-07-09 14:10:00+00:00,-1,29633.381,29713.031,29474.081000000006,79.64999999999782,1.9774011299435021,6,TP,NAS100,2026-07-09 14:16:00+00:00
2026-07-10 08:30:00+00:00,-1,4104.165,4121.255,4052.8949999999995,17.090000000000146,-0.1322410766530251,240,TIME,XAUUSD,2026-07-10 12:30:00+00:00
2026-07-10 09:00:00+00:00,-1,216.815,217.3275,215.27750000000003,0.5124999999999886,-1.0429268292682936,119,SL,GBPJPY,2026-07-10 10:59:00+00:00
2026-07-15 07:00:00+00:00,1,1.34147,1.3403999999999998,1.3446800000000003,0.0010700000000001264,-1.112149532710267,25,SL,GBPUSD,2026-07-15 07:25:00+00:00
2026-07-15 14:50:00+00:00,1,29438.776,29336.21,29643.908000000007,102.56600000000253,-1.017549675331006,27,SL,NAS100,2026-07-15 15:17:00+00:00
2026-07-17 09:00:00+00:00,-1,1.34426,1.34681,1.3366099999999999,0.0025500000000000522,0.39215686274509387,240,TIME,GBPUSD,2026-07-17 13:00:00+00:00
2026-07-17 13:55:00+00:00,1,28424.097,28231.789,28808.713000000003,192.3080000000009,1.990640014975976,172,TP,NAS100,2026-07-17 16:47:00+00:00
2026-07-20 08:00:00+00:00,1,1.3476,1.34552,1.3538399999999995,0.0020799999999998597,-0.7163461538461403,240,TIME,GBPUSD,2026-07-20 12:00:00+00:00
2026-07-20 08:00:00+00:00,1,218.798,218.49349999999998,219.71150000000006,0.30450000000001864,-0.8702791461411454,240,TIME,GBPJPY,2026-07-20 12:00:00+00:00
2026-07-21 06:30:00+00:00,1,4071.945,4035.4700000000003,4181.37,36.47499999999991,-0.16202878684031047,240,TIME,XAUUSD,2026-07-21 10:30:00+00:00
2026-07-21 07:00:00+00:00,1,218.561,218.33249999999998,219.24650000000008,0.22850000000002524,-1.0962800875273417,222,SL,GBPJPY,2026-07-21 10:42:00+00:00
2026-07-22 08:00:00+00:00,-1,218.048,218.30599999999998,217.27400000000006,0.25799999999998136,0.16279069767440307,240,TIME,GBPJPY,2026-07-22 12:00:00+00:00
2026-07-22 09:00:00+00:00,-1,1.33733,1.338345,1.334285,0.0010149999999999881,1.3103448275861742,240,TIME,GBPUSD,2026-07-22 13:00:00+00:00
2026-07-23 08:00:00+00:00,1,218.403,218.244,218.87999999999997,0.15899999999999181,-1.138364779874221,212,SL,GBPJPY,2026-07-23 11:32:00+00:00
2026-07-23 09:00:00+00:00,-1,1.33682,1.3382900000000002,1.332409999999999,0.0014700000000003044,1.6802721088431012,240,TIME,GBPUSD,2026-07-23 13:00:00+00:00
2026-07-23 13:35:00+00:00,1,28597.543,28490.821,28810.987000000005,106.72200000000157,-1.0168662506324841,58,SL,NAS100,2026-07-23 14:33:00+00:00
2026-07-24 08:00:00+00:00,1,218.387,218.16899999999998,219.04100000000005,0.21800000000001774,-1.1009174311926524,57,SL,GBPJPY,2026-07-24 08:57:00+00:00
2026-07-24 14:10:00+00:00,1,28274.489,28151.565,28520.337000000007,122.9240000000027,-1.0146431941687544,9,SL,NAS100,2026-07-24 14:19:00+00:00
2026-07-27 07:00:00+00:00,-1,218.283,218.434,217.82999999999996,0.15100000000001046,2.529801324503112,240,TIME,GBPJPY,2026-07-27 11:00:00+00:00
2026-07-27 08:00:00+00:00,-1,1.33345,1.335635,1.3268950000000004,0.0021849999999998815,0.8970251716248001,240,TIME,GBPUSD,2026-07-27 12:00:00+00:00
2026-07-27 14:50:00+00:00,1,27910.831,27786.187,28160.11899999999,124.6439999999966,0.06355701036553535,240,TIME,NAS100,2026-07-27 18:50:00+00:00
2026-07-28 09:00:00+00:00,1,217.928,217.6815,218.6675,0.2464999999999975,-1.0892494929006094,49,SL,GBPJPY,2026-07-28 09:49:00+00:00
2026-07-28 14:25:00+00:00,1,27529.543,27456.176,27676.277000000006,73.36700000000201,1.9754658088786519,23,TP,NAS100,2026-07-28 14:48:00+00:00
2026-07-29 08:00:00+00:00,1,1.33018,1.329155,1.3332549999999994,0.0010249999999998316,-1.1170731707317265,126,SL,GBPUSD,2026-07-29 10:06:00+00:00
2026-07-29 14:55:00+00:00,1,27457.02,27365.909,27639.242000000002,91.11100000000079,-1.0197561216538067,59,SL,NAS100,2026-07-29 15:54:00+00:00
2026-07-30 14:10:00+00:00,-1,27949.443,28045.864,27756.600999999995,96.4210000000021,-1.0186681324607705,17,SL,NAS100,2026-07-30 14:27:00+00:00
2026-07-31 08:00:00+00:00,-1,4067.455,4089.175,4002.294999999999,21.720000000000255,0.622928176795561,240,TIME,XAUUSD,2026-07-31 12:00:00+00:00
2026-07-31 14:30:00+00:00,1,28122.787,27952.075,28464.211,170.71199999999953,0.9997949763344077,240,TIME,NAS100,2026-07-31 18:30:00+00:00
2026-08-04 08:00:00+00:00,1,1.3436,1.3426,1.3465999999999996,0.0009999999999998899,0.90000000000012,240,TIME,GBPUSD,2026-08-04 12:00:00+00:00
2026-08-04 08:00:00+00:00,1,212.036,211.4965,213.6545,0.5395000000000039,-0.6005560704355704,240,TIME,GBPJPY,2026-08-04 12:00:00+00:00
2026-08-05 07:00:00+00:00,1,1.34669,1.34516,1.35128,0.0015300000000000313,-0.09150326797379484,240,TIME,GBPUSD,2026-08-05 11:00:00+00:00
2026-08-07 06:30:00+00:00,1,4283.195,4254.87,4368.169999999999,28.324999999999818,1.0538393645189958,240,TIME,XAUUSD,2026-08-07 10:30:00+00:00
2026-08-07 09:00:00+00:00,-1,1.34425,1.345155,1.3415349999999995,0.0009050000000001557,-1.1325966850828502,183,SL,GBPUSD,2026-08-07 12:03:00+00:00
2026-08-10 07:00:00+00:00,1,4357.835,4332.375,4434.215,25.460000000000036,-0.8955223880597074,240,TIME,XAUUSD,2026-08-10 11:00:00+00:00
2026-08-10 07:00:00+00:00,1,213.727,213.30849999999998,214.98250000000007,0.41850000000002296,1.4814814814813906,240,TIME,GBPJPY,2026-08-10 11:00:00+00:00
2026-08-13 06:30:00+00:00,-1,4375.715,4414.889999999999,4258.190000000002,39.17499999999927,-0.2991703892788889,240,TIME,XAUUSD,2026-08-13 10:30:00+00:00
2026-08-13 07:00:00+00:00,-1,1.34823,1.3493499999999998,1.3448700000000007,0.0011199999999997878,-1.1071428571428774,185,SL,GBPUSD,2026-08-13 10:05:00+00:00
2026-08-13 14:45:00+00:00,-1,30130.519,30161.143,30069.271,30.623999999999796,1.941222570532915,47,TP,NAS100,2026-08-13 15:32:00+00:00
2026-08-14 07:00:00+00:00,1,1.35043,1.3495300000000001,1.3531299999999997,0.0008999999999999009,2.4222222222224543,240,TIME,GBPUSD,2026-08-14 11:00:00+00:00
2026-08-17 08:00:00+00:00,1,1.35628,1.3552149999999998,1.3594750000000002,0.0010650000000000936,-1.1126760563380182,53,SL,GBPUSD,2026-08-17 08:53:00+00:00
2026-08-18 07:00:00+00:00,-1,1.35265,1.35421,1.34797,0.0015600000000000058,-0.019230769230818213,240,TIME,GBPUSD,2026-08-18 11:00:00+00:00
2026-08-19 07:00:00+00:00,1,1.35508,1.35338,1.3601800000000002,0.0017000000000000348,0.2352941176469681,240,TIME,GBPUSD,2026-08-19 11:00:00+00:00
2026-08-19 13:05:00+00:00,-1,29596.208,29669.119,29450.386,72.91100000000006,1.9753123671325314,43,TP,NAS100,2026-08-19 13:48:00+00:00
2026-08-20 07:00:00+00:00,1,1.36165,1.360525,1.3650250000000002,0.0011250000000000426,2.8933333333333375,189,TP,GBPUSD,2026-08-20 10:09:00+00:00
2026-08-20 09:00:00+00:00,1,216.111,215.555,217.77899999999994,0.5559999999999832,0.512589928057599,240,TIME,GBPJPY,2026-08-20 13:00:00+00:00
2026-08-20 13:05:00+00:00,1,29271.899,29149.22,29517.257,122.67900000000009,-0.01704448194068321,240,TIME,NAS100,2026-08-20 17:05:00+00:00
2026-08-21 07:00:00+00:00,1,4560.725,4532.29,4646.030000000002,28.4350000000004,0.9505890627747271,240,TIME,XAUUSD,2026-08-21 11:00:00+00:00
2026-08-21 08:00:00+00:00,-1,216.646,216.89749999999998,215.8915,0.25149999999999295,-0.3936381709742719,240,TIME,GBPJPY,2026-08-21 12:00:00+00:00
2026-08-21 14:50:00+00:00,1,29230.542,29140.054,29411.518000000004,90.4880000000012,0.789662717708386,240,TIME,NAS100,2026-08-21 18:50:00+00:00
2026-08-24 08:00:00+00:00,-1,1.36324,1.36472,1.3588000000000002,0.0014799999999999258,-0.4864864864864662,240,TIME,GBPUSD,2026-08-24 12:00:00+00:00
2026-08-24 14:00:00+00:00,1,28947.276,28872.976,29095.876000000007,74.30000000000291,1.9757738896366093,100,TP,NAS100,2026-08-24 15:40:00+00:00
2026-08-25 09:00:00+00:00,1,1.36411,1.3631099999999998,1.3671100000000003,0.001000000000000112,-1.1199999999999866,113,SL,GBPUSD,2026-08-25 10:53:00+00:00
2026-08-25 14:55:00+00:00,1,29173.742,29092.787,29335.651999999995,80.95499999999811,0.16981038848746366,240,TIME,NAS100,2026-08-25 18:55:00+00:00
2026-08-26 09:00:00+00:00,-1,1.36284,1.363935,1.3595550000000005,0.001094999999999846,1.8721461187217292,240,TIME,GBPUSD,2026-08-26 13:00:00+00:00
2026-08-27 07:00:00+00:00,-1,4600.065,4621.35,4536.209999999997,21.285000000000764,0.45618980502699963,240,TIME,XAUUSD,2026-08-27 11:00:00+00:00
2026-08-27 09:00:00+00:00,-1,1.35797,1.35913,1.3544899999999997,0.0011600000000000499,0.36206896551721285,240,TIME,GBPUSD,2026-08-27 13:00:00+00:00
2026-08-28 07:00:00+00:00,1,4612.435,4586.745,4689.505000000002,25.69000000000051,-0.5044764499805285,240,TIME,XAUUSD,2026-08-28 11:00:00+00:00
2026-09-01 08:00:00+00:00,-1,4419.825,4442.385,4352.144999999999,22.5600000000004,1.999113475177245,240,TIME,XAUUSD,2026-09-01 12:00:00+00:00
2026-09-01 08:00:00+00:00,-1,1.35362,1.35487,1.3498700000000001,0.0012499999999999734,-0.03999999999998925,240,TIME,GBPUSD,2026-09-01 12:00:00+00:00
2026-09-01 13:25:00+00:00,1,29062.743,29035.108,29118.012999999995,27.6349999999984,-1.0651347928351766,6,SL,NAS100,2026-09-01 13:31:00+00:00
2026-09-02 07:00:00+00:00,-1,1.34925,1.35043,1.3457100000000002,0.0011799999999999589,-1.1016949152542408,19,SL,GBPUSD,2026-09-02 07:19:00+00:00
2026-09-02 14:50:00+00:00,-1,29114.786,29165.698,29012.962,50.91200000000026,0.1896409490886568,240,TIME,NAS100,2026-09-02 18:50:00+00:00
2026-09-03 14:05:00+00:00,-1,29222.521,29330.021,29007.521,107.5,-1.0167441860465116,55,SL,NAS100,2026-09-03 15:00:00+00:00
2026-09-04 07:00:00+00:00,1,1.35413,1.353105,1.3572050000000002,0.0010250000000000536,-1.1170731707317012,94,SL,GBPUSD,2026-09-04 08:34:00+00:00
2026-09-07 07:00:00+00:00,1,1.35261,1.351345,1.3564050000000003,0.0012650000000000716,0.8695652173912541,240,TIME,GBPUSD,2026-09-07 11:00:00+00:00
2026-09-07 08:00:00+00:00,-1,210.495,210.8965,209.2905,0.40149999999999864,2.9452054794520546,10,TP,GBPJPY,2026-09-07 08:10:00+00:00
2026-09-08 06:30:00+00:00,-1,4399.885,4428.73,4313.350000000002,28.844999999999345,0.005893569076099031,240,TIME,XAUUSD,2026-09-08 10:30:00+00:00
2026-09-08 08:00:00+00:00,-1,1.35312,1.354125,1.3501050000000003,0.0010049999999999226,-1.119402985074636,217,SL,GBPUSD,2026-09-08 11:37:00+00:00
2026-09-09 07:00:00+00:00,1,1.3559,1.35477,1.3592900000000003,0.0011300000000000754,-1.1061946902654796,69,SL,GBPUSD,2026-09-09 08:09:00+00:00
2026-09-09 07:30:00+00:00,1,4407.485,4370.865,4517.344999999999,36.61999999999989,0.004369197160042722,240,TIME,XAUUSD,2026-09-09 11:30:00+00:00
2026-09-10 13:05:00+00:00,1,29066.71,29017.921,29164.288,48.78900000000067,1.9631064379265823,35,TP,NAS100,2026-09-10 13:40:00+00:00
2026-09-11 13:10:00+00:00,-1,29432.399,29479.62,29337.957000000006,47.22099999999773,1.9618813663412447,21,TP,NAS100,2026-09-11 13:31:00+00:00
2026-09-14 07:00:00+00:00,-1,1.3491,1.3514249999999999,1.3421250000000002,0.0023249999999999105,0.1548387096774408,240,TIME,GBPUSD,2026-09-14 11:00:00+00:00
2026-09-14 07:30:00+00:00,-1,4316.735,4338.5560000000005,4251.271999999997,21.821000000000822,0.9307547775078469,240,TIME,XAUUSD,2026-09-14 11:30:00+00:00
2026-09-14 14:20:00+00:00,-1,29032.175,29074.898,28946.728999999996,42.723000000001775,1.9578681272382574,18,TP,NAS100,2026-09-14 14:38:00+00:00
2026-09-15 07:00:00+00:00,-1,1.3469,1.34909,1.3403300000000002,0.0021899999999999142,-0.31506849315067875,240,TIME,GBPUSD,2026-09-15 11:00:00+00:00
2026-09-15 08:00:00+00:00,-1,4280.655,4300.1715,4222.105499999998,19.516500000000633,-0.2200189583173074,240,TIME,XAUUSD,2026-09-15 12:00:00+00:00
2026-09-16 07:00:00+00:00,-1,208.903,209.2245,207.93849999999995,0.32150000000001455,-0.18351477449456755,240,TIME,GBPJPY,2026-09-16 11:00:00+00:00
2026-09-17 07:30:00+00:00,1,4329.065,4292.0650000000005,4440.064999999997,36.99999999999909,-0.039189189189185236,240,TIME,XAUUSD,2026-09-17 11:30:00+00:00
2026-09-17 13:25:00+00:00,-1,29409.989,29447.097,29335.773,37.108000000000175,1.9514929395278648,9,TP,NAS100,2026-09-17 13:34:00+00:00
2026-09-18 06:30:00+00:00,1,4392.305,4356.014999999999,4501.175000000003,36.29000000000087,-0.3199228437586195,240,TIME,XAUUSD,2026-09-18 10:30:00+00:00
2026-09-21 06:30:00+00:00,-1,4346.975,4366.045,4289.765000000001,19.06999999999971,-0.22076560041951235,240,TIME,XAUUSD,2026-09-21 10:30:00+00:00
2026-09-21 14:10:00+00:00,-1,30109.942,30138.887,30052.052,28.94499999999971,-1.062186906201417,3,SL,NAS100,2026-09-21 14:13:00+00:00
2026-09-22 07:30:00+00:00,-1,4315.195,4345.7775,4223.447499999998,30.582500000000437,-0.09417150331071913,240,TIME,XAUUSD,2026-09-22 11:30:00+00:00
2026-09-22 08:00:00+00:00,-1,1.33542,1.33744,1.3293600000000003,0.0020199999999999108,-0.3663366336633047,240,TIME,GBPUSD,2026-09-22 12:00:00+00:00
2026-09-22 14:40:00+00:00,-1,30643.865,30696.965,30537.665000000005,53.099999999998545,-1.0338983050847468,222,SL,NAS100,2026-09-22 18:22:00+00:00
2026-09-23 07:30:00+00:00,-1,4323.625,4348.46,4249.12,24.835000000000036,0.68773907791423,240,TIME,XAUUSD,2026-09-23 11:30:00+00:00
2026-09-23 08:00:00+00:00,-1,1.33016,1.3327149999999999,1.3224950000000004,0.002554999999999863,0.8140900195695073,240,TIME,GBPUSD,2026-09-23 12:00:00+00:00
2026-09-23 14:35:00+00:00,1,30425.419,30348.32,30579.617000000006,77.09900000000198,0.33060091570573386,240,TIME,NAS100,2026-09-23 18:35:00+00:00
2026-09-24 07:00:00+00:00,1,209.838,209.1935,211.77149999999997,0.6444999999999936,0.21101629169901753,240,TIME,GBPJPY,2026-09-24 11:00:00+00:00
2026-09-24 08:30:00+00:00,-1,4264.305,4288.005,4193.205000000001,23.699999999999818,-0.3050632911392245,240,TIME,XAUUSD,2026-09-24 12:30:00+00:00
2026-09-25 14:25:00+00:00,1,30475.008,30407.61,30609.804000000004,67.39800000000105,1.9732929760527023,96,TP,NAS100,2026-09-25 16:01:00+00:00
2026-09-28 08:00:00+00:00,1,1.32646,1.32372,1.3346799999999999,0.0027399999999999647,-0.13503649635031614,240,TIME,GBPUSD,2026-09-28 12:00:00+00:00
2026-09-28 13:20:00+00:00,-1,30421.842,30475.531,30314.464000000004,53.68899999999849,-1.0335264206820773,12,SL,NAS100,2026-09-28 13:32:00+00:00
2026-09-30 07:00:00+00:00,1,4190.575,4176.225,4233.624999999998,14.349999999999454,-0.4578397212543525,240,TIME,XAUUSD,2026-09-30 11:00:00+00:00
2026-09-30 07:00:00+00:00,1,1.32545,1.32355,1.33115,0.0019000000000000128,1.9999999999999465,240,TIME,GBPUSD,2026-09-30 11:00:00+00:00
2026-09-30 14:15:00+00:00,-1,30556.809,30618.532,30433.363000000005,61.72299999999814,-1.0291625488067666,94,SL,NAS100,2026-09-30 15:49:00+00:00
2026-10-01 08:00:00+00:00,-1,1.32332,1.32586,1.3157,0.0025399999999999867,-0.3543307086614203,240,TIME,GBPUSD,2026-10-01 12:00:00+00:00
2026-10-01 14:35:00+00:00,1,30416.131,30294.042,30660.309,122.08899999999994,-1.0147433429711112,33,SL,NAS100,2026-10-01 15:08:00+00:00
2026-10-02 13:15:00+00:00,-1,30911.198,30965.286,30803.022,54.08799999999974,1.966720899275255,16,TP,NAS100,2026-10-02 13:31:00+00:00
2026-10-05 14:35:00+00:00,-1,30951.487,30995.621,30863.219000000005,44.133999999998196,-1.0407848824035908,22,SL,NAS100,2026-10-05 14:57:00+00:00
2026-10-06 08:00:00+00:00,1,209.285,208.853,210.58099999999996,0.43199999999998795,1.0694444444444948,240,TIME,GBPJPY,2026-10-06 12:00:00+00:00
2026-10-06 08:00:00+00:00,1,1.32369,1.322155,1.3282950000000002,0.001535000000000064,2.540716612377687,240,TIME,GBPUSD,2026-10-06 12:00:00+00:00
