,trades,pnl
2025-03-31,0,0.0
2025-04-07,0,0.0
2025-04-14,1,0.0650887573964486
2025-04-21,0,0.0
2025-04-28,0,0.0
2025-05-05,2,-2.178559648158326
2025-05-12,1,-1.0722891566265065
2025-05-19,2,-2.1504761158352546
2025-05-26,0,0.0
2025-06-02,0,0.0
2025-06-09,2,-1.5773724123796118
2025-06-16,0,0.0
2025-06-23,1,-1.1500000000000166
2025-06-30,0,0.0
2025-07-07,1,0.7682926829267506
2025-07-14,2,-2.2159340659340847
2025-07-21,0,0.0
2025-07-28,2,-0.2568641618496995
2025-08-04,1,2.850000000000261
2025-08-11,1,0.0124999999999557
2025-08-18,1,-1.1111111111111145
2025-08-25,1,-1.1500000000000166
2025-09-01,2,-1.6309160305344041
2025-09-08,0,0.0
2025-09-15,1,2.850000000000261
2025-09-22,2,4.687850467289833
2025-09-29,0,0.0
2025-10-06,0,0.0
2025-10-13,1,-1.1463414634146265
2025-10-20,0,0.0
2025-10-27,2,5.722340425531932
2025-11-03,0,0.0
2025-11-10,0,0.0
2025-11-17,0,0.0
2025-11-24,1,-0.5327868852458361
2025-12-01,1,-1.1500000000000166
2025-12-08,0,0.0
2025-12-15,1,-1.0769230769230766
2025-12-22,2,-2.296341463414643
2025-12-29,1,-1.1500000000000166
2026-01-05,0,0.0
2026-01-12,0,0.0
2026-01-19,0,0.0
2026-01-26,0,0.0
2026-02-02,0,0.0
2026-02-09,1,2.850000000000261
2026-02-16,0,0.0
2026-02-23,2,-2.2289473684210597
2026-03-02,0,0.0
2026-03-09,0,0.0
2026-03-16,1,-1.1500000000000166
2026-03-23,2,-2.219767441860475
2026-03-30,1,2.883495145631078
2026-04-06,1,2.903225806451623
2026-04-13,1,-1.1500000000000166
2026-04-20,0,0.0
2026-04-27,1,-1.1500000000000166
2026-05-04,1,2.898305084745759
2026-05-11,2,0.6496574291848525
2026-05-18,0,0.0
2026-05-25,1,1.0380952380951791
2026-06-01,2,-0.18384146341444874
2026-06-08,0,0.0
2026-06-15,0,0.0
2026-06-22,3,1.2284706556510208
2026-06-29,1,-1.1500000000000166
2026-07-06,0,0.0
2026-07-13,1,-1.1500000000000166
2026-07-20,1,-1.1153846153846232
2026-07-27,0,0.0
2026-08-03,1,1.397727272727243
2026-08-10,2,-0.4581081081080529
2026-08-17,3,2.3176653270003498
2026-08-24,0,0.0
2026-08-31,3,-3.3857142857143283
2026-09-07,1,-1.1500000000000166
2026-09-14,0,0.0
2026-09-21,1,-1.104347826086958
2026-09-28,0,0.0
2026-10-05,0,0.0
