tday,side,risk,gross,why,year
2024-10-14,1,9.799999999999809,-9.799999999999809,stop,Y1
2024-10-21,1,7.999999999999119,-7.999999999999119,stop,Y1
2024-10-25,-1,7.999999999999119,-7.999999999999119,stop,Y1
2024-10-29,-1,8.699999999999264,17.399999999998528,target,Y1
2024-10-30,1,35.49999999999942,70.99999999999883,target,Y1
2024-11-05,-1,27.999999999999137,-27.999999999999137,stop,Y1
2024-11-21,1,20.899999999999253,-20.899999999999253,stop,Y1
2024-11-25,-1,21.599999999999397,43.199999999998795,target,Y1
2024-11-29,-1,14.600000000000168,-14.600000000000168,stop,Y1
2024-12-06,-1,7.999999999999119,-7.999999999999119,stop,Y1
2024-12-12,1,25.699999999999612,-25.699999999999612,stop,Y1
2024-12-17,-1,10.699999999999044,-10.699999999999044,stop,Y1
2025-01-10,1,59.299999999999905,-40.10000000000069,time,Y1
2025-01-17,1,17.300000000000093,34.600000000000186,target,Y1
2025-01-29,1,25.299999999999212,22.500000000000853,time,Y1
2025-01-31,1,26.799999999997937,53.59999999999587,target,Y1
2025-02-04,-1,15.600000000000058,-15.600000000000058,stop,Y1
2025-02-10,1,9.900000000000464,-9.900000000000464,stop,Y1
2025-02-24,1,20.299999999999763,-7.999999999999119,time,Y1
2025-03-04,-1,33.39999999999898,-33.39999999999898,stop,Y1
2025-03-20,1,23.499999999998522,-23.499999999998522,stop,Y1
2025-03-21,1,7.999999999999119,-7.999999999999119,stop,Y1
2025-03-26,1,22.199999999998887,-22.199999999998887,stop,Y1
2025-04-01,1,7.999999999999119,-7.999999999999119,stop,Y1
2025-04-02,-1,13.099999999999223,-13.099999999999223,stop,Y1
2025-04-09,-1,7.999999999999119,15.999999999998238,target,Y1
2025-05-01,1,10.499999999999954,-10.499999999999954,stop,Y1
2025-05-05,-1,10.399999999999299,20.799999999998597,target,Y1
2025-05-14,-1,28.399999999999537,56.79999999999907,target,Y1
2025-05-16,1,14.199999999999768,-14.199999999999768,stop,Y1
2025-06-04,-1,12.099999999999334,-12.099999999999334,stop,Y1
2025-06-06,1,41.10000000000058,-14.499999999999513,time,Y1
2025-06-10,1,36.19999999999956,-36.19999999999956,stop,Y1
2025-06-13,1,11.599999999998278,23.199999999996557,target,Y1
2025-06-23,1,90.4999999999978,64.60000000000132,time,Y1
2025-07-07,1,27.399999999999647,-27.399999999999647,stop,Y1
2025-07-10,1,13.499999999999623,-13.499999999999623,stop,Y1
2025-07-28,1,12.999999999998568,-12.999999999998568,stop,Y1
2025-08-04,-1,16.199999999999548,-16.199999999999548,stop,Y1
2025-08-06,-1,10.799999999999699,-10.799999999999699,stop,Y1
2025-08-19,1,8.700000000001484,-8.700000000001484,stop,Y1
2025-08-20,1,8.900000000000574,-8.900000000000574,stop,Y1
2025-08-27,1,8.60000000000083,17.20000000000166,target,Y1
2025-08-28,-1,20.400000000000418,-20.400000000000418,stop,Y1
2025-09-08,-1,10.499999999997733,-2.5999999999992696,time,Y1
2025-09-09,-1,7.999999999999119,-7.999999999999119,stop,Y1
2025-09-11,1,7.999999999999119,-7.999999999999119,stop,Y1
2025-09-23,-1,21.899999999999142,-8.599999999998609,time,Y1
2025-10-07,1,30.199999999998006,-0.8999999999992347,time,Y2
2025-11-10,-1,19.000000000000128,-6.899999999998574,time,Y2
2025-11-18,1,7.999999999999119,15.999999999998238,target,Y2
2025-11-24,-1,12.000000000000899,24.000000000001798,target,Y2
2025-11-26,-1,31.399999999999206,-31.399999999999206,stop,Y2
2025-12-08,1,7.999999999999119,15.999999999998238,target,Y2
2025-12-12,1,7.999999999999119,-7.999999999999119,stop,Y2
2025-12-15,-1,7.999999999999119,15.999999999998238,target,Y2
2025-12-18,-1,21.499999999998742,-21.499999999998742,stop,Y2
2025-12-31,1,8.099999999999774,-8.099999999999774,stop,Y2
2026-01-05,1,29.600000000000737,59.200000000001474,target,Y2
2026-01-07,1,12.499999999999734,-12.499999999999734,stop,Y2
2026-01-09,1,48.299999999998896,-48.299999999998896,stop,Y2
2026-01-13,-1,21.399999999998087,42.799999999996174,target,Y2
2026-01-19,-1,7.999999999999119,-7.999999999999119,stop,Y2
2026-02-11,1,39.00000000000014,-24.900000000001032,time,Y2
2026-02-27,1,11.300000000000754,22.600000000001508,target,Y2
2026-03-06,-1,14.699999999998603,29.399999999997206,target,Y2
2026-03-10,-1,14.899999999999913,-14.899999999999913,stop,Y2
2026-03-11,1,7.999999999999119,-7.999999999999119,stop,Y2
2026-03-26,1,42.9999999999997,-42.9999999999997,stop,Y2
2026-03-27,1,43.69999999999985,-43.69999999999985,stop,Y2
2026-04-02,1,17.700000000000493,6.999999999999229,time,Y2
2026-04-06,-1,32.30000000000066,3.5999999999991594,time,Y2
2026-04-17,-1,9.300000000000974,18.60000000000195,target,Y2
2026-04-23,1,20.599999999999508,-20.599999999999508,stop,Y2
2026-04-28,1,35.69999999999851,19.100000000000783,time,Y2
2026-05-13,1,29.999999999998916,10.200000000000209,time,Y2
2026-05-22,-1,13.900000000000023,27.800000000000047,target,Y2
2026-05-27,1,23.499999999998522,-23.499999999998522,stop,Y2
2026-05-28,1,18.400000000000638,19.799999999998708,time,Y2
2026-06-01,1,17.80000000000115,35.6000000000023,target,Y2
2026-06-02,-1,7.999999999999119,15.999999999998238,target,Y2
2026-06-05,-1,8.999999999999009,17.999999999998018,target,Y2
2026-06-10,-1,15.799999999999148,31.599999999998296,target,Y2
2026-06-17,1,10.600000000000609,-10.600000000000609,stop,Y2
2026-06-26,-1,7.999999999999119,15.999999999998238,target,Y2
