date,weekday,doha_entry,ny_entry,direction,entry,stop,target,stop_pips,exit_reason,exit_ny,exit_doha,exit_price,pips_after_cost,R,news_day,news_event,pdh,pdl,period
2025-10-06,Mon,15:15,08:15,long,1.34329,1.34211,1.34565,11.8,target,09:44,16:44,1.34565,22.1,1.873,no,,1.3487,1.34271,dev
2025-10-07,Tue,16:30,09:30,long,1.34218,1.33916,1.34822,30.2,16:00 close,16:00,23:00,1.34209,-2.4,-0.079,no,,1.34898,1.34162,dev
2025-10-09,Thu,15:30,08:30,long,1.33741,1.33662,1.33899,7.9,target,09:07,16:07,1.33899,14.3,1.81,no,,1.34383,1.33707,dev
2025-10-10,Fri,15:15,08:15,long,1.32846,1.32698,1.33142,14.8,stop,09:04,16:04,1.32698,-16.3,-1.101,no,,1.34186,1.32795,dev
2025-10-15,Wed,15:45,08:45,short,1.33478,1.33584,1.33266,10.6,stop,10:14,17:14,1.33584,-12.1,-1.142,no,,1.3352,1.32484,dev
2025-10-24,Fri,15:15,08:15,long,1.33091,1.33038,1.33197,5.3,target,08:30,15:30,1.33197,9.1,1.717,yes,US CPI,1.33594,1.33075,dev
2025-10-30,Thu,16:45,09:45,long,1.31491,1.31141,1.32191,35.0,16:00 close,16:00,23:00,1.31442,-6.4,-0.183,no,,1.32804,1.31398,dev
2025-10-31,Fri,17:45,10:45,long,1.31251,1.30945,1.31863,30.6,16:00 close,16:00,23:00,1.31361,9.5,0.31,no,,1.32185,1.31161,dev
2025-11-10,Mon,16:45,08:45,short,1.31739,1.31929,1.31359,19.0,16:00 close,16:00,00:00,1.31808,-8.4,-0.442,no,,1.31748,1.30945,dev
2025-11-12,Wed,18:45,10:45,long,1.31178,1.30823,1.31888,35.5,16:00 close,16:00,00:00,1.31303,11.0,0.31,no,,1.31843,1.3116,dev
2025-11-18,Tue,16:15,08:15,long,1.31386,1.31317,1.31524,6.9,target,08:30,16:30,1.31524,12.3,1.783,no,,1.31929,1.31358,dev
2025-11-24,Mon,16:45,08:45,short,1.31079,1.31199,1.30839,12.0,target,10:09,18:09,1.30839,22.5,1.875,no,,1.31093,1.30385,dev
2025-11-26,Wed,16:45,08:45,short,1.31952,1.32266,1.31324,31.4,stop,10:18,18:18,1.32266,-32.9,-1.048,no,,1.3214,1.30954,dev
2025-11-27,Thu,16:30,08:30,short,1.32434,1.32466,1.3237,3.2,stop,08:30,16:30,1.32466,-4.7,-1.469,no,,1.32439,1.31239,dev
2025-11-28,Fri,18:45,10:45,long,1.32217,1.3204,1.32571,17.7,16:00 close,16:00,00:00,1.32418,18.6,1.051,no,,1.32684,1.32099,dev
2025-12-01,Mon,17:15,09:15,short,1.3254,1.32777,1.32066,23.7,16:00 close,16:00,00:00,1.32126,39.9,1.684,no,,1.32545,1.32007,dev
2025-12-02,Tue,16:15,08:15,long,1.32062,1.31999,1.32188,6.3,stop,08:29,16:29,1.31999,-7.8,-1.238,no,,1.32757,1.32054,dev
2025-12-08,Mon,16:45,08:45,long,1.33193,1.33127,1.33325,6.6,target,09:11,17:11,1.33325,11.7,1.773,no,,1.33623,1.33158,dev
2025-12-09,Tue,17:30,09:30,long,1.3309,1.32989,1.33292,10.1,stop,10:01,18:01,1.32989,-11.6,-1.149,no,,1.3346,1.33054,dev
2025-12-12,Fri,19:00,11:00,long,1.33546,1.33501,1.33636,4.5,stop,11:34,19:34,1.33501,-6.0,-1.333,no,,1.3438,1.33544,dev
2025-12-15,Mon,18:00,10:00,short,1.33963,1.34035,1.33819,7.2,target,10:20,18:20,1.33819,12.9,1.792,no,,1.33995,1.33421,dev
2025-12-17,Wed,17:00,09:00,long,1.3356,1.33376,1.33928,18.4,target,10:57,18:57,1.33928,35.3,1.918,yes,UK CPI,1.3456,1.33554,dev
2025-12-18,Thu,16:45,08:45,short,1.34193,1.34408,1.33763,21.5,stop,08:52,16:52,1.34408,-23.0,-1.07,yes,US CPI+BoE,1.34267,1.33114,dev
2025-12-30,Tue,19:00,11:00,long,1.34735,1.34475,1.35255,26.0,16:00 close,16:00,00:00,1.34631,-11.9,-0.458,no,,1.35155,1.3469,dev
2025-12-31,Wed,17:00,09:00,long,1.34539,1.34458,1.34701,8.1,stop,09:05,17:05,1.34458,-9.6,-1.185,no,,1.35306,1.34495,dev
2026-01-05,Mon,17:00,09:00,long,1.34524,1.34228,1.35116,29.6,target,11:20,19:20,1.35116,57.7,1.949,no,,1.35019,1.34339,dev
2026-01-07,Wed,16:30,08:30,long,1.34915,1.3479,1.35165,12.5,stop,10:15,18:15,1.3479,-14.0,-1.12,no,,1.35674,1.34914,dev
2026-01-09,Fri,16:45,08:45,long,1.34445,1.33962,1.35411,48.3,stop,10:06,18:06,1.33962,-49.8,-1.031,yes,NFP,1.34651,1.34155,dev
2026-01-13,Tue,16:45,08:45,short,1.34749,1.34963,1.34321,21.4,target,11:07,19:07,1.34321,41.3,1.93,yes,US CPI,1.34858,1.33906,dev
2026-01-19,Mon,16:15,08:15,short,1.34124,1.34161,1.3405,3.7,stop,08:35,16:35,1.34161,-5.2,-1.405,no,,1.34128,1.3366,dev
2026-01-29,Thu,18:30,10:30,long,1.3751,1.37448,1.37634,6.2,target,10:37,18:37,1.37634,10.9,1.758,no,,1.38484,1.37496,dev
2026-01-30,Fri,16:45,08:45,long,1.3752,1.37388,1.37784,13.2,stop,08:50,16:50,1.37388,-14.7,-1.114,no,,1.38477,1.3742,dev
2026-02-04,Wed,17:15,09:15,short,1.3693,1.37308,1.36174,37.8,16:00 close,16:00,00:00,1.36503,41.2,1.09,no,,1.37071,1.36503,dev
2026-02-11,Wed,16:45,08:45,long,1.3646,1.3607,1.3724,39.0,16:00 close,16:00,00:00,1.36211,-26.4,-0.677,yes,NFP,1.36968,1.36384,dev
2026-02-23,Mon,17:45,09:45,short,1.35134,1.35187,1.35028,5.3,stop,09:49,17:49,1.35187,-6.8,-1.283,no,,1.35147,1.34348,dev
2026-02-25,Wed,19:00,11:00,short,1.35335,1.35389,1.35227,5.4,stop,11:02,19:02,1.35389,-6.9,-1.278,no,,1.35363,1.34699,dev
2026-02-27,Fri,16:45,08:45,long,1.34495,1.34382,1.34721,11.3,target,09:37,17:37,1.34721,21.1,1.867,no,,1.35749,1.3445,dev
2026-03-06,Fri,16:45,08:45,short,1.33763,1.3391,1.33469,14.7,target,08:55,16:55,1.33469,27.9,1.898,yes,NFP,1.33866,1.32973,dev
2026-03-10,Tue,15:15,08:15,short,1.34352,1.34501,1.34054,14.9,stop,09:05,16:05,1.34501,-16.4,-1.101,no,,1.34469,1.32828,dev
2026-03-11,Wed,15:45,08:45,long,1.34138,1.34093,1.34228,4.5,stop,08:45,15:45,1.34093,-6.0,-1.333,yes,US CPI,1.34831,1.34117,dev
2026-03-26,Thu,16:45,09:45,long,1.33626,1.33196,1.34486,43.0,stop,13:55,20:55,1.33196,-44.5,-1.035,no,,1.34358,1.33579,dev
2026-03-27,Fri,17:15,10:15,long,1.33134,1.32697,1.34008,43.7,stop,13:17,20:17,1.32697,-45.2,-1.034,no,,1.33781,1.331,dev
2026-03-31,Tue,18:00,11:00,long,1.31874,1.31701,1.3222,17.3,target,12:40,19:40,1.3222,33.1,1.913,no,,1.32822,1.31736,dev
2026-04-02,Thu,15:30,08:30,long,1.32158,1.31981,1.32512,17.7,16:00 close,16:00,23:00,1.32228,5.5,0.311,no,,1.33461,1.32156,dev
2026-04-06,Mon,18:00,11:00,short,1.32378,1.32701,1.31732,32.3,16:00 close,16:00,23:00,1.32342,2.1,0.065,no,,1.32423,1.31859,dev
2026-04-10,Fri,16:00,09:00,short,1.34581,1.34692,1.34359,11.1,stop,09:21,16:21,1.34692,-12.6,-1.135,yes,US CPI,1.34583,1.33807,dev
2026-04-16,Thu,15:30,08:30,long,1.35437,1.35347,1.35617,9.0,stop,10:20,17:20,1.35347,-10.5,-1.167,no,,1.3579,1.35432,dev
2026-04-17,Fri,16:15,09:15,short,1.35917,1.3601,1.35731,9.3,target,09:27,16:27,1.35731,17.1,1.839,no,,1.35946,1.35162,dev
2026-04-23,Thu,16:45,09:45,long,1.34969,1.34763,1.35381,20.6,stop,13:07,20:07,1.34763,-22.1,-1.073,no,,1.35352,1.34917,dev
2026-04-28,Tue,16:45,09:45,long,1.3497,1.34613,1.35684,35.7,16:00 close,16:00,23:00,1.35161,17.6,0.493,no,,1.35758,1.34963,dev
2026-05-13,Wed,16:45,09:45,long,1.35121,1.34821,1.35721,30.0,16:00 close,16:00,23:00,1.35223,8.7,0.29,no,,1.36094,1.35001,dev
2026-05-20,Wed,18:00,11:00,short,1.34326,1.34423,1.34132,9.7,stop,11:15,18:15,1.34423,-11.2,-1.155,yes,UK CPI,1.3437,1.3378,dev
2026-05-22,Fri,16:15,09:15,short,1.34508,1.34647,1.3423,13.9,target,10:02,17:02,1.3423,26.3,1.892,no,,1.34546,1.33915,dev
2026-05-27,Wed,15:30,08:30,long,1.34527,1.34292,1.34997,23.5,stop,10:54,17:54,1.34292,-25.0,-1.064,no,,1.35051,1.34343,dev
2026-05-28,Thu,15:45,08:45,long,1.34193,1.34009,1.34561,18.4,16:00 close,16:00,23:00,1.34391,18.3,0.995,no,,1.34586,1.34162,dev
2026-06-01,Mon,17:15,10:15,long,1.34223,1.34045,1.34579,17.8,target,12:52,19:52,1.34579,34.1,1.916,no,,1.34852,1.3408,dev
2026-06-02,Tue,15:45,08:45,short,1.34735,1.34793,1.34619,5.8,stop,10:42,17:42,1.34793,-7.3,-1.259,no,,1.34759,1.34065,dev
2026-06-05,Fri,15:30,08:30,short,1.3462,1.3471,1.3444,9.0,target,08:30,15:30,1.3444,16.5,1.833,yes,NFP,1.34624,1.34112,dev
2026-06-10,Wed,17:00,10:00,short,1.34093,1.34251,1.33777,15.8,target,11:48,18:48,1.33777,30.1,1.905,yes,US CPI,1.34107,1.33305,dev
2026-06-15,Mon,15:15,08:15,short,1.34207,1.3429,1.34041,8.3,stop,08:55,15:55,1.3429,-9.8,-1.181,no,,1.34261,1.33832,dev
2026-06-17,Wed,18:00,11:00,long,1.33934,1.33828,1.34146,10.6,stop,14:00,21:00,1.33828,-12.1,-1.142,yes,FOMC+UK CPI,1.34429,1.33903,dev
2026-06-22,Mon,17:00,10:00,short,1.32386,1.32749,1.3166,36.3,16:00 close,16:00,23:00,1.32473,-10.2,-0.281,no,,1.32404,1.31627,dev
2026-06-25,Thu,17:15,10:15,short,1.32035,1.32204,1.31697,16.9,16:00 close,16:00,23:00,1.31998,2.2,0.13,no,,1.32087,1.31398,dev
2026-06-26,Fri,15:15,08:15,short,1.32183,1.32225,1.32099,4.2,target,08:24,15:24,1.32099,6.9,1.643,no,,1.32189,1.31509,dev
2026-07-01,Wed,17:00,10:00,short,1.32634,1.32826,1.3225,19.2,stop,10:34,17:34,1.32826,-20.7,-1.078,no,,1.32764,1.32122,hidden
2026-07-08,Wed,15:30,08:30,long,1.33525,1.33324,1.33927,20.1,target,13:08,20:08,1.33927,38.7,1.925,no,,1.34014,1.33486,hidden
2026-07-09,Thu,17:15,10:15,short,1.34012,1.34127,1.33782,11.5,stop,13:20,20:20,1.34127,-13.0,-1.13,no,,1.34101,1.33219,hidden
2026-07-10,Fri,15:15,08:15,short,1.34283,1.34387,1.34075,10.4,target,09:55,16:55,1.34075,19.3,1.856,no,,1.34306,1.33805,hidden
2026-07-13,Mon,15:45,08:45,long,1.3394,1.33811,1.34198,12.9,stop,10:02,17:02,1.33811,-14.4,-1.116,no,,1.34514,1.33918,hidden
2026-07-14,Tue,16:00,09:00,short,1.3409,1.3445,1.3337,36.0,16:00 close,16:00,23:00,1.33877,19.8,0.55,yes,US CPI,1.34114,1.33422,hidden
2026-07-15,Wed,17:00,10:00,short,1.34409,1.34514,1.34199,10.5,stop,10:33,17:33,1.34514,-12.0,-1.143,no,,1.3443,1.33417,hidden
2026-07-22,Wed,16:15,09:15,long,1.33654,1.33523,1.33916,13.1,16:00 close,16:00,23:00,1.33732,6.3,0.481,no,,1.34554,1.33596,hidden
2026-07-28,Tue,15:15,08:15,long,1.32854,1.32768,1.33026,8.6,target,09:03,16:03,1.33026,15.7,1.826,no,,1.33633,1.32842,hidden
2026-07-30,Thu,15:45,08:45,short,1.33868,1.3397,1.33664,10.2,stop,09:40,16:40,1.3397,-11.7,-1.147,yes,BoE,1.3387,1.32785,hidden
2026-08-07,Fri,15:45,08:45,long,1.3498,1.34419,1.36102,56.1,16:00 close,16:00,23:00,1.34976,-1.9,-0.034,yes,NFP,1.3479,1.34481,hidden
2026-08-12,Wed,17:45,10:45,short,1.3512,1.35428,1.34504,30.8,16:00 close,16:00,23:00,1.34922,18.3,0.594,yes,US CPI,1.35156,1.34918,hidden
2026-08-13,Thu,15:30,08:30,long,1.34899,1.34848,1.35001,5.1,stop,08:31,15:31,1.34848,-6.6,-1.294,no,,1.35408,1.34874,hidden
2026-08-17,Mon,15:15,08:15,short,1.35592,1.35642,1.35492,5.0,stop,09:10,16:10,1.35642,-6.5,-1.3,no,,1.35616,1.34799,hidden
2026-08-18,Tue,15:15,08:15,long,1.35276,1.35225,1.35378,5.1,target,09:32,16:32,1.35378,8.7,1.706,no,,1.3571,1.35272,hidden
2026-08-20,Thu,17:15,10:15,short,1.36281,1.36545,1.35753,26.4,16:00 close,16:00,23:00,1.36283,-1.7,-0.064,no,,1.363,1.35231,hidden
2026-08-21,Fri,15:15,08:15,short,1.36532,1.36618,1.3636,8.6,target,08:39,15:39,1.3636,15.7,1.826,no,,1.36593,1.35937,hidden
2026-08-27,Thu,16:15,09:15,long,1.35873,1.35713,1.36193,16.0,16:00 close,16:00,23:00,1.35885,-0.3,-0.019,no,,1.36497,1.35829,hidden
2026-08-28,Fri,18:00,11:00,long,1.35716,1.35271,1.36606,44.5,stop,13:43,20:43,1.35271,-46.0,-1.034,no,,1.36024,1.35705,hidden
2026-09-01,Tue,16:15,09:15,long,1.35283,1.35229,1.35391,5.4,target,09:34,16:34,1.35391,9.3,1.722,no,,1.35651,1.35265,hidden
2026-09-02,Wed,16:45,09:45,long,1.35068,1.34723,1.35758,34.5,16:00 close,16:00,23:00,1.34879,-20.4,-0.591,no,,1.35594,1.35058,hidden
2026-09-03,Thu,16:00,09:00,short,1.3518,1.35237,1.35066,5.7,target,09:31,16:31,1.35066,9.9,1.737,no,,1.35183,1.34743,hidden
2026-09-08,Tue,17:15,10:15,short,1.35433,1.35637,1.35025,20.4,16:00 close,16:00,23:00,1.35392,2.6,0.127,no,,1.35474,1.35051,hidden
2026-09-09,Wed,15:15,08:15,short,1.35611,1.35679,1.35475,6.8,target,08:51,15:51,1.35475,12.1,1.779,no,,1.35617,1.35212,hidden
2026-09-11,Fri,15:45,08:45,long,1.35081,1.34781,1.35681,30.0,16:00 close,16:00,23:00,1.35263,16.7,0.557,yes,US CPI,1.356,1.3491,hidden
2026-09-14,Mon,15:45,08:45,long,1.34806,1.34737,1.34944,6.9,stop,08:53,15:53,1.34737,-8.4,-1.217,no,,1.35345,1.34801,hidden
2026-09-17,Thu,15:15,08:15,long,1.33835,1.33661,1.34183,17.4,stop,10:28,17:28,1.33661,-18.9,-1.086,yes,BoE,1.34973,1.33721,hidden
2026-09-18,Fri,15:30,08:30,long,1.33362,1.33333,1.3342,2.9,target,08:35,15:35,1.3342,4.3,1.483,no,,1.34059,1.33361,hidden
2026-09-21,Mon,15:15,08:15,short,1.33935,1.3402,1.33765,8.5,target,10:02,17:02,1.33765,15.5,1.824,no,,1.33978,1.33353,hidden
2026-09-22,Tue,15:30,08:30,long,1.33692,1.33585,1.33906,10.7,stop,08:42,15:42,1.33585,-12.2,-1.14,no,,1.34,1.33647,hidden
2026-09-24,Thu,16:00,09:00,long,1.32314,1.32129,1.32684,18.5,stop,10:30,17:30,1.32129,-20.0,-1.081,no,,1.33466,1.32234,hidden
2026-09-29,Tue,16:45,09:45,long,1.32254,1.32154,1.32454,10.0,stop,10:55,17:55,1.32154,-11.5,-1.15,no,,1.328,1.32223,hidden
