period,date,weekday,direction,fill_london,fill_ny,fill_doha,asia_high,asia_low,asia_range_p,median20_p,ratio,entry,gapped_fill,stop,target,risk_p,exit,exit_type,exit_ny,exit_doha,gross_p,R,news
hidden,2016-02-08,Mon,LONG,07:18,02:18,10:18,1.45215,1.44994,22.1,36.05,0.613,1.45215,False,1.44994,1.45657,22.1,1.44994,stop,03:52,11:52,-22.1,-1.0679,
hidden,2016-02-19,Fri,SHORT,07:10,02:10,10:10,1.43372,1.43133,23.9,36.9,0.648,1.43133,False,1.43372,1.42655,23.9,1.42655,target,07:16,15:16,47.8,1.9372,
hidden,2016-03-03,Thu,LONG,07:58,02:58,10:58,1.40927,1.40703,22.4,37.5,0.597,1.40927,False,1.40703,1.41375,22.4,1.40703,stop,03:24,11:24,-22.4,-1.067,
hidden,2016-03-04,Fri,SHORT,07:42,02:42,10:42,1.41735,1.41516,21.9,36.7,0.597,1.41516,False,1.41735,1.41078,21.9,1.41735,stop,08:59,16:59,-21.9,-1.0685,NFP
hidden,2016-03-14,Mon,SHORT,07:29,03:29,10:29,1.43887,1.43718,16.9,32.3,0.523,1.43718,False,1.43887,1.4338,16.9,1.4338,target,05:53,12:53,33.8,1.9112,
hidden,2016-04-06,Wed,SHORT,07:06,02:06,09:06,1.41699,1.41435,26.4,38.2,0.691,1.41435,False,1.41699,1.40907,26.4,1.40907,target,06:22,13:22,52.8,1.9432,
hidden,2016-04-12,Tue,LONG,07:35,02:35,09:35,1.42472,1.42266,20.6,40.4,0.51,1.42472,False,1.42266,1.42884,20.6,1.42884,target,04:25,11:25,41.2,1.9272,
hidden,2016-04-15,Fri,LONG,07:27,02:27,09:27,1.41597,1.41324,27.3,40.4,0.676,1.41597,False,1.41324,1.42143,27.3,1.42143,target,11:42,18:42,54.6,1.9451,
hidden,2016-04-18,Mon,SHORT,07:01,02:01,09:01,1.41839,1.41589,25.0,38.45,0.65,1.41589,False,1.41839,1.41089,25.0,1.41839,stop,03:52,10:52,-25.0,-1.06,
hidden,2016-05-12,Thu,SHORT,07:52,02:52,09:52,1.44504,1.44316,18.8,31.45,0.598,1.44316,False,1.44504,1.4394,18.8,1.44504,stop,05:45,12:45,-18.8,-1.0798,
hidden,2016-05-20,Fri,LONG,07:05,02:05,09:05,1.46061,1.45906,15.5,31.05,0.499,1.46061,False,1.45906,1.46371,15.5,1.45906,stop,02:55,09:55,-15.5,-1.0968,
hidden,2016-05-24,Tue,LONG,07:09,02:09,09:09,1.44968,1.44769,19.9,30.75,0.647,1.44968,False,1.44769,1.45366,19.9,1.45366,target,03:51,10:51,39.8,1.9246,
hidden,2016-05-25,Wed,LONG,07:25,02:25,09:25,1.462,1.46025,17.5,30.75,0.569,1.462,False,1.46025,1.4655,17.5,1.46025,stop,03:04,10:04,-17.5,-1.0857,
hidden,2016-07-04,Mon,SHORT,07:59,02:59,09:59,1.33068,1.327,36.8,69.05,0.533,1.327,False,1.33068,1.31964,36.8,1.33068,stop,11:22,18:22,-36.8,-1.0408,
hidden,2016-07-05,Tue,SHORT,07:05,02:05,09:05,1.3285,1.32396,45.4,65.3,0.695,1.32396,False,1.3285,1.31488,45.4,1.31488,target,03:53,10:53,90.8,1.967,
hidden,2016-07-11,Mon,LONG,07:05,02:05,09:05,1.29706,1.29268,43.8,76.75,0.571,1.29706,False,1.29268,1.30582,43.8,1.29268,stop,02:37,09:37,-43.8,-1.0342,
hidden,2016-07-20,Wed,LONG,09:31,04:31,11:31,1.31144,1.30645,49.9,88.4,0.564,1.31144,False,1.30645,1.32142,49.9,1.32142,target,15:09,22:09,99.8,1.9699,
hidden,2016-07-22,Fri,LONG,07:08,02:08,09:08,1.32529,1.3217,35.9,88.4,0.406,1.32529,False,1.3217,1.33247,35.9,1.3217,stop,04:30,11:30,-35.9,-1.0418,
hidden,2016-07-25,Mon,LONG,07:03,02:03,09:03,1.31433,1.31098,33.5,82.25,0.407,1.31433,False,1.31098,1.32103,33.5,1.31098,stop,08:43,15:43,-33.5,-1.0448,
hidden,2016-07-26,Tue,SHORT,07:31,02:31,09:31,1.31243,1.30822,42.1,73.45,0.573,1.30822,False,1.31243,1.2998,42.1,1.31243,stop,05:00,12:00,-42.1,-1.0356,
hidden,2016-08-02,Tue,SHORT,07:05,02:05,09:05,1.32029,1.31772,25.7,70.2,0.366,1.31772,False,1.32029,1.31258,25.7,1.32029,stop,02:41,09:41,-25.7,-1.0584,
hidden,2016-08-03,Wed,SHORT,07:29,02:29,09:29,1.33463,1.33135,32.8,70.2,0.467,1.33135,False,1.33463,1.32479,32.8,1.33463,stop,04:44,11:44,-32.8,-1.0457,
hidden,2016-08-04,Thu,SHORT,07:08,02:08,09:08,1.33454,1.33031,42.3,68.3,0.619,1.33031,False,1.33454,1.32185,42.3,1.32185,target,07:01,14:01,84.6,1.9645,
hidden,2016-08-05,Fri,LONG,07:19,02:19,09:19,1.31355,1.31098,25.7,66.05,0.389,1.31355,False,1.31098,1.31869,25.7,1.31098,stop,08:30,15:30,-25.7,-1.0584,NFP
hidden,2016-08-08,Mon,SHORT,07:29,02:29,09:29,1.30963,1.30708,25.5,59.95,0.425,1.30708,False,1.30963,1.30198,25.5,1.30398,15:59 NY close,15:59,22:59,31.0,1.1569,
hidden,2016-08-11,Thu,SHORT,08:24,03:24,10:24,1.30278,1.29938,34.0,59.95,0.567,1.29938,False,1.30278,1.29258,34.0,1.29612,15:59 NY close,15:59,22:59,32.6,0.9147,
hidden,2016-08-12,Fri,SHORT,07:46,02:46,09:46,1.29786,1.29493,29.3,53.0,0.553,1.29493,False,1.29786,1.28907,29.3,1.29786,stop,08:30,15:30,-29.3,-1.0512,
hidden,2016-08-24,Wed,SHORT,07:13,02:13,09:13,1.32009,1.31726,28.3,42.65,0.664,1.31726,False,1.32009,1.3116,28.3,1.32009,stop,04:17,11:17,-28.3,-1.053,
hidden,2016-09-01,Thu,LONG,08:04,03:04,10:04,1.31531,1.31281,25.0,41.05,0.609,1.31531,False,1.31281,1.32031,25.0,1.32031,target,04:30,11:30,50.0,1.94,
hidden,2016-09-02,Fri,SHORT,08:06,03:06,10:06,1.32923,1.32668,25.5,39.45,0.646,1.32668,False,1.32923,1.32158,25.5,1.32923,stop,04:30,11:30,-25.5,-1.0588,NFP
hidden,2016-09-07,Wed,SHORT,08:12,03:12,10:12,1.34269,1.34041,22.8,37.75,0.604,1.34041,False,1.34269,1.33585,22.8,1.33585,target,09:21,16:21,45.6,1.9342,
hidden,2016-09-12,Mon,LONG,07:02,02:02,09:02,1.32802,1.32568,23.4,37.65,0.622,1.32802,False,1.32568,1.3327,23.4,1.32568,stop,05:35,12:35,-23.4,-1.0641,
hidden,2016-09-13,Tue,SHORT,07:02,02:02,09:02,1.33389,1.33167,22.2,35.85,0.619,1.33167,False,1.33389,1.32723,22.2,1.32723,target,05:47,12:47,44.4,1.9324,
hidden,2016-09-20,Tue,SHORT,07:04,02:04,09:04,1.30462,1.30318,14.4,32.65,0.441,1.30318,False,1.30462,1.3003,14.4,1.30462,stop,02:43,09:43,-14.4,-1.1042,
hidden,2016-09-26,Mon,SHORT,07:17,02:17,09:17,1.29865,1.29689,17.6,30.05,0.586,1.29689,False,1.29865,1.29337,17.6,1.29337,target,03:25,10:25,35.2,1.9148,
hidden,2016-10-05,Wed,SHORT,07:21,02:21,09:21,1.27454,1.27241,21.3,30.55,0.697,1.27241,False,1.27454,1.26815,21.3,1.27454,stop,09:27,16:27,-21.3,-1.0704,
hidden,2016-10-17,Mon,LONG,07:35,02:35,09:35,1.21816,1.21512,30.4,44.9,0.677,1.21816,False,1.21512,1.22424,30.4,1.21512,stop,07:10,14:10,-30.4,-1.0493,
hidden,2016-10-25,Tue,LONG,09:53,04:53,11:53,1.22352,1.22097,25.5,44.2,0.577,1.22352,False,1.22097,1.22862,25.5,1.22097,stop,08:22,15:22,-25.5,-1.0588,
hidden,2016-11-01,Tue,LONG,08:49,04:49,11:49,1.22395,1.2211,28.5,44.1,0.646,1.22395,False,1.2211,1.22965,28.5,1.2211,stop,09:22,16:22,-28.5,-1.0526,
hidden,2016-11-04,Fri,SHORT,07:57,03:57,10:57,1.24811,1.24531,28.0,40.7,0.688,1.24531,False,1.24811,1.23971,28.0,1.24811,stop,06:04,13:04,-28.0,-1.0536,NFP
hidden,2016-11-08,Tue,LONG,07:00,02:00,10:00,1.24078,1.23853,22.5,39.05,0.576,1.24078,False,1.23853,1.24528,22.5,1.23853,stop,07:19,15:19,-22.5,-1.0667,
hidden,2016-11-17,Thu,LONG,07:39,02:39,10:39,1.24377,1.24109,26.8,39.05,0.686,1.24377,False,1.24109,1.24913,26.8,1.24913,target,04:26,12:26,53.6,1.944,
hidden,2016-11-23,Wed,SHORT,08:03,03:03,11:03,1.24247,1.24005,24.2,39.55,0.612,1.24005,False,1.24247,1.23521,24.2,1.24247,stop,07:53,15:53,-24.2,-1.062,
hidden,2016-11-24,Thu,SHORT,07:37,02:37,10:37,1.24407,1.24224,18.3,39.55,0.463,1.24224,False,1.24407,1.23858,18.3,1.24407,stop,04:15,12:15,-18.3,-1.082,
hidden,2016-12-07,Wed,SHORT,07:15,02:15,10:15,1.26723,1.26465,25.8,40.0,0.645,1.26465,False,1.26723,1.25949,25.8,1.25949,target,04:39,12:39,51.6,1.9419,
hidden,2016-12-09,Fri,SHORT,07:31,02:31,10:31,1.25953,1.25701,25.2,36.45,0.691,1.25701,False,1.25953,1.25197,25.2,1.25953,stop,03:50,11:50,-25.2,-1.0595,
hidden,2016-12-12,Mon,LONG,07:33,02:33,10:33,1.25953,1.25774,17.9,33.85,0.529,1.25953,False,1.25774,1.26311,17.9,1.25774,stop,04:38,12:38,-17.9,-1.0838,
hidden,2016-12-13,Tue,SHORT,07:40,02:40,10:40,1.26803,1.26639,16.4,32.65,0.502,1.26639,False,1.26803,1.26311,16.4,1.26803,stop,03:18,11:18,-16.4,-1.0915,
hidden,2017-02-02,Thu,LONG,08:09,03:09,11:09,1.26797,1.26572,22.5,44.4,0.507,1.26797,False,1.26572,1.27247,22.5,1.26572,stop,05:45,13:45,-22.5,-1.0667,
hidden,2017-02-03,Fri,LONG,07:38,02:38,10:38,1.25265,1.25103,16.2,43.4,0.373,1.25265,False,1.25103,1.25589,16.2,1.25103,stop,04:31,12:31,-16.2,-1.0926,NFP
hidden,2017-02-06,Mon,SHORT,07:12,02:12,10:12,1.24985,1.24785,20.0,40.85,0.49,1.24785,False,1.24985,1.24385,20.0,1.24385,target,09:51,17:51,40.0,1.925,
hidden,2017-02-16,Thu,LONG,07:09,02:09,10:09,1.24726,1.2454,18.6,34.4,0.541,1.24726,False,1.2454,1.25098,18.6,1.25098,target,04:19,12:19,37.2,1.9194,
hidden,2017-03-06,Mon,SHORT,07:26,02:26,10:26,1.22994,1.22788,20.6,30.5,0.675,1.22788,False,1.22994,1.22376,20.6,1.22376,target,11:42,19:42,41.2,1.9272,
hidden,2017-03-08,Wed,SHORT,07:28,02:28,10:28,1.22136,1.21981,15.5,29.3,0.529,1.21981,False,1.22136,1.21671,15.5,1.21671,target,03:21,11:21,31.0,1.9032,
hidden,2017-03-10,Fri,LONG,07:10,02:10,10:10,1.2163,1.215,13.0,28.75,0.452,1.2163,False,1.215,1.2189,13.0,1.215,stop,06:30,14:30,-13.0,-1.1154,NFP
hidden,2017-03-14,Tue,SHORT,07:04,03:04,10:04,1.22155,1.21975,18.0,27.95,0.644,1.21975,False,1.22155,1.21615,18.0,1.21615,target,03:13,10:13,36.0,1.9167,
hidden,2017-03-17,Fri,LONG,07:11,03:11,10:11,1.23574,1.23435,13.9,27.95,0.497,1.23574,False,1.23435,1.23852,13.9,1.23435,stop,04:11,11:11,-13.9,-1.1079,
hidden,2017-03-20,Mon,LONG,07:47,03:47,10:47,1.23943,1.23802,14.1,26.95,0.523,1.23943,False,1.23802,1.24225,14.1,1.24225,target,04:22,11:22,28.2,1.8936,
hidden,2017-04-05,Wed,SHORT,07:14,02:14,09:14,1.24483,1.2434,14.3,23.1,0.619,1.2434,False,1.24483,1.24054,14.3,1.24483,stop,04:30,11:30,-14.3,-1.1049,
hidden,2017-04-12,Wed,LONG,08:01,03:01,10:01,1.24935,1.24804,13.1,24.6,0.533,1.24935,False,1.24804,1.25197,13.1,1.25197,target,10:31,17:31,26.2,1.8855,
hidden,2017-04-14,Fri,LONG,09:10,04:10,11:10,1.25155,1.25004,15.1,23.2,0.651,1.25155,False,1.25004,1.25457,15.1,1.25267,15:59 NY close,15:59,22:59,11.2,0.6424,
hidden,2017-04-26,Wed,SHORT,07:29,02:29,09:29,1.28429,1.28289,14.0,25.2,0.556,1.28289,False,1.28429,1.28009,14.0,1.28429,stop,10:44,17:44,-14.0,-1.1071,
hidden,2017-05-04,Thu,SHORT,07:24,02:24,09:24,1.28817,1.28648,16.9,25.75,0.656,1.28648,False,1.28817,1.2831,16.9,1.2831,target,02:43,09:43,33.8,1.9112,
hidden,2017-05-09,Tue,SHORT,07:24,02:24,09:24,1.29552,1.29372,18.0,26.2,0.687,1.29372,False,1.29552,1.29012,18.0,1.29552,stop,03:59,10:59,-18.0,-1.0833,
hidden,2017-05-10,Wed,LONG,07:00,02:00,09:00,1.29583,1.29412,17.1,26.2,0.653,1.29583,False,1.29412,1.29925,17.1,1.29396,stop,05:04,12:04,-18.7,-1.1813,
hidden,2017-05-11,Thu,LONG,07:11,02:11,09:11,1.29448,1.29272,17.6,26.2,0.672,1.29448,False,1.29272,1.298,17.6,1.29272,stop,04:30,11:30,-17.6,-1.0852,
hidden,2017-06-05,Mon,LONG,07:17,02:17,09:17,1.28744,1.28595,14.9,24.15,0.617,1.28744,False,1.28595,1.29042,14.9,1.29042,target,05:23,12:23,29.8,1.8993,
hidden,2017-06-07,Wed,LONG,07:03,02:03,09:03,1.29122,1.28957,16.5,25.1,0.657,1.29122,False,1.28957,1.29452,16.5,1.28957,stop,03:22,10:22,-16.5,-1.0909,
hidden,2017-06-08,Thu,LONG,07:06,02:06,09:06,1.29663,1.29497,16.6,25.1,0.661,1.29663,False,1.29497,1.29995,16.6,1.29497,stop,05:28,12:28,-16.6,-1.0904,
hidden,2017-06-14,Wed,LONG,07:13,02:13,09:13,1.2754,1.27382,15.8,28.65,0.551,1.2754,False,1.27382,1.27856,15.8,1.27856,target,02:18,09:18,31.6,1.9051,FOMC
hidden,2017-06-19,Mon,LONG,07:41,02:41,09:41,1.27812,1.27635,17.7,28.65,0.618,1.27812,False,1.27635,1.28166,17.7,1.27635,stop,08:54,15:54,-17.7,-1.0847,
hidden,2017-06-21,Wed,SHORT,07:01,02:01,09:01,1.26346,1.26208,13.8,25.2,0.548,1.26208,False,1.26346,1.25932,13.8,1.25932,target,03:35,10:35,27.6,1.8913,
hidden,2017-06-26,Mon,LONG,08:06,03:06,10:06,1.27543,1.27388,15.5,25.0,0.62,1.27543,False,1.27388,1.27853,15.5,1.27388,stop,04:19,11:19,-15.5,-1.0968,
hidden,2017-07-11,Tue,LONG,07:16,02:16,09:16,1.28821,1.28696,12.5,25.3,0.494,1.28821,False,1.28696,1.29071,12.5,1.29071,target,04:42,11:42,25.0,1.88,
hidden,2017-07-20,Thu,SHORT,07:42,02:42,09:42,1.30322,1.30147,17.5,25.3,0.692,1.30147,False,1.30322,1.29797,17.5,1.29797,target,04:08,11:08,35.0,1.9143,
hidden,2017-07-26,Wed,SHORT,07:30,02:30,09:30,1.30314,1.3015,16.4,24.8,0.661,1.3015,False,1.30314,1.29822,16.4,1.30314,stop,04:06,11:06,-16.4,-1.0915,FOMC
hidden,2017-08-04,Fri,LONG,08:02,03:02,10:02,1.31446,1.3128,16.6,24.05,0.69,1.31446,False,1.3128,1.31778,16.6,1.3128,stop,08:30,15:30,-16.6,-1.0904,NFP
hidden,2017-08-15,Tue,SHORT,07:47,02:47,09:47,1.29698,1.29534,16.4,24.3,0.675,1.29534,False,1.29698,1.29206,16.4,1.29206,target,04:30,11:30,32.8,1.9085,
hidden,2017-08-16,Wed,SHORT,07:17,02:17,09:17,1.28746,1.28595,15.1,23.9,0.632,1.28595,False,1.28746,1.28293,15.1,1.28746,stop,03:29,10:29,-15.1,-1.0993,
hidden,2017-08-21,Mon,SHORT,07:28,02:28,09:28,1.28802,1.28642,16.0,24.3,0.658,1.28642,False,1.28802,1.28322,16.0,1.28802,stop,05:29,12:29,-16.0,-1.0937,
hidden,2017-09-06,Wed,SHORT,07:30,02:30,09:30,1.3044,1.30271,16.9,24.3,0.695,1.30271,False,1.3044,1.29933,16.9,1.3044,stop,04:25,11:25,-16.9,-1.0888,
hidden,2017-09-26,Tue,LONG,07:10,02:10,09:10,1.34847,1.34679,16.8,24.55,0.684,1.34847,False,1.34679,1.35183,16.8,1.34679,stop,04:05,11:05,-16.8,-1.0893,
hidden,2017-10-05,Thu,SHORT,07:07,02:07,09:07,1.32495,1.32287,20.8,31.25,0.666,1.32287,False,1.32495,1.31871,20.8,1.31871,target,03:09,10:09,41.6,1.9279,
hidden,2017-10-13,Fri,LONG,07:17,02:17,09:17,1.32839,1.32596,24.3,37.45,0.649,1.32839,False,1.32596,1.33325,24.3,1.32596,stop,05:46,12:46,-24.3,-1.0617,
hidden,2017-10-16,Mon,SHORT,07:30,02:30,09:30,1.32971,1.32729,24.2,37.45,0.646,1.32729,False,1.32971,1.32245,24.2,1.32971,stop,03:16,10:16,-24.2,-1.062,
hidden,2017-10-18,Wed,SHORT,07:32,02:32,09:32,1.31975,1.31764,21.1,35.85,0.589,1.31764,False,1.31975,1.31342,21.1,1.31975,stop,04:30,11:30,-21.1,-1.0711,
hidden,2017-10-25,Wed,SHORT,07:45,02:45,09:45,1.31388,1.31208,18.0,37.45,0.481,1.31208,False,1.31388,1.30848,18.0,1.31388,stop,04:30,11:30,-18.0,-1.0833,
hidden,2017-10-26,Thu,SHORT,07:14,02:14,09:14,1.32787,1.32603,18.4,35.75,0.515,1.32603,False,1.32787,1.32235,18.4,1.32235,target,04:39,11:39,36.8,1.9185,
hidden,2017-11-21,Tue,LONG,07:08,02:08,10:08,1.32536,1.3236,17.6,27.5,0.64,1.32536,False,1.3236,1.32888,17.6,1.3236,stop,04:15,12:15,-17.6,-1.0852,
hidden,2017-11-27,Mon,SHORT,07:01,02:01,10:01,1.33288,1.33113,17.5,27.5,0.636,1.33113,False,1.33288,1.32763,17.5,1.33288,stop,02:59,10:59,-17.5,-1.0857,
hidden,2017-12-12,Tue,LONG,08:14,03:14,11:14,1.33534,1.3333,20.4,30.25,0.674,1.33534,False,1.3333,1.33942,20.4,1.3333,stop,05:06,13:06,-20.4,-1.0735,
hidden,2017-12-15,Fri,SHORT,08:10,03:10,11:10,1.34473,1.34293,18.0,29.7,0.606,1.34293,False,1.34473,1.33933,18.0,1.33933,target,07:00,15:00,36.0,1.9167,
hidden,2017-12-21,Thu,SHORT,07:27,02:27,10:27,1.33704,1.33541,16.3,29.25,0.557,1.33541,False,1.33704,1.33215,16.3,1.33704,stop,03:19,11:19,-16.3,-1.092,
hidden,2017-12-22,Fri,SHORT,08:08,03:08,11:08,1.33842,1.33679,16.3,29.25,0.557,1.33679,False,1.33842,1.33353,16.3,1.33842,stop,04:44,12:44,-16.3,-1.092,
hidden,2017-12-26,Tue,LONG,07:48,02:48,10:48,1.3375,1.33691,5.9,29.15,0.202,1.3375,False,1.33691,1.33868,5.9,1.33691,stop,04:16,12:16,-5.9,-1.2542,
hidden,2017-12-27,Wed,LONG,07:57,02:57,10:57,1.33864,1.3367,19.4,29.15,0.666,1.33864,False,1.3367,1.34252,19.4,1.34252,target,08:01,16:01,38.8,1.9227,
hidden,2018-01-02,Tue,LONG,07:01,02:01,10:01,1.3525,1.35073,17.7,28.25,0.627,1.3525,False,1.35073,1.35604,17.7,1.35604,target,04:10,12:10,35.4,1.9153,
hidden,2018-02-07,Wed,LONG,07:11,02:11,10:11,1.39691,1.39471,22.0,39.4,0.558,1.39691,False,1.39471,1.40131,22.0,1.39471,stop,03:00,11:00,-22.0,-1.0682,
hidden,2018-02-15,Thu,LONG,07:08,02:08,10:08,1.4021,1.39982,22.8,46.5,0.49,1.4021,False,1.39982,1.40666,22.8,1.40666,target,04:41,12:41,45.6,1.9342,
hidden,2018-02-23,Fri,SHORT,07:01,02:01,10:01,1.39602,1.39348,25.4,42.3,0.6,1.39348,False,1.39602,1.3884,25.4,1.39602,stop,03:32,11:32,-25.4,-1.0591,
hidden,2018-02-27,Tue,LONG,07:12,02:12,10:12,1.39747,1.39525,22.2,37.75,0.588,1.39747,False,1.39525,1.40191,22.2,1.39525,stop,04:37,12:37,-22.2,-1.0676,
hidden,2018-03-08,Thu,SHORT,07:18,02:18,10:18,1.3909,1.38872,21.8,35.1,0.621,1.38872,False,1.3909,1.38436,21.8,1.3909,stop,02:43,10:43,-21.8,-1.0688,
hidden,2018-03-09,Fri,LONG,07:18,02:18,10:18,1.38094,1.37878,21.6,34.4,0.628,1.38095,True,1.37878,1.38529,21.7,1.38529,target,09:18,17:18,43.4,1.9309,NFP
hidden,2018-03-12,Mon,LONG,08:31,04:31,11:31,1.38638,1.38506,13.2,32.25,0.409,1.38638,False,1.38506,1.38902,13.2,1.38506,stop,08:24,15:24,-13.2,-1.1136,
hidden,2018-03-21,Wed,LONG,08:05,04:05,11:05,1.40179,1.39989,19.0,27.3,0.696,1.40179,False,1.39989,1.40559,19.0,1.40559,target,06:30,13:30,38.0,1.9211,FOMC
hidden,2018-03-23,Fri,LONG,07:22,03:22,10:22,1.41226,1.41037,18.9,27.1,0.697,1.41226,False,1.41037,1.41604,18.9,1.41037,stop,04:38,11:38,-18.9,-1.0794,
hidden,2018-03-27,Tue,LONG,07:37,02:37,09:37,1.42383,1.42225,15.8,26.95,0.586,1.42383,False,1.42225,1.42699,15.8,1.42225,stop,03:12,10:12,-15.8,-1.0949,
hidden,2018-04-03,Tue,LONG,07:07,02:07,09:07,1.40617,1.4045,16.7,26.55,0.629,1.40617,False,1.4045,1.40951,16.7,1.4045,stop,06:50,13:50,-16.7,-1.0898,
hidden,2018-04-09,Mon,LONG,07:10,02:10,09:10,1.41011,1.40848,16.3,26.95,0.605,1.41011,False,1.40848,1.41337,16.3,1.40848,stop,03:01,10:01,-16.3,-1.092,
hidden,2018-04-11,Wed,LONG,07:07,02:07,09:07,1.41897,1.41734,16.3,26.95,0.605,1.41897,False,1.41734,1.42223,16.3,1.42223,target,03:31,10:31,32.6,1.908,
hidden,2018-04-13,Fri,SHORT,07:04,02:04,09:04,1.42446,1.42274,17.2,26.65,0.645,1.42274,False,1.42446,1.4193,17.2,1.42446,stop,02:42,09:42,-17.2,-1.0872,
hidden,2018-05-18,Fri,LONG,07:06,02:06,09:06,1.35192,1.35046,14.6,30.45,0.479,1.35192,False,1.35046,1.35484,14.6,1.35046,stop,02:44,09:44,-14.6,-1.1027,
hidden,2018-06-05,Tue,LONG,07:20,02:20,09:20,1.33194,1.3302,17.4,31.65,0.55,1.33194,False,1.3302,1.33542,17.4,1.33542,target,04:30,11:30,34.8,1.9138,
hidden,2018-06-06,Wed,LONG,07:08,02:08,09:08,1.34163,1.33986,17.7,30.8,0.575,1.34163,False,1.33986,1.34517,17.7,1.33986,stop,03:00,10:00,-17.7,-1.0847,
hidden,2018-06-08,Fri,LONG,07:04,02:04,09:04,1.34273,1.34118,15.5,28.95,0.535,1.34273,False,1.34118,1.34583,15.5,1.34118,stop,02:26,09:26,-15.5,-1.0968,
hidden,2018-06-13,Wed,SHORT,07:06,02:06,09:06,1.33747,1.33581,16.6,28.0,0.593,1.33581,False,1.33747,1.33249,16.6,1.33249,target,04:12,11:12,33.2,1.9096,FOMC
hidden,2018-06-18,Mon,SHORT,07:27,02:27,09:27,1.3276,1.32616,14.4,27.7,0.52,1.32616,False,1.3276,1.32328,14.4,1.32328,target,03:21,10:21,28.8,1.8958,
hidden,2018-07-05,Thu,LONG,07:00,02:00,09:00,1.3233,1.3216,17.0,27.95,0.608,1.3233,False,1.3216,1.3267,17.0,1.3267,target,05:47,12:47,34.0,1.9118,
hidden,2018-07-27,Fri,SHORT,07:21,02:21,09:21,1.3114,1.31,14.0,25.5,0.549,1.31,False,1.3114,1.3072,14.0,1.3114,stop,03:20,10:20,-14.0,-1.1071,
hidden,2018-08-07,Tue,LONG,07:02,02:02,09:02,1.29481,1.29373,10.8,22.7,0.476,1.29481,False,1.29373,1.29697,10.8,1.29697,target,02:53,09:53,21.6,1.8611,
hidden,2018-08-20,Mon,SHORT,07:01,02:01,09:01,1.27527,1.27378,14.9,23.0,0.648,1.27378,False,1.27527,1.2708,14.9,1.27527,stop,07:01,14:01,-14.9,-1.1007,
hidden,2018-08-22,Wed,SHORT,07:22,02:22,09:22,1.29148,1.28995,15.3,22.35,0.685,1.28995,False,1.29148,1.28689,15.3,1.28689,target,04:06,11:06,30.6,1.902,
hidden,2018-09-03,Mon,SHORT,07:16,02:16,09:16,1.29333,1.29163,17.0,25.65,0.663,1.29163,False,1.29333,1.28823,17.0,1.28823,target,05:19,12:19,34.0,1.9118,
hidden,2018-09-07,Fri,SHORT,07:01,02:01,09:01,1.29352,1.29191,16.1,23.6,0.682,1.29191,False,1.29352,1.28869,16.1,1.29352,stop,02:11,09:11,-16.1,-1.0932,NFP
hidden,2018-09-14,Fri,SHORT,08:04,03:04,10:04,1.31222,1.3107,15.2,22.95,0.662,1.3107,False,1.31222,1.30766,15.2,1.31222,stop,03:21,10:21,-15.2,-1.0987,
hidden,2018-09-21,Fri,SHORT,07:10,02:10,09:10,1.32765,1.32607,15.8,22.95,0.688,1.32607,False,1.32765,1.32291,15.8,1.32291,target,03:17,10:17,31.6,1.9051,
hidden,2018-10-19,Fri,LONG,07:04,02:04,09:04,1.30272,1.30164,10.8,24.05,0.449,1.30272,False,1.30164,1.30488,10.8,1.30164,stop,03:24,10:24,-10.8,-1.1389,
hidden,2018-10-23,Tue,SHORT,07:01,02:01,09:01,1.297,1.29553,14.7,24.55,0.599,1.29553,False,1.297,1.29259,14.7,1.297,stop,02:55,09:55,-14.7,-1.102,
hidden,2018-10-24,Wed,SHORT,07:00,02:00,09:00,1.299,1.2973,17.0,24.55,0.692,1.2973,False,1.299,1.2939,17.0,1.2939,target,04:09,11:09,34.0,1.9118,
hidden,2018-10-26,Fri,SHORT,07:57,02:57,09:57,1.28249,1.28109,14.0,22.2,0.631,1.28109,False,1.28249,1.27829,14.0,1.28249,stop,04:58,11:58,-14.0,-1.1071,
hidden,2018-10-29,Mon,LONG,07:29,03:29,10:29,1.28383,1.28231,15.2,22.2,0.685,1.28383,False,1.28231,1.28687,15.2,1.28231,stop,05:25,12:25,-15.2,-1.0987,
hidden,2018-10-30,Tue,SHORT,07:42,03:42,10:42,1.28123,1.27968,15.5,22.2,0.698,1.27968,False,1.28123,1.27658,15.5,1.27658,target,05:06,12:06,31.0,1.9032,
hidden,2018-11-20,Tue,SHORT,07:08,02:08,10:08,1.28651,1.28483,16.8,24.75,0.679,1.28483,False,1.28651,1.28147,16.8,1.28651,stop,02:49,10:49,-16.8,-1.0893,
hidden,2018-11-23,Fri,SHORT,07:22,02:22,10:22,1.2882,1.28675,14.5,29.55,0.491,1.28675,False,1.2882,1.28385,14.5,1.28385,target,03:31,11:31,29.0,1.8966,
hidden,2018-11-30,Fri,LONG,08:52,03:52,11:52,1.27909,1.27714,19.5,31.55,0.618,1.27909,False,1.27714,1.28299,19.5,1.27714,stop,04:58,12:58,-19.5,-1.0769,
hidden,2018-12-07,Fri,SHORT,07:03,02:03,10:03,1.2781,1.27623,18.7,34.3,0.545,1.27623,False,1.2781,1.27249,18.7,1.2781,stop,08:30,16:30,-18.7,-1.0802,NFP
hidden,2018-12-17,Mon,LONG,07:04,02:04,10:04,1.25862,1.25734,12.8,28.45,0.45,1.25862,False,1.25734,1.26118,12.8,1.26118,target,05:09,13:09,25.6,1.8828,
hidden,2018-12-27,Thu,SHORT,09:30,04:30,12:30,1.26661,1.2646,20.1,29.6,0.679,1.2646,False,1.26661,1.26058,20.1,1.26661,stop,10:23,18:23,-20.1,-1.0746,
hidden,2018-12-31,Mon,LONG,07:19,02:19,10:19,1.26931,1.26799,13.2,29.6,0.446,1.26931,False,1.26799,1.27195,13.2,1.27195,target,02:54,10:54,26.4,1.8864,
design,2019-02-04,Mon,LONG,07:53,02:53,10:53,1.30847,1.30664,18.3,27.8,0.658,1.30847,False,1.30664,1.31213,18.3,1.30664,stop,04:10,12:10,-18.3,-1.082,
design,2019-02-05,Tue,LONG,07:08,02:08,10:08,1.30443,1.30265,17.8,27.8,0.64,1.30443,False,1.30265,1.30799,17.8,1.30265,stop,04:31,12:31,-17.8,-1.0843,
design,2019-02-06,Wed,SHORT,07:02,02:02,10:02,1.29618,1.29464,15.4,25.55,0.603,1.29464,False,1.29618,1.29156,15.4,1.29618,stop,03:41,11:41,-15.4,-1.0974,
design,2019-02-07,Thu,SHORT,07:04,02:04,10:04,1.29385,1.29256,12.9,25.55,0.505,1.29256,False,1.29385,1.28998,12.9,1.29385,stop,02:21,10:21,-12.9,-1.1163,
design,2019-02-08,Fri,SHORT,07:34,02:34,10:34,1.29558,1.2942,13.8,25.15,0.549,1.2942,False,1.29558,1.29144,13.8,1.29558,stop,05:29,13:29,-13.8,-1.1087,
design,2019-02-11,Mon,SHORT,07:36,02:36,10:36,1.29386,1.29258,12.8,25.15,0.509,1.29258,False,1.29386,1.29002,12.8,1.29002,target,04:30,12:30,25.6,1.8828,
design,2019-02-12,Tue,LONG,07:24,02:24,10:24,1.28705,1.2857,13.5,25.15,0.537,1.28705,False,1.2857,1.28975,13.5,1.2857,stop,03:38,11:38,-13.5,-1.1111,
design,2019-04-04,Thu,LONG,07:46,02:46,09:46,1.31864,1.31683,18.1,30.05,0.602,1.31864,False,1.31683,1.32226,18.1,1.31683,stop,04:45,11:45,-18.1,-1.0829,
design,2019-04-11,Thu,SHORT,07:06,02:06,09:06,1.31082,1.30869,21.3,33.4,0.638,1.30869,False,1.31082,1.30443,21.3,1.31082,stop,03:02,10:02,-21.3,-1.0704,
design,2019-04-18,Thu,SHORT,08:30,03:30,10:30,1.30522,1.30341,18.1,31.2,0.58,1.30341,False,1.30522,1.29979,18.1,1.29979,target,08:31,15:31,36.2,1.9171,
design,2019-04-19,Fri,LONG,09:47,04:47,11:47,1.30014,1.29852,16.2,31.2,0.519,1.30014,False,1.29852,1.30338,16.2,1.29947,15:59 NY close,15:59,22:59,-6.7,-0.5062,
design,2019-04-22,Mon,LONG,07:06,02:06,09:06,1.29971,1.29852,11.9,31.2,0.381,1.29971,False,1.29852,1.30209,11.9,1.29852,stop,07:03,14:03,-11.9,-1.1261,
design,2019-04-23,Tue,LONG,08:20,03:20,10:20,1.29899,1.29747,15.2,29.55,0.514,1.29899,False,1.29747,1.30203,15.2,1.29747,stop,08:59,15:59,-15.2,-1.0987,
design,2019-04-24,Wed,SHORT,07:05,02:05,09:05,1.29427,1.29294,13.3,27.9,0.477,1.29294,False,1.29427,1.29028,13.3,1.29427,stop,06:01,13:01,-13.3,-1.1128,
design,2019-05-03,Fri,SHORT,07:37,02:37,09:37,1.30431,1.30292,13.9,20.75,0.67,1.30292,False,1.30431,1.30014,13.9,1.30014,target,05:28,12:28,27.8,1.8921,NFP
design,2019-05-13,Mon,LONG,07:14,02:14,09:14,1.30142,1.30046,9.6,18.65,0.515,1.30142,False,1.30046,1.30334,9.6,1.30046,stop,03:07,10:07,-9.6,-1.1562,
design,2019-05-15,Wed,SHORT,08:01,03:01,10:01,1.2915,1.29039,11.1,18.3,0.607,1.29039,False,1.2915,1.28817,11.1,1.2915,stop,03:40,10:40,-11.1,-1.1351,
design,2019-05-16,Thu,SHORT,07:06,02:06,09:06,1.28515,1.28419,9.6,17.35,0.553,1.28419,False,1.28515,1.28227,9.6,1.28227,target,03:24,10:24,19.2,1.8438,
design,2019-05-24,Fri,LONG,07:06,02:06,09:06,1.26663,1.26567,9.6,17.4,0.552,1.26663,False,1.26567,1.26855,9.6,1.26855,target,02:26,09:26,19.2,1.8437,
design,2019-06-17,Mon,SHORT,07:22,02:22,09:22,1.25979,1.25887,9.2,15.15,0.607,1.25887,False,1.25979,1.25703,9.2,1.25979,stop,07:00,14:00,-9.2,-1.163,
design,2019-06-28,Fri,SHORT,07:15,02:15,09:15,1.26782,1.26667,11.5,16.7,0.689,1.26667,False,1.26782,1.26437,11.5,1.26782,stop,02:45,09:45,-11.5,-1.1304,
design,2019-07-05,Fri,LONG,07:25,02:25,09:25,1.25842,1.25747,9.5,16.7,0.569,1.25842,False,1.25747,1.26032,9.5,1.25747,stop,02:58,09:58,-9.5,-1.1579,NFP
design,2019-07-16,Tue,SHORT,07:41,02:41,09:41,1.25192,1.25067,12.5,18.5,0.676,1.25067,False,1.25192,1.24817,12.5,1.24817,target,03:31,10:31,25.0,1.88,
design,2019-08-09,Fri,SHORT,07:57,02:57,09:57,1.21475,1.21322,15.3,25.4,0.602,1.21322,False,1.21475,1.21016,15.3,1.21016,target,04:30,11:30,30.6,1.902,
design,2019-08-15,Thu,LONG,07:38,02:38,09:38,1.20632,1.20502,13.0,25.4,0.512,1.20632,False,1.20502,1.20892,13.0,1.20892,target,05:05,12:05,26.0,1.8846,
design,2019-08-27,Tue,LONG,07:36,02:36,09:36,1.22252,1.22085,16.7,27.95,0.597,1.22252,False,1.22085,1.22586,16.7,1.22586,target,05:51,12:51,33.4,1.9102,
design,2019-08-30,Fri,LONG,07:00,02:00,09:00,1.21889,1.21743,14.6,22.8,0.64,1.21889,False,1.21743,1.22181,14.6,1.21743,stop,02:44,09:44,-14.6,-1.1027,
design,2019-09-10,Tue,LONG,07:30,02:30,09:30,1.23479,1.23349,13.0,21.6,0.602,1.23479,False,1.23349,1.23739,13.0,1.23739,target,02:43,09:43,26.0,1.8846,
design,2019-09-12,Thu,SHORT,07:00,02:00,09:00,1.23361,1.23235,12.6,22.1,0.57,1.23235,False,1.23361,1.22983,12.6,1.23361,stop,03:00,10:00,-12.6,-1.119,
design,2019-09-24,Tue,LONG,07:12,02:12,09:12,1.24382,1.24238,14.4,23.85,0.604,1.24382,False,1.24238,1.2467,14.4,1.24238,stop,03:36,10:36,-14.4,-1.1042,
design,2019-09-30,Mon,LONG,08:02,03:02,10:02,1.22992,1.22834,15.8,25.05,0.631,1.22992,False,1.22834,1.23308,15.8,1.23308,target,10:48,17:48,31.6,1.9051,
design,2019-10-01,Tue,SHORT,07:16,02:16,09:16,1.22933,1.22777,15.6,25.05,0.623,1.22777,False,1.22933,1.22465,15.6,1.22933,stop,03:12,10:12,-15.6,-1.0962,
design,2019-10-08,Tue,LONG,07:33,02:33,09:33,1.23001,1.22856,14.5,23.85,0.608,1.23001,False,1.22856,1.23291,14.5,1.22856,stop,02:46,09:46,-14.5,-1.1034,
design,2019-10-25,Fri,LONG,07:18,02:18,09:18,1.28503,1.28352,15.1,24.65,0.613,1.28503,False,1.28352,1.28805,15.1,1.28352,stop,03:17,10:17,-15.1,-1.0993,
design,2019-11-04,Mon,SHORT,08:12,03:12,11:12,1.29424,1.29296,12.8,25.9,0.494,1.29296,False,1.29424,1.2904,12.8,1.2904,target,09:30,17:30,25.6,1.8828,
design,2019-11-05,Tue,LONG,07:24,02:24,10:24,1.28899,1.28775,12.4,25.9,0.479,1.28899,False,1.28775,1.29147,12.4,1.28775,stop,04:03,12:03,-12.4,-1.121,
design,2019-11-06,Wed,LONG,08:32,03:32,11:32,1.28854,1.28685,16.9,25.9,0.653,1.28854,False,1.28685,1.29192,16.9,1.28685,stop,11:09,19:09,-16.9,-1.0888,
design,2019-11-08,Fri,SHORT,07:00,02:00,10:00,1.28196,1.28059,13.7,25.9,0.529,1.28059,False,1.28196,1.27785,13.7,1.28196,stop,03:02,11:02,-13.7,-1.1095,
design,2019-11-11,Mon,LONG,07:03,02:03,10:03,1.27991,1.27853,13.8,25.4,0.543,1.27991,False,1.27853,1.28267,13.8,1.28267,target,06:10,14:10,27.6,1.8913,
design,2019-11-12,Tue,SHORT,07:19,02:19,10:19,1.28663,1.28515,14.8,24.8,0.597,1.28515,False,1.28663,1.28219,14.8,1.28219,target,03:08,11:08,29.6,1.8986,
design,2019-11-13,Wed,SHORT,08:05,03:05,11:05,1.28588,1.28434,15.4,23.15,0.665,1.28434,False,1.28588,1.28126,15.4,1.28522,15:59 NY close,15:59,23:59,-8.8,-0.6688,
design,2019-11-15,Fri,SHORT,07:31,02:31,10:31,1.28857,1.28755,10.2,21.1,0.483,1.28755,False,1.28857,1.28551,10.2,1.28857,stop,04:53,12:53,-10.2,-1.1471,
design,2019-11-21,Thu,SHORT,07:02,02:02,10:02,1.29323,1.29242,8.1,17.8,0.455,1.29242,False,1.29323,1.2908,8.1,1.29323,stop,02:59,10:59,-8.1,-1.1852,
design,2019-12-02,Mon,LONG,07:16,02:16,10:16,1.29201,1.29093,10.8,16.2,0.667,1.29201,False,1.29093,1.29417,10.8,1.29093,stop,04:04,12:04,-10.8,-1.1389,
design,2019-12-24,Tue,SHORT,07:27,02:27,10:27,1.2947,1.29366,10.4,19.05,0.546,1.29366,False,1.2947,1.29158,10.4,1.2947,stop,06:16,14:16,-10.4,-1.1442,
design,2020-01-09,Thu,SHORT,07:21,02:21,10:21,1.31233,1.31027,20.6,30.1,0.684,1.31027,False,1.31233,1.30615,20.6,1.30615,target,04:39,12:39,41.2,1.9272,
design,2020-01-14,Tue,SHORT,07:00,02:00,10:00,1.3002,1.29858,16.2,30.95,0.523,1.29858,False,1.3002,1.29534,16.2,1.3002,stop,06:38,14:38,-16.2,-1.0926,
design,2020-01-16,Thu,SHORT,07:18,02:18,10:18,1.30521,1.30348,17.3,28.9,0.599,1.30348,False,1.30521,1.30002,17.3,1.30521,stop,03:31,11:31,-17.3,-1.0867,
design,2020-01-29,Wed,SHORT,07:10,02:10,10:10,1.30273,1.30149,12.4,26.35,0.471,1.30149,False,1.30273,1.29901,12.4,1.29901,target,08:59,16:59,24.8,1.879,FOMC
design,2020-01-30,Thu,SHORT,07:01,02:01,10:01,1.30253,1.30098,15.5,26.35,0.588,1.30098,False,1.30253,1.29788,15.5,1.29788,target,03:16,11:16,31.0,1.9032,
design,2020-02-11,Tue,SHORT,07:01,02:01,10:01,1.29213,1.29101,11.2,24.25,0.462,1.29101,False,1.29213,1.28877,11.2,1.29213,stop,04:21,12:21,-11.2,-1.1339,
design,2020-02-14,Fri,LONG,07:39,02:39,10:39,1.30554,1.30398,15.6,22.75,0.686,1.30554,False,1.30398,1.30866,15.6,1.30398,stop,03:48,11:48,-15.6,-1.0962,
design,2020-02-17,Mon,SHORT,07:13,02:13,10:13,1.3051,1.30379,13.1,22.0,0.595,1.30379,False,1.3051,1.30117,13.1,1.3051,stop,04:14,12:14,-13.1,-1.1145,
design,2020-04-02,Thu,LONG,07:01,02:01,09:01,1.24112,1.23729,38.3,70.4,0.544,1.24112,False,1.23729,1.24878,38.3,1.23729,stop,09:14,16:14,-38.3,-1.0392,
design,2020-04-03,Fri,SHORT,07:27,02:27,09:27,1.23947,1.23658,28.9,70.4,0.411,1.23658,False,1.23947,1.2308,28.9,1.23947,stop,02:51,09:51,-28.9,-1.0519,NFP
design,2020-04-06,Mon,LONG,07:05,02:05,09:05,1.22519,1.22095,42.4,70.4,0.602,1.22519,False,1.22095,1.23367,42.4,1.22444,15:59 NY close,15:59,22:59,-7.5,-0.2123,
design,2020-04-08,Wed,SHORT,07:05,02:05,09:05,1.23522,1.23086,43.6,70.4,0.619,1.23086,False,1.23522,1.22214,43.6,1.23522,stop,07:14,14:14,-43.6,-1.0344,
design,2020-04-10,Fri,LONG,07:25,02:25,09:25,1.24702,1.2444,26.2,68.65,0.382,1.24702,False,1.2444,1.25226,26.2,1.24712,15:59 NY close,15:59,22:59,1.0,-0.0191,
design,2020-04-13,Mon,LONG,07:07,02:07,09:07,1.24803,1.24527,27.6,67.05,0.412,1.24803,False,1.24527,1.25355,27.6,1.25355,target,03:24,10:24,55.2,1.9457,
design,2020-04-15,Wed,SHORT,07:01,02:01,09:01,1.26304,1.25887,41.7,63.75,0.654,1.25887,False,1.26304,1.25053,41.7,1.25053,target,04:17,11:17,83.4,1.964,
design,2020-04-20,Mon,SHORT,07:00,02:00,09:00,1.24932,1.24546,38.6,63.75,0.605,1.24546,False,1.24932,1.23774,38.6,1.24297,15:59 NY close,15:59,22:59,24.9,0.6062,
design,2020-04-22,Wed,LONG,07:14,02:14,09:14,1.23036,1.22742,29.4,55.05,0.534,1.23036,False,1.22742,1.23624,29.4,1.23624,target,05:16,12:16,58.8,1.949,
design,2020-04-24,Fri,SHORT,07:00,02:00,09:00,1.23599,1.23309,29.0,50.0,0.58,1.23309,False,1.23599,1.22729,29.0,1.23599,stop,06:59,13:59,-29.0,-1.0517,
design,2020-04-28,Tue,SHORT,07:26,02:26,09:26,1.24356,1.24061,29.5,44.5,0.663,1.24061,False,1.24356,1.23471,29.5,1.24356,stop,03:25,10:25,-29.5,-1.0508,
design,2020-05-05,Tue,LONG,07:03,02:03,09:03,1.24715,1.24405,31.0,44.5,0.697,1.24715,False,1.24405,1.25335,31.0,1.24405,stop,04:37,11:37,-31.0,-1.0484,
design,2020-05-06,Wed,SHORT,07:18,02:18,09:18,1.24491,1.24245,24.6,42.65,0.577,1.24245,False,1.24491,1.23753,24.6,1.24491,stop,03:19,10:19,-24.6,-1.061,
design,2020-05-07,Thu,LONG,07:00,02:00,09:00,1.2335,1.23098,25.2,40.15,0.628,1.2335,False,1.23098,1.23854,25.2,1.23854,target,03:00,10:00,50.4,1.9405,
design,2020-05-25,Mon,SHORT,07:20,02:20,09:20,1.21911,1.21709,20.2,36.75,0.55,1.21709,False,1.21911,1.21305,20.2,1.21911,stop,07:59,14:59,-20.2,-1.0743,
design,2020-06-24,Wed,SHORT,07:00,02:00,09:00,1.25425,1.25054,37.1,54.35,0.683,1.25054,False,1.25425,1.24312,37.1,1.24312,target,11:10,18:10,74.2,1.9596,
design,2020-06-25,Thu,LONG,08:34,03:34,10:34,1.24331,1.24036,29.5,54.35,0.543,1.24331,False,1.24036,1.24921,29.5,1.24036,stop,09:37,16:37,-29.5,-1.0508,
design,2020-06-26,Fri,SHORT,07:59,02:59,09:59,1.24365,1.24099,26.6,54.35,0.489,1.24099,False,1.24365,1.23567,26.6,1.23567,target,09:53,16:53,53.2,1.9436,
design,2020-06-30,Tue,SHORT,07:00,02:00,09:00,1.23172,1.2285,32.2,51.8,0.622,1.2285,False,1.23172,1.22206,32.2,1.23172,stop,09:32,16:32,-32.2,-1.0466,
design,2020-07-01,Wed,LONG,09:05,04:05,11:05,1.23937,1.23592,34.5,51.8,0.666,1.23937,False,1.23592,1.24627,34.5,1.24627,target,11:05,18:05,69.0,1.9565,
design,2020-07-02,Thu,LONG,07:06,02:06,09:06,1.24942,1.24605,33.7,50.65,0.665,1.24942,False,1.24605,1.25616,33.7,1.24605,stop,11:03,18:03,-33.7,-1.0445,
design,2020-07-03,Fri,LONG,07:16,02:16,09:16,1.24727,1.24567,16.0,48.55,0.33,1.24727,False,1.24567,1.25047,16.0,1.24567,stop,03:32,10:32,-16.0,-1.0937,NFP
design,2020-07-06,Mon,LONG,07:00,02:00,09:00,1.24995,1.24699,29.6,46.5,0.637,1.24995,False,1.24699,1.25587,29.6,1.24931,15:59 NY close,15:59,22:59,-6.4,-0.2669,
design,2020-07-07,Tue,SHORT,07:03,02:03,09:03,1.25179,1.24894,28.5,46.5,0.613,1.24894,False,1.25179,1.24324,28.5,1.25179,stop,07:41,14:41,-28.5,-1.0526,
design,2020-07-14,Tue,SHORT,07:06,02:06,09:06,1.25608,1.25375,23.3,34.7,0.671,1.25375,False,1.25608,1.24909,23.3,1.24909,target,09:27,16:27,46.6,1.9356,
design,2020-07-15,Wed,LONG,07:17,02:17,09:17,1.25869,1.25632,23.7,34.1,0.695,1.25869,False,1.25632,1.26343,23.7,1.26343,target,06:55,13:55,47.4,1.9367,
design,2020-07-17,Fri,SHORT,07:00,02:00,09:00,1.25709,1.25512,19.7,32.95,0.598,1.25512,False,1.25709,1.25118,19.7,1.25118,target,08:55,15:55,39.4,1.9239,
design,2020-08-06,Thu,LONG,07:02,02:02,09:02,1.31438,1.31216,22.2,35.05,0.633,1.31438,False,1.31216,1.31882,22.2,1.31216,stop,11:32,18:32,-22.2,-1.0676,
design,2020-08-24,Mon,LONG,07:02,02:02,09:02,1.31037,1.30822,21.5,36.15,0.595,1.31037,False,1.30822,1.31467,21.5,1.30822,stop,04:16,11:16,-21.5,-1.0698,
design,2020-09-09,Wed,SHORT,07:15,02:15,09:15,1.29732,1.29517,21.5,38.4,0.56,1.29517,False,1.29732,1.29087,21.5,1.29087,target,07:39,14:39,43.0,1.9302,
design,2020-09-25,Fri,LONG,07:09,02:09,09:09,1.27618,1.27443,17.5,40.15,0.436,1.27618,False,1.27443,1.27968,17.5,1.27968,target,03:14,10:14,35.0,1.9143,
design,2020-10-06,Tue,LONG,08:05,03:05,10:05,1.30008,1.29808,20.0,38.85,0.515,1.30008,False,1.29808,1.30408,20.0,1.29808,stop,03:17,10:17,-20.0,-1.075,
design,2020-10-08,Thu,LONG,07:01,02:01,09:01,1.29384,1.29125,25.9,37.2,0.696,1.29384,False,1.29125,1.29902,25.9,1.29125,stop,06:16,13:16,-25.9,-1.0579,
design,2020-10-15,Thu,SHORT,07:09,02:09,09:09,1.30297,1.30077,22.0,32.05,0.686,1.30077,False,1.30297,1.29637,22.0,1.29637,target,04:37,11:37,44.0,1.9318,
design,2020-11-17,Tue,SHORT,07:41,02:41,10:41,1.32283,1.32068,21.5,36.8,0.584,1.32068,False,1.32283,1.31638,21.5,1.32283,stop,04:20,12:20,-21.5,-1.0698,
design,2020-11-24,Tue,LONG,07:31,02:31,10:31,1.33436,1.33183,25.3,37.15,0.681,1.33436,False,1.33183,1.33942,25.3,1.33183,stop,07:54,15:54,-25.3,-1.0593,
design,2020-11-26,Thu,SHORT,07:14,02:14,10:14,1.33975,1.33827,14.8,35.05,0.422,1.33827,False,1.33975,1.33531,14.8,1.33531,target,05:43,13:43,29.6,1.8986,
design,2021-01-13,Wed,LONG,07:30,02:30,10:30,1.36926,1.36664,26.2,52.15,0.502,1.36926,False,1.36664,1.3745,26.2,1.36664,stop,03:05,11:05,-26.2,-1.0573,
design,2021-01-18,Mon,SHORT,07:26,02:26,10:26,1.35894,1.35594,30.0,48.5,0.619,1.35594,False,1.35894,1.34994,30.0,1.35861,15:59 NY close,15:59,23:59,-26.7,-0.94,
design,2021-01-27,Wed,LONG,07:43,02:43,10:43,1.37517,1.37225,29.2,42.2,0.692,1.37517,False,1.37225,1.38101,29.2,1.37225,stop,04:14,12:14,-29.2,-1.0514,FOMC
design,2021-02-05,Fri,LONG,08:07,03:07,11:07,1.36894,1.36657,23.7,38.35,0.618,1.36894,False,1.36657,1.37368,23.7,1.37368,target,10:11,18:11,47.4,1.9367,NFP
design,2021-02-08,Mon,LONG,07:49,02:49,10:49,1.37409,1.37226,18.3,37.95,0.482,1.37409,False,1.37226,1.37775,18.3,1.37226,stop,03:17,11:17,-18.3,-1.082,
design,2021-02-10,Wed,LONG,07:57,02:57,10:57,1.38272,1.38023,24.9,36.3,0.686,1.38272,False,1.38023,1.3877,24.9,1.38335,15:59 NY close,15:59,23:59,6.3,0.1928,
design,2021-03-11,Thu,LONG,07:10,02:10,10:10,1.39438,1.39186,25.2,39.5,0.638,1.39438,False,1.39186,1.39942,25.2,1.39942,target,15:30,23:30,50.4,1.9405,
design,2021-03-25,Thu,SHORT,07:01,03:01,10:01,1.37078,1.36788,29.0,43.65,0.664,1.36788,False,1.37078,1.36208,29.0,1.37078,stop,06:09,13:09,-29.0,-1.0517,
design,2021-03-26,Fri,SHORT,07:09,03:09,10:09,1.377,1.37453,24.7,43.65,0.566,1.37453,False,1.377,1.36959,24.7,1.377,stop,03:51,10:51,-24.7,-1.0607,
design,2021-03-30,Tue,SHORT,07:28,02:28,09:28,1.37831,1.37596,23.5,42.35,0.555,1.37596,False,1.37831,1.37126,23.5,1.37126,target,09:54,16:54,47.0,1.9362,
design,2021-04-02,Fri,SHORT,10:24,05:24,12:24,1.38521,1.38311,21.0,40.95,0.513,1.38311,False,1.38521,1.37891,21.0,1.38341,15:59 NY close,15:59,22:59,-3.0,-0.2143,NFP
design,2021-04-05,Mon,SHORT,07:01,02:01,09:01,1.38426,1.38169,25.7,39.85,0.645,1.38169,False,1.38426,1.37655,25.7,1.38426,stop,04:05,11:05,-25.7,-1.0584,
design,2021-05-07,Fri,LONG,07:08,02:08,09:08,1.39115,1.38896,21.9,32.6,0.672,1.39115,False,1.38896,1.39553,21.9,1.39553,target,08:34,15:34,43.8,1.9315,NFP
design,2021-05-11,Tue,SHORT,07:29,02:29,09:29,1.41343,1.41124,21.9,31.55,0.694,1.41124,False,1.41343,1.40686,21.9,1.41343,stop,03:31,10:31,-21.9,-1.0685,
design,2021-05-14,Fri,LONG,07:29,02:29,09:29,1.40559,1.40359,20.0,32.05,0.624,1.40559,False,1.40359,1.40959,20.0,1.40959,target,09:40,16:40,40.0,1.925,
design,2021-06-02,Wed,SHORT,07:00,02:00,09:00,1.4164,1.41463,17.7,27.9,0.634,1.41463,False,1.4164,1.41109,17.7,1.4164,stop,08:32,15:32,-17.7,-1.0847,
design,2021-06-11,Fri,SHORT,07:02,02:02,09:02,1.41851,1.41678,17.3,27.05,0.64,1.41678,False,1.41851,1.41332,17.3,1.41332,target,09:35,16:35,34.6,1.9133,
design,2021-06-14,Mon,SHORT,07:00,02:00,09:00,1.41188,1.41048,14.0,24.7,0.567,1.41048,False,1.41188,1.40768,14.0,1.40768,target,04:33,11:33,28.0,1.8929,
design,2021-06-16,Wed,LONG,07:00,02:00,09:00,1.40927,1.40761,16.6,24.7,0.672,1.40927,False,1.40761,1.41259,16.6,1.41259,target,08:14,15:14,33.2,1.9096,FOMC
design,2021-06-24,Thu,SHORT,07:00,02:00,09:00,1.39686,1.39509,17.7,30.0,0.59,1.39509,False,1.39686,1.39155,17.7,1.39686,stop,02:19,09:19,-17.7,-1.0847,
design,2021-07-16,Fri,SHORT,07:01,02:01,09:01,1.38401,1.38237,16.4,26.6,0.617,1.38237,False,1.38401,1.37909,16.4,1.37909,target,03:32,10:32,32.8,1.9085,
design,2021-07-27,Tue,SHORT,07:02,02:02,09:02,1.38312,1.38184,12.8,25.35,0.505,1.38184,False,1.38312,1.37928,12.8,1.37928,target,03:14,10:14,25.6,1.8828,
design,2021-08-03,Tue,LONG,08:02,03:02,10:02,1.39042,1.38866,17.6,26.6,0.662,1.39042,False,1.38866,1.39394,17.6,1.38866,stop,09:49,16:49,-17.6,-1.0852,
design,2021-08-06,Fri,SHORT,08:09,03:09,10:09,1.39301,1.39147,15.4,25.95,0.593,1.39147,False,1.39301,1.38839,15.4,1.39301,stop,03:27,10:27,-15.4,-1.0974,NFP
design,2021-08-10,Tue,LONG,07:57,02:57,09:57,1.38511,1.38357,15.4,24.7,0.623,1.38511,False,1.38357,1.38819,15.4,1.38357,stop,10:05,17:05,-15.4,-1.0974,
design,2021-08-12,Thu,SHORT,07:39,02:39,09:39,1.38747,1.38638,10.9,22.65,0.481,1.38638,False,1.38747,1.3842,10.9,1.38747,stop,03:51,10:51,-10.9,-1.1376,
design,2021-08-13,Fri,SHORT,07:16,02:16,09:16,1.38163,1.38034,12.9,20.45,0.631,1.38034,False,1.38163,1.37776,12.9,1.38163,stop,07:34,14:34,-12.9,-1.1163,
design,2021-09-02,Thu,LONG,07:02,02:02,09:02,1.37809,1.37668,14.1,20.8,0.678,1.37809,False,1.37668,1.38091,14.1,1.38091,target,09:45,16:45,28.2,1.8936,
design,2021-09-14,Tue,SHORT,07:01,02:01,09:01,1.385,1.38343,15.7,22.95,0.684,1.38343,False,1.385,1.38029,15.7,1.385,stop,02:43,09:43,-15.7,-1.0955,
design,2021-10-14,Thu,LONG,07:14,02:14,09:14,1.36721,1.36579,14.2,29.05,0.489,1.36721,False,1.36579,1.37005,14.2,1.37005,target,04:16,11:16,28.4,1.8944,
design,2021-10-26,Tue,LONG,07:35,02:35,09:35,1.37717,1.37565,15.2,29.2,0.521,1.37717,False,1.37565,1.38021,15.2,1.38021,target,06:06,13:06,30.4,1.9013,
design,2021-10-27,Wed,SHORT,07:03,02:03,09:03,1.37782,1.37589,19.3,28.5,0.677,1.37589,False,1.37782,1.37203,19.3,1.37782,stop,02:45,09:45,-19.3,-1.0777,
design,2021-10-29,Fri,SHORT,07:09,02:09,09:09,1.38035,1.37864,17.1,27.65,0.618,1.37864,False,1.38035,1.37522,17.1,1.37522,target,09:02,16:02,34.2,1.9123,
design,2021-11-29,Mon,SHORT,07:02,02:02,10:02,1.33417,1.33268,14.9,23.05,0.646,1.33268,False,1.33417,1.3297,14.9,1.33417,stop,04:01,12:01,-14.9,-1.1007,
design,2021-12-28,Tue,LONG,09:19,04:19,12:19,1.34411,1.34276,13.5,22.4,0.603,1.34411,False,1.34276,1.34681,13.5,1.34276,stop,10:33,18:33,-13.5,-1.1111,
design,2021-12-31,Fri,LONG,07:59,02:59,10:59,1.35064,1.34934,13.0,22.2,0.586,1.35064,False,1.34934,1.35324,13.0,1.34934,stop,06:04,14:04,-13.0,-1.1154,
design,2022-01-13,Thu,LONG,07:22,02:22,10:22,1.37188,1.37039,14.9,22.2,0.671,1.37188,False,1.37039,1.37486,14.9,1.37486,target,05:20,13:20,29.8,1.8993,
design,2022-02-02,Wed,LONG,07:07,02:07,10:07,1.35272,1.35164,10.8,23.0,0.47,1.35272,False,1.35164,1.35488,10.8,1.35488,target,05:43,13:43,21.6,1.8611,
design,2022-02-10,Thu,LONG,07:02,02:02,10:02,1.35366,1.35259,10.7,23.6,0.453,1.35366,False,1.35259,1.3558,10.7,1.3558,target,04:16,12:16,21.4,1.8598,
design,2022-03-21,Mon,SHORT,07:01,03:01,10:01,1.31707,1.31486,22.1,37.25,0.593,1.31486,False,1.31707,1.31044,22.1,1.31707,stop,09:08,16:08,-22.1,-1.0679,
design,2022-04-06,Wed,SHORT,07:06,02:06,09:06,1.30787,1.30566,22.1,32.8,0.674,1.30566,False,1.30787,1.30124,22.1,1.30787,stop,04:08,11:08,-22.1,-1.0679,
design,2022-04-07,Thu,LONG,07:04,02:04,09:04,1.30861,1.30654,20.7,32.8,0.631,1.30861,False,1.30654,1.31275,20.7,1.30654,stop,05:13,12:13,-20.7,-1.0725,
design,2022-04-08,Fri,SHORT,07:07,02:07,09:07,1.30769,1.30599,17.0,32.8,0.518,1.30599,False,1.30769,1.30259,17.0,1.30259,target,03:21,10:21,34.0,1.9118,
design,2022-05-17,Tue,LONG,07:00,02:00,09:00,1.23487,1.23203,28.4,44.45,0.639,1.23487,False,1.23203,1.24055,28.4,1.24055,target,03:10,10:10,56.8,1.9472,
design,2022-05-24,Tue,LONG,07:07,02:07,09:07,1.25792,1.2547,32.2,51.3,0.628,1.25792,False,1.2547,1.26436,32.2,1.2547,stop,04:30,11:30,-32.2,-1.0466,
design,2022-05-25,Wed,LONG,07:45,02:45,09:45,1.25463,1.25139,32.4,51.3,0.632,1.25463,False,1.25139,1.26111,32.4,1.25139,stop,05:04,12:04,-32.4,-1.0463,
design,2022-06-02,Thu,LONG,07:05,02:05,09:05,1.24912,1.24691,22.1,48.65,0.454,1.24912,False,1.24691,1.25354,22.1,1.25354,target,03:37,10:37,44.2,1.9321,
design,2022-06-03,Fri,SHORT,08:02,03:02,10:02,1.25895,1.25659,23.6,44.1,0.535,1.25659,False,1.25895,1.25187,23.6,1.25187,target,10:52,17:52,47.2,1.9364,NFP
design,2022-06-09,Thu,SHORT,07:03,02:03,09:03,1.25483,1.25198,28.5,40.8,0.699,1.25198,False,1.25483,1.24628,28.5,1.25483,stop,09:23,16:23,-28.5,-1.0526,
design,2022-06-28,Tue,SHORT,07:04,02:04,09:04,1.22834,1.22605,22.9,41.5,0.552,1.22605,False,1.22834,1.22147,22.9,1.22834,stop,02:29,09:29,-22.9,-1.0655,
design,2022-07-05,Tue,SHORT,08:06,03:06,10:06,1.21251,1.20978,27.3,41.75,0.654,1.20978,False,1.21251,1.20432,27.3,1.20432,target,04:59,11:59,54.6,1.9451,
design,2022-07-27,Wed,LONG,07:01,02:01,09:01,1.20613,1.2034,27.3,41.75,0.654,1.20613,False,1.2034,1.21159,27.3,1.2034,stop,10:25,17:25,-27.3,-1.0549,FOMC
design,2022-08-09,Tue,LONG,07:00,02:00,09:00,1.20919,1.20699,22.0,39.8,0.553,1.20919,False,1.20699,1.21359,22.0,1.20699,stop,03:15,10:15,-22.0,-1.0682,
design,2022-08-10,Wed,LONG,08:02,03:02,10:02,1.20841,1.20645,19.6,39.6,0.495,1.20841,False,1.20645,1.21233,19.6,1.21233,target,07:59,14:59,39.2,1.9235,
design,2022-08-16,Tue,SHORT,08:01,03:01,10:01,1.206,1.20348,25.2,38.9,0.648,1.20348,False,1.206,1.19844,25.2,1.206,stop,09:02,16:02,-25.2,-1.0595,
design,2022-09-02,Fri,SHORT,07:15,02:15,09:15,1.15596,1.1538,21.6,36.1,0.598,1.1538,False,1.15596,1.14948,21.6,1.15596,stop,03:13,10:13,-21.6,-1.0694,NFP
design,2022-09-12,Mon,LONG,07:32,02:32,09:32,1.16286,1.16001,28.5,41.4,0.688,1.16287,True,1.16001,1.16859,28.6,1.16859,target,03:12,10:12,57.2,1.9476,
design,2022-09-13,Tue,LONG,07:09,02:09,09:09,1.17054,1.16784,27.0,40.55,0.666,1.17054,False,1.16784,1.17594,27.0,1.16784,stop,08:30,15:30,-27.0,-1.0556,
design,2022-09-21,Wed,SHORT,07:01,02:01,09:01,1.13842,1.13648,19.4,46.45,0.418,1.13648,False,1.13842,1.1326,19.4,1.1326,target,02:40,09:40,38.8,1.9227,FOMC
design,2022-10-19,Wed,SHORT,07:01,02:01,09:01,1.13573,1.13127,44.6,78.65,0.567,1.13127,False,1.13573,1.12235,44.6,1.12235,target,07:14,14:14,89.2,1.9664,
design,2022-10-20,Thu,SHORT,09:31,04:31,11:31,1.12409,1.11906,50.3,78.65,0.64,1.11906,False,1.12409,1.109,50.3,1.12409,stop,07:18,14:18,-50.3,-1.0298,
design,2022-10-21,Fri,SHORT,07:02,02:02,09:02,1.12321,1.11794,52.7,78.65,0.67,1.11794,False,1.12321,1.1074,52.7,1.1074,target,08:20,15:20,105.4,1.9715,
design,2022-10-25,Tue,LONG,09:34,04:34,11:34,1.13249,1.12704,54.5,78.65,0.693,1.13249,False,1.12704,1.14339,54.5,1.14339,target,09:34,16:34,109.0,1.9725,
design,2022-10-26,Wed,LONG,07:09,02:09,09:09,1.14673,1.14299,37.4,77.0,0.486,1.14673,False,1.14299,1.15421,37.4,1.15421,target,03:28,10:28,74.8,1.9599,
design,2022-10-27,Thu,SHORT,07:33,02:33,09:33,1.16449,1.16045,40.4,68.0,0.594,1.16045,False,1.16449,1.15237,40.4,1.15747,15:59 NY close,15:59,22:59,29.8,0.7005,
design,2022-10-31,Mon,SHORT,07:23,03:23,10:23,1.1613,1.15817,31.3,56.8,0.551,1.15817,False,1.1613,1.15191,31.3,1.15191,target,07:53,14:53,62.6,1.9521,
design,2022-11-25,Fri,SHORT,07:59,02:59,10:59,1.21269,1.20922,34.7,53.95,0.643,1.20922,False,1.21269,1.20228,34.7,1.20953,15:59 NY close,15:59,23:59,-3.1,-0.1326,
design,2022-12-02,Fri,LONG,07:40,02:40,10:40,1.22578,1.22243,33.5,53.95,0.621,1.22578,False,1.22243,1.23248,33.5,1.22243,stop,08:30,16:30,-33.5,-1.0448,NFP
design,2022-12-08,Thu,LONG,07:53,02:53,10:53,1.22132,1.21776,35.6,53.95,0.66,1.22132,False,1.21776,1.22844,35.6,1.21776,stop,03:57,11:57,-35.6,-1.0421,
design,2022-12-12,Mon,SHORT,07:00,02:00,10:00,1.22403,1.22115,28.8,52.0,0.554,1.22115,False,1.22403,1.21539,28.8,1.22403,stop,02:31,10:31,-28.8,-1.0521,
design,2022-12-14,Wed,LONG,08:19,03:19,11:19,1.23741,1.23414,32.7,50.65,0.646,1.23741,False,1.23414,1.24395,32.7,1.24395,target,13:38,21:38,65.4,1.9541,FOMC
design,2022-12-16,Fri,SHORT,07:39,02:39,10:39,1.22225,1.21881,34.4,49.3,0.698,1.21881,False,1.22225,1.21193,34.4,1.21616,15:59 NY close,15:59,23:59,26.5,0.7267,
design,2022-12-26,Mon,SHORT,08:15,03:15,11:15,1.20744,1.20498,24.6,46.0,0.535,1.20498,False,1.20744,1.20006,24.6,1.20744,stop,05:24,13:24,-24.6,-1.061,
design,2023-01-25,Wed,LONG,07:21,02:21,10:21,1.23372,1.23109,26.3,38.65,0.68,1.23372,False,1.23109,1.23898,26.3,1.23109,stop,02:47,10:47,-26.3,-1.057,
design,2023-01-30,Mon,SHORT,07:19,02:19,10:19,1.24053,1.23804,24.9,40.35,0.617,1.23804,False,1.24053,1.23306,24.9,1.24053,stop,05:20,13:20,-24.9,-1.0602,
design,2023-02-01,Wed,LONG,11:15,06:15,14:15,1.2328,1.23026,25.4,38.85,0.654,1.2328,False,1.23026,1.23788,25.4,1.23026,stop,11:50,19:50,-25.4,-1.0591,FOMC
design,2023-02-03,Fri,SHORT,07:29,02:29,10:29,1.22234,1.22016,21.8,36.05,0.605,1.22016,False,1.22234,1.2158,21.8,1.22234,stop,04:35,12:35,-21.8,-1.0688,NFP
design,2023-02-08,Wed,SHORT,07:02,02:02,10:02,1.2061,1.20395,21.5,33.5,0.642,1.20395,False,1.2061,1.19965,21.5,1.2061,stop,02:28,10:28,-21.5,-1.0698,
design,2023-02-14,Tue,LONG,07:00,02:00,10:00,1.21513,1.21336,17.7,32.1,0.551,1.21513,False,1.21336,1.21867,17.7,1.21867,target,04:56,12:56,35.4,1.9153,
design,2023-07-31,Mon,LONG,07:16,02:16,09:16,1.28595,1.28437,15.8,31.45,0.502,1.28595,False,1.28437,1.28911,15.8,1.28437,stop,04:17,11:17,-15.8,-1.0949,
design,2023-08-10,Thu,LONG,07:04,02:04,09:04,1.27244,1.27073,17.1,32.0,0.534,1.27244,False,1.27073,1.27586,17.1,1.27586,target,03:17,10:17,34.2,1.9123,
design,2023-08-15,Tue,LONG,07:00,02:00,09:00,1.26932,1.26748,18.4,30.65,0.6,1.26932,False,1.26748,1.273,18.4,1.273,target,09:09,16:09,36.8,1.9185,
design,2023-09-07,Thu,LONG,07:07,02:07,09:07,1.25059,1.24906,15.3,25.2,0.607,1.25059,False,1.24906,1.25365,15.3,1.24906,stop,02:55,09:55,-15.3,-1.098,
design,2023-09-20,Wed,SHORT,07:00,02:00,09:00,1.23954,1.2382,13.4,25.25,0.531,1.2382,False,1.23954,1.23552,13.4,1.23552,target,02:01,09:01,26.8,1.8881,FOMC
design,2023-10-25,Wed,SHORT,08:00,03:00,10:00,1.21756,1.21583,17.3,25.25,0.685,1.21583,False,1.21756,1.21237,17.3,1.21237,target,05:26,12:26,34.6,1.9133,
design,2023-11-14,Tue,LONG,07:00,02:00,10:00,1.22802,1.2265,15.2,23.9,0.636,1.22802,False,1.2265,1.23106,15.2,1.23106,target,08:30,16:30,30.4,1.9013,
design,2023-12-05,Tue,SHORT,07:03,02:03,10:03,1.2644,1.26273,16.7,25.35,0.659,1.26273,False,1.2644,1.25939,16.7,1.2644,stop,06:07,14:07,-16.7,-1.0898,
design,2023-12-19,Tue,LONG,07:11,02:11,10:11,1.26652,1.26491,16.1,26.45,0.609,1.26652,False,1.26491,1.26974,16.1,1.26974,target,04:56,12:56,32.2,1.9068,
design,2023-12-22,Fri,LONG,07:00,02:00,10:00,1.26913,1.26785,12.8,23.5,0.545,1.26913,False,1.26785,1.27169,12.8,1.27169,target,05:31,13:31,25.6,1.8828,
design,2023-12-26,Tue,SHORT,07:12,02:12,10:12,1.27126,1.26983,14.3,23.5,0.609,1.26983,False,1.27126,1.26697,14.3,1.27126,stop,09:23,17:23,-14.3,-1.1049,
design,2024-01-25,Thu,LONG,07:08,02:08,10:08,1.27247,1.27032,21.5,31.15,0.69,1.27247,False,1.27032,1.27677,21.5,1.27032,stop,08:30,16:30,-21.5,-1.0698,
design,2024-01-29,Mon,LONG,07:00,02:00,10:00,1.27093,1.26911,18.2,31.15,0.584,1.27093,False,1.26911,1.27457,18.2,1.26911,stop,08:16,16:16,-18.2,-1.0824,
design,2024-02-02,Fri,LONG,07:21,02:21,10:21,1.27545,1.27419,12.6,31.0,0.406,1.27545,False,1.27419,1.27797,12.6,1.27419,stop,03:59,11:59,-12.6,-1.119,NFP
design,2024-02-07,Wed,LONG,07:12,02:12,10:12,1.26126,1.25963,16.3,29.1,0.56,1.26126,False,1.25963,1.26452,16.3,1.26247,15:59 NY close,15:59,23:59,12.1,0.6503,
design,2024-02-08,Thu,SHORT,07:53,02:53,10:53,1.26383,1.26243,14.0,28.7,0.488,1.26243,False,1.26383,1.25963,14.0,1.25963,target,07:29,15:29,28.0,1.8929,
design,2024-02-09,Fri,LONG,07:01,02:01,10:01,1.26228,1.26111,11.7,28.2,0.415,1.26228,False,1.26111,1.26462,11.7,1.26111,stop,04:09,12:09,-11.7,-1.1282,
design,2024-02-12,Mon,LONG,07:53,02:53,10:53,1.26436,1.26262,17.4,25.6,0.68,1.26436,False,1.26262,1.26784,17.4,1.26262,stop,03:25,11:25,-17.4,-1.0862,
design,2024-02-15,Thu,SHORT,07:00,02:00,10:00,1.25732,1.25581,15.1,23.0,0.657,1.25581,False,1.25732,1.25279,15.1,1.25732,stop,08:30,16:30,-15.1,-1.0993,
design,2024-02-20,Tue,LONG,07:20,02:20,10:20,1.25926,1.2579,13.6,21.8,0.624,1.25926,False,1.2579,1.26198,13.6,1.26198,target,08:13,16:13,27.2,1.8897,
design,2024-02-27,Tue,LONG,07:13,02:13,10:13,1.26869,1.2674,12.9,18.95,0.681,1.26869,False,1.2674,1.27127,12.9,1.2674,stop,05:10,13:10,-12.9,-1.1163,
design,2024-03-04,Mon,LONG,07:00,02:00,10:00,1.26669,1.26555,11.4,16.9,0.675,1.26669,False,1.26555,1.26897,11.4,1.26897,target,09:52,17:52,22.8,1.8684,
design,2024-03-12,Tue,SHORT,07:01,03:01,10:01,1.28231,1.28134,9.7,16.75,0.579,1.28134,False,1.28231,1.2794,9.7,1.2794,target,03:56,10:56,19.4,1.8454,
design,2024-04-02,Tue,SHORT,07:00,02:00,09:00,1.2549,1.25402,8.8,17.3,0.509,1.25402,False,1.2549,1.25226,8.8,1.2549,stop,03:00,10:00,-8.8,-1.1705,
design,2024-04-09,Tue,LONG,07:07,02:07,09:07,1.26612,1.26519,9.3,16.95,0.549,1.26612,False,1.26519,1.26798,9.3,1.26519,stop,03:04,10:04,-9.3,-1.1613,
design,2024-04-10,Wed,LONG,07:21,02:21,09:21,1.26799,1.26685,11.4,16.75,0.681,1.26799,False,1.26685,1.27027,11.4,1.27027,target,06:37,13:37,22.8,1.8684,
design,2024-05-09,Thu,SHORT,07:12,02:12,09:12,1.25014,1.24871,14.3,21.35,0.67,1.24871,False,1.25014,1.24585,14.3,1.24585,target,07:00,14:00,28.6,1.8951,
design,2024-05-13,Mon,LONG,07:00,02:00,09:00,1.25311,1.25172,13.9,20.65,0.673,1.25311,False,1.25172,1.25589,13.9,1.25589,target,09:15,16:15,27.8,1.8921,
design,2024-05-14,Tue,SHORT,07:00,02:00,09:00,1.25619,1.25516,10.3,20.15,0.511,1.25516,False,1.25619,1.2531,10.3,1.25619,stop,02:18,09:18,-10.3,-1.1456,
design,2024-05-24,Fri,SHORT,07:00,02:00,09:00,1.26976,1.26869,10.7,18.35,0.583,1.26869,False,1.26976,1.26655,10.7,1.26976,stop,02:15,09:15,-10.7,-1.1402,
design,2024-05-27,Mon,LONG,07:51,02:51,09:51,1.2743,1.27336,9.4,17.6,0.534,1.2743,False,1.27336,1.27618,9.4,1.27618,target,09:22,16:22,18.8,1.8404,
design,2024-06-07,Fri,SHORT,07:00,02:00,09:00,1.27935,1.27833,10.2,15.05,0.678,1.27833,False,1.27935,1.27629,10.2,1.27935,stop,02:51,09:51,-10.2,-1.1471,NFP
design,2024-06-21,Fri,LONG,07:00,02:00,09:00,1.26649,1.26545,10.4,15.0,0.693,1.26649,False,1.26545,1.26857,10.4,1.26545,stop,03:00,10:00,-10.4,-1.1442,
design,2024-07-23,Tue,SHORT,07:01,02:01,09:01,1.29345,1.29244,10.1,16.35,0.618,1.29244,False,1.29345,1.29042,10.1,1.29042,target,06:08,13:08,20.2,1.8515,
design,2024-08-14,Wed,SHORT,07:00,02:00,09:00,1.28681,1.28537,14.4,20.8,0.692,1.28537,False,1.28681,1.28249,14.4,1.28249,target,02:03,09:03,28.8,1.8958,
design,2024-08-30,Fri,LONG,07:12,02:12,09:12,1.31715,1.31599,11.6,23.8,0.487,1.31715,False,1.31599,1.31947,11.6,1.31947,target,03:40,10:40,23.2,1.8707,
design,2024-09-05,Thu,LONG,07:17,02:17,09:17,1.31561,1.31407,15.4,22.0,0.7,1.31561,False,1.31407,1.31869,15.4,1.31407,stop,02:56,09:56,-15.4,-1.0974,
design,2024-09-06,Fri,LONG,07:11,02:11,09:11,1.31817,1.31715,10.2,21.6,0.472,1.31817,False,1.31715,1.32021,10.2,1.31715,stop,04:28,11:28,-10.2,-1.1471,NFP
design,2024-09-17,Tue,LONG,07:08,02:08,09:08,1.32112,1.31997,11.5,21.8,0.528,1.32112,False,1.31997,1.32342,11.5,1.31997,stop,03:14,10:14,-11.5,-1.1304,
design,2024-09-23,Mon,LONG,07:01,02:01,09:01,1.33195,1.33065,13.0,23.75,0.547,1.33195,False,1.33065,1.33455,13.0,1.33065,stop,02:58,09:58,-13.0,-1.1154,
design,2024-10-04,Fri,LONG,07:28,02:28,09:28,1.31408,1.31228,18.0,26.15,0.688,1.31408,False,1.31228,1.31768,18.0,1.31228,stop,08:30,15:30,-18.0,-1.0833,NFP
design,2024-10-10,Thu,LONG,07:32,02:32,09:32,1.30777,1.30625,15.2,24.65,0.617,1.30777,False,1.30625,1.31081,15.2,1.30625,stop,08:08,15:08,-15.2,-1.0987,
design,2024-10-25,Fri,SHORT,07:56,02:56,09:56,1.29735,1.29596,13.9,23.05,0.603,1.29596,False,1.29735,1.29318,13.9,1.29735,stop,03:31,10:31,-13.9,-1.1079,
design,2024-11-21,Thu,SHORT,07:08,02:08,10:08,1.26598,1.26458,14.0,24.35,0.575,1.26458,False,1.26598,1.26178,14.0,1.26178,target,10:53,18:53,28.0,1.8929,
design,2024-11-27,Wed,LONG,07:05,02:05,10:05,1.25796,1.25664,13.2,24.8,0.532,1.25796,False,1.25664,1.2606,13.2,1.2606,target,03:20,11:20,26.4,1.8864,
design,2024-12-11,Wed,SHORT,07:08,02:08,10:08,1.27813,1.27626,18.7,27.0,0.693,1.27626,False,1.27813,1.27252,18.7,1.27252,target,05:02,13:02,37.4,1.9198,
design,2024-12-12,Thu,LONG,07:00,02:00,10:00,1.27712,1.27601,11.1,27.0,0.411,1.27712,False,1.27601,1.27934,11.1,1.27601,stop,03:02,11:02,-11.1,-1.1351,
design,2024-12-16,Mon,LONG,07:18,02:18,10:18,1.26392,1.26259,13.3,24.5,0.543,1.26392,False,1.26259,1.26658,13.3,1.26658,target,04:35,12:35,26.6,1.8872,
design,2024-12-24,Tue,LONG,08:36,03:36,11:36,1.25416,1.25252,16.4,26.05,0.63,1.25416,False,1.25252,1.25744,16.4,1.25744,target,09:30,17:30,32.8,1.9085,
design,2024-12-26,Thu,SHORT,07:09,02:09,10:09,1.2548,1.25371,10.9,23.75,0.459,1.25371,False,1.2548,1.25153,10.9,1.25153,target,07:28,15:28,21.8,1.8624,
design,2024-12-27,Fri,LONG,07:57,02:57,10:57,1.25303,1.25177,12.6,23.75,0.531,1.25303,False,1.25177,1.25555,12.6,1.25177,stop,04:12,12:12,-12.6,-1.119,
design,2024-12-30,Mon,SHORT,07:31,02:31,10:31,1.25886,1.25722,16.4,23.75,0.691,1.25722,False,1.25886,1.25394,16.4,1.25886,stop,05:17,13:17,-16.4,-1.0915,
design,2025-01-23,Thu,SHORT,07:10,02:10,10:10,1.2323,1.23016,21.4,34.75,0.616,1.23016,False,1.2323,1.22588,21.4,1.2323,stop,05:15,13:15,-21.4,-1.0701,
design,2025-01-27,Mon,SHORT,07:37,02:37,10:37,1.24646,1.24417,22.9,38.35,0.597,1.24417,False,1.24646,1.23959,22.9,1.24646,stop,04:11,12:11,-22.9,-1.0655,
design,2025-01-30,Thu,SHORT,07:06,02:06,10:06,1.24595,1.24342,25.3,38.35,0.66,1.24342,False,1.24595,1.23836,25.3,1.24595,stop,03:08,11:08,-25.3,-1.0593,
design,2025-01-31,Fri,LONG,07:04,02:04,10:04,1.24308,1.24065,24.3,38.35,0.634,1.24308,False,1.24065,1.24794,24.3,1.24065,stop,04:00,12:00,-24.3,-1.0617,
design,2025-02-05,Wed,LONG,07:18,02:18,10:18,1.24895,1.2463,26.5,39.25,0.675,1.24895,False,1.2463,1.25425,26.5,1.25425,target,05:48,13:48,53.0,1.9434,
design,2025-02-06,Thu,SHORT,07:05,02:05,10:05,1.2509,1.24822,26.8,39.25,0.683,1.24822,False,1.2509,1.24286,26.8,1.24286,target,04:30,12:30,53.6,1.944,
design,2025-02-07,Fri,LONG,07:40,02:40,10:40,1.24427,1.24189,23.8,38.35,0.621,1.24427,False,1.24189,1.24903,23.8,1.24903,target,08:30,16:30,47.6,1.937,NFP
design,2025-02-11,Tue,SHORT,07:12,02:12,10:12,1.23657,1.23447,21.0,30.75,0.683,1.23447,False,1.23657,1.23027,21.0,1.23657,stop,04:04,12:04,-21.0,-1.0714,
design,2025-03-17,Mon,LONG,08:14,04:14,11:14,1.29446,1.29267,17.9,29.3,0.611,1.29448,True,1.29267,1.2981,18.1,1.2981,target,09:48,16:48,36.2,1.9171,
design,2025-03-18,Tue,LONG,07:34,03:34,10:34,1.29871,1.29677,19.4,29.3,0.662,1.29871,False,1.29677,1.30259,19.4,1.29677,stop,07:59,14:59,-19.4,-1.0773,
design,2025-03-25,Tue,SHORT,07:22,03:22,10:22,1.29287,1.29114,17.3,29.9,0.579,1.29114,False,1.29287,1.28768,17.3,1.29287,stop,05:58,12:58,-17.3,-1.0867,
design,2025-03-26,Wed,SHORT,07:00,03:00,10:00,1.29459,1.29268,19.1,29.9,0.639,1.29268,False,1.29459,1.28886,19.1,1.28886,target,04:37,11:37,38.2,1.9215,
design,2025-03-28,Fri,LONG,07:00,03:00,10:00,1.29527,1.29373,15.4,29.6,0.52,1.29527,False,1.29373,1.29835,15.4,1.29373,stop,06:58,13:58,-15.4,-1.0974,
design,2025-04-24,Thu,LONG,08:13,03:13,10:13,1.32867,1.32585,28.2,58.75,0.48,1.32867,False,1.32585,1.33431,28.2,1.33431,target,15:40,22:40,56.4,1.9468,
design,2025-04-30,Wed,SHORT,07:10,02:10,09:10,1.34141,1.33819,32.2,61.2,0.526,1.33819,False,1.34141,1.33175,32.2,1.33175,target,09:55,16:55,64.4,1.9534,
design,2025-05-07,Wed,LONG,07:00,02:00,09:00,1.33615,1.33329,28.6,51.85,0.552,1.33615,False,1.33329,1.34187,28.6,1.33329,stop,05:08,12:08,-28.6,-1.0524,FOMC
design,2025-05-12,Mon,LONG,07:14,02:14,09:14,1.32949,1.32738,21.1,47.8,0.441,1.32949,False,1.32738,1.33371,21.1,1.32738,stop,03:00,10:00,-21.1,-1.0711,
design,2025-05-14,Wed,SHORT,07:04,02:04,09:04,1.33197,1.3298,21.7,46.5,0.467,1.3298,False,1.33197,1.32546,21.7,1.33197,stop,03:39,10:39,-21.7,-1.0691,
design,2025-05-15,Thu,LONG,07:21,02:21,09:21,1.32862,1.3259,27.2,45.4,0.599,1.32862,False,1.3259,1.33406,27.2,1.33054,15:59 NY close,15:59,22:59,19.2,0.6507,
design,2025-05-16,Fri,LONG,07:15,02:15,09:15,1.33275,1.33013,26.2,45.4,0.577,1.33275,False,1.33013,1.33799,26.2,1.33013,stop,04:27,11:27,-26.2,-1.0573,
design,2025-05-19,Mon,LONG,07:15,02:15,09:15,1.33134,1.32898,23.6,45.4,0.52,1.33134,False,1.32898,1.33606,23.6,1.33606,target,03:34,10:34,47.2,1.9364,
design,2025-06-05,Thu,LONG,08:16,03:16,10:16,1.35654,1.35404,25.0,41.9,0.597,1.35654,False,1.35404,1.36154,25.0,1.36154,target,09:24,16:24,50.0,1.94,
design,2025-06-06,Fri,SHORT,07:10,02:10,09:10,1.35844,1.35612,23.2,39.65,0.585,1.35612,False,1.35844,1.35148,23.2,1.35148,target,09:23,16:23,46.4,1.9353,NFP
design,2025-06-17,Tue,SHORT,08:01,03:01,10:01,1.35794,1.35574,22.0,42.65,0.516,1.35574,False,1.35794,1.35134,22.0,1.35134,target,10:31,17:31,44.0,1.9318,
design,2025-06-18,Wed,LONG,07:00,02:00,09:00,1.34489,1.34224,26.5,42.65,0.621,1.34489,False,1.34224,1.35019,26.5,1.34224,stop,14:50,21:50,-26.5,-1.0566,FOMC
design,2025-06-25,Wed,LONG,07:25,02:25,09:25,1.36289,1.36109,18.0,39.2,0.459,1.36289,False,1.36109,1.36649,18.0,1.36109,stop,03:53,10:53,-18.0,-1.0833,
design,2025-07-02,Wed,SHORT,07:37,02:37,09:37,1.37523,1.37317,20.6,35.3,0.584,1.37317,False,1.37523,1.36905,20.6,1.36905,target,05:14,12:14,41.2,1.9272,
design,2025-07-15,Tue,LONG,07:33,02:33,09:33,1.34422,1.34212,21.0,33.0,0.636,1.34422,False,1.34212,1.34842,21.0,1.34212,stop,09:35,16:35,-21.0,-1.0714,
design,2025-07-16,Wed,LONG,07:00,02:00,09:00,1.34004,1.33822,18.2,33.0,0.552,1.34004,False,1.33822,1.34368,18.2,1.33822,stop,08:30,15:30,-18.2,-1.0824,
design,2025-07-22,Tue,SHORT,07:01,02:01,09:01,1.34897,1.34694,20.3,30.45,0.667,1.34694,False,1.34897,1.34288,20.3,1.34897,stop,04:36,11:36,-20.3,-1.0739,
design,2025-07-23,Wed,SHORT,07:22,02:22,09:22,1.35346,1.35162,18.4,28.8,0.639,1.35162,False,1.35346,1.34794,18.4,1.35346,stop,03:01,10:01,-18.4,-1.0815,
design,2025-07-24,Thu,SHORT,07:07,02:07,09:07,1.35883,1.35706,17.7,28.8,0.615,1.35705,True,1.35883,1.35349,17.8,1.35349,target,08:40,15:40,35.6,1.9157,
design,2025-08-13,Wed,LONG,07:00,02:00,09:00,1.35078,1.34923,15.5,25.25,0.614,1.35078,False,1.34923,1.35388,15.5,1.35388,target,03:14,10:14,31.0,1.9032,
design,2025-08-18,Mon,SHORT,07:25,02:25,09:25,1.35646,1.35487,15.9,24.35,0.653,1.35487,False,1.35646,1.35169,15.9,1.35169,target,10:47,17:47,31.8,1.9057,
design,2025-09-25,Thu,LONG,07:53,02:53,09:53,1.34645,1.34485,16.0,26.75,0.598,1.34645,False,1.34485,1.34965,16.0,1.34485,stop,03:46,10:46,-16.0,-1.0938,
design,2025-11-03,Mon,SHORT,08:09,03:09,11:09,1.31487,1.31299,18.8,29.75,0.632,1.31299,False,1.31487,1.30923,18.8,1.31487,stop,11:04,19:04,-18.8,-1.0798,
design,2025-11-04,Tue,LONG,07:24,02:24,10:24,1.31342,1.31164,17.8,28.0,0.636,1.31342,False,1.31164,1.31698,17.8,1.31164,stop,03:01,11:01,-17.8,-1.0843,
design,2025-11-06,Thu,LONG,07:25,02:25,10:25,1.30673,1.30503,17.0,26.6,0.639,1.30673,False,1.30503,1.31013,17.0,1.31013,target,07:57,15:57,34.0,1.9118,
design,2025-12-10,Wed,LONG,07:00,02:00,10:00,1.33137,1.32959,17.8,25.45,0.699,1.33137,False,1.32959,1.33493,17.8,1.33493,target,14:00,22:00,35.6,1.9157,FOMC
design,2025-12-12,Fri,SHORT,07:00,02:00,10:00,1.33995,1.3388,11.5,25.95,0.443,1.3388,False,1.33995,1.3365,11.5,1.3365,target,07:49,15:49,23.0,1.8696,
design,2025-12-18,Thu,SHORT,08:52,03:52,11:52,1.33788,1.33615,17.3,25.7,0.673,1.33615,False,1.33788,1.33269,17.3,1.33788,stop,07:00,15:00,-17.3,-1.0867,
design,2025-12-31,Wed,SHORT,07:11,02:11,10:11,1.34674,1.34526,14.8,24.05,0.615,1.34526,False,1.34674,1.3423,14.8,1.34674,stop,07:52,15:52,-14.8,-1.1014,
design,2026-01-08,Thu,SHORT,07:31,02:31,10:31,1.34651,1.34504,14.7,24.9,0.59,1.34504,False,1.34651,1.3421,14.7,1.3421,target,08:51,16:51,29.4,1.898,
design,2026-01-09,Fri,SHORT,07:01,02:01,10:01,1.34378,1.34241,13.7,24.9,0.55,1.34241,False,1.34378,1.33967,13.7,1.34378,stop,08:32,16:32,-13.7,-1.1095,
design,2026-01-13,Tue,SHORT,07:21,02:21,10:21,1.34787,1.34622,16.5,24.9,0.663,1.34622,False,1.34787,1.34292,16.5,1.34787,stop,04:04,12:04,-16.5,-1.0909,
design,2026-01-15,Thu,LONG,07:00,02:00,10:00,1.34396,1.34228,16.8,26.5,0.634,1.34396,False,1.34228,1.34732,16.8,1.34228,stop,05:46,13:46,-16.8,-1.0893,
design,2026-02-16,Mon,LONG,07:44,02:44,10:44,1.36482,1.36352,13.0,37.05,0.351,1.36482,False,1.36352,1.36742,13.0,1.36352,stop,08:14,16:14,-13.0,-1.1154,
design,2026-02-17,Tue,SHORT,07:00,02:00,10:00,1.36289,1.36032,25.7,37.05,0.694,1.36032,False,1.36289,1.35518,25.7,1.35518,target,07:45,15:45,51.4,1.9416,
design,2026-02-18,Wed,LONG,07:00,02:00,10:00,1.35664,1.35496,16.8,33.65,0.499,1.35664,False,1.35496,1.36,16.8,1.35496,stop,09:07,17:07,-16.8,-1.0893,
design,2026-02-19,Thu,LONG,07:35,02:35,10:35,1.3502,1.34804,21.6,33.65,0.642,1.3502,False,1.34804,1.35452,21.6,1.34804,stop,06:22,14:22,-21.6,-1.0694,
design,2026-03-06,Fri,LONG,08:39,03:39,11:39,1.33729,1.3352,20.9,31.7,0.659,1.33729,False,1.3352,1.34147,20.9,1.3352,stop,04:08,12:08,-20.9,-1.0718,NFP
design,2026-03-18,Wed,SHORT,07:45,03:45,10:45,1.33743,1.33501,24.2,35.55,0.681,1.33501,False,1.33743,1.33017,24.2,1.33017,target,14:50,21:50,48.4,1.938,FOMC
design,2026-03-26,Thu,SHORT,07:20,03:20,10:20,1.33675,1.33483,19.2,42.6,0.451,1.33483,False,1.33675,1.33099,19.2,1.33675,stop,10:22,17:22,-19.2,-1.0781,
design,2026-03-27,Fri,SHORT,07:28,03:28,10:28,1.3347,1.33217,25.3,42.6,0.594,1.33217,False,1.3347,1.32711,25.3,1.32711,target,13:17,20:17,50.6,1.9407,
design,2026-04-03,Fri,LONG,08:22,03:22,10:22,1.32375,1.32212,16.3,42.6,0.383,1.32375,False,1.32212,1.32701,16.3,1.32212,stop,08:30,15:30,-16.3,-1.092,NFP
design,2026-04-07,Tue,LONG,07:28,02:28,09:28,1.32386,1.32112,27.4,41.5,0.66,1.32386,False,1.32112,1.32934,27.4,1.32934,target,15:48,22:48,54.8,1.9453,
design,2026-04-09,Thu,SHORT,08:20,03:20,10:20,1.34062,1.33809,25.3,38.7,0.654,1.33809,False,1.34062,1.33303,25.3,1.34062,stop,04:55,11:55,-25.3,-1.0593,
design,2026-04-10,Fri,SHORT,07:29,02:29,09:29,1.34341,1.34145,19.6,36.25,0.541,1.34145,False,1.34341,1.33753,19.6,1.34341,stop,05:19,12:19,-19.6,-1.0765,
design,2026-04-14,Tue,LONG,07:00,02:00,09:00,1.35215,1.35033,18.2,33.15,0.549,1.35215,False,1.35033,1.35579,18.2,1.35579,target,06:55,13:55,36.4,1.9176,
design,2026-04-15,Wed,SHORT,07:51,02:51,09:51,1.3579,1.35568,22.2,33.15,0.67,1.35568,False,1.3579,1.35124,22.2,1.35702,15:59 NY close,15:59,22:59,-13.4,-0.6712,
design,2026-04-17,Fri,SHORT,07:08,02:08,09:08,1.35328,1.35142,18.6,32.15,0.579,1.35142,False,1.35328,1.3477,18.6,1.35328,stop,04:57,11:57,-18.6,-1.0806,
design,2026-05-22,Fri,SHORT,07:00,02:00,09:00,1.34336,1.34193,14.3,26.15,0.547,1.34193,False,1.34336,1.33907,14.3,1.34336,stop,04:19,11:19,-14.3,-1.1049,
design,2026-05-25,Mon,SHORT,08:18,03:18,10:18,1.34901,1.3474,16.1,25.5,0.631,1.3474,False,1.34901,1.34418,16.1,1.34901,stop,04:33,11:33,-16.1,-1.0932,
design,2026-05-27,Wed,SHORT,07:21,02:21,09:21,1.34586,1.34455,13.1,25.5,0.514,1.34455,False,1.34586,1.34193,13.1,1.34193,target,10:57,17:57,26.2,1.8855,
design,2026-06-04,Thu,LONG,07:07,02:07,09:07,1.34317,1.34169,14.8,21.5,0.688,1.34317,False,1.34169,1.34613,14.8,1.34169,stop,03:36,10:36,-14.8,-1.1014,
design,2026-06-23,Tue,SHORT,07:37,02:37,09:37,1.32496,1.32329,16.7,26.8,0.623,1.32329,False,1.32496,1.31995,16.7,1.31995,target,10:36,17:36,33.4,1.9102,
design,2026-06-24,Wed,LONG,07:10,02:10,09:10,1.32043,1.31867,17.6,25.3,0.696,1.32043,False,1.31867,1.32395,17.6,1.31867,stop,02:57,09:57,-17.6,-1.0852,
design,2026-07-08,Wed,LONG,07:00,02:00,09:00,1.33588,1.3342,16.8,26.8,0.627,1.33588,False,1.3342,1.33924,16.8,1.3342,stop,04:18,11:18,-16.8,-1.0893,
design,2026-08-04,Tue,LONG,08:04,03:04,10:04,1.34326,1.34194,13.2,22.55,0.585,1.34326,False,1.34194,1.3459,13.2,1.34499,15:59 NY close,15:59,22:59,17.3,1.197,
design,2026-08-07,Fri,LONG,07:23,02:23,09:23,1.34561,1.3447,9.1,22.15,0.411,1.34561,False,1.3447,1.34743,9.1,1.3447,stop,03:35,10:35,-9.1,-1.1648,NFP
design,2026-08-10,Mon,LONG,07:00,02:00,09:00,1.3494,1.34829,11.1,21.4,0.519,1.3494,False,1.34829,1.35162,11.1,1.35162,target,10:10,17:10,22.2,1.8649,
design,2026-08-11,Tue,LONG,07:01,02:01,09:01,1.3515,1.35023,12.7,21.4,0.593,1.3515,False,1.35023,1.35404,12.7,1.35023,stop,02:33,09:33,-12.7,-1.1181,
design,2026-08-12,Wed,LONG,08:19,03:19,10:19,1.35112,1.35012,10.0,21.05,0.475,1.35112,False,1.35012,1.35312,10.0,1.35312,target,08:34,15:34,20.0,1.85,
design,2026-08-13,Thu,SHORT,07:28,02:28,09:28,1.35005,1.34865,14.0,20.5,0.683,1.34865,False,1.35005,1.34585,14.0,1.35005,stop,06:38,13:38,-14.0,-1.1071,
design,2026-08-28,Fri,SHORT,08:16,03:16,10:16,1.35981,1.35867,11.4,16.45,0.693,1.35867,False,1.35981,1.35639,11.4,1.35981,stop,10:00,17:00,-11.4,-1.1316,
