week,period,trades,wins,losses,win_rate,result_R,running_R,notes
29 Sep 2025 - 03 Oct 2025,dev,0,0,0,-,0.0,0.0,
06 Oct 2025 - 10 Oct 2025,dev,4,2,2,50%,2.5,2.5,
13 Oct 2025 - 17 Oct 2025,dev,1,0,1,0%,-1.14,1.36,
20 Oct 2025 - 24 Oct 2025,dev,1,1,0,100%,1.72,3.08,Fri news (US CPI) +1.72R
27 Oct 2025 - 31 Oct 2025,dev,2,1,1,50%,0.13,3.2,
03 Nov 2025 - 07 Nov 2025,dev,0,0,0,-,0.0,3.2,
10 Nov 2025 - 14 Nov 2025,dev,2,1,1,50%,-0.13,3.07,
17 Nov 2025 - 21 Nov 2025,dev,1,1,0,100%,1.78,4.86,
24 Nov 2025 - 28 Nov 2025,dev,4,2,2,50%,0.41,5.26,2 losses
01 Dec 2025 - 05 Dec 2025,dev,2,1,1,50%,0.45,5.71,
08 Dec 2025 - 12 Dec 2025,dev,3,1,2,33%,-0.71,5.0,2 losses
15 Dec 2025 - 19 Dec 2025,dev,3,2,1,67%,2.64,7.64,Wed news (UK CPI) +1.92R; Thu news (US CPI+BoE) -1.07R
22 Dec 2025 - 26 Dec 2025,dev,0,0,0,-,0.0,7.64,
29 Dec 2025 - 02 Jan 2026,dev,2,0,2,0%,-1.64,6.0,
05 Jan 2026 - 09 Jan 2026,dev,3,1,2,33%,-0.2,5.8,Fri news (NFP) -1.03R; 2 losses
12 Jan 2026 - 16 Jan 2026,dev,1,1,0,100%,1.93,7.73,Tue news (US CPI) +1.93R
19 Jan 2026 - 23 Jan 2026,dev,1,0,1,0%,-1.4,6.32,
26 Jan 2026 - 30 Jan 2026,dev,2,1,1,50%,0.64,6.97,
02 Feb 2026 - 06 Feb 2026,dev,1,1,0,100%,1.09,8.06,
09 Feb 2026 - 13 Feb 2026,dev,1,0,1,0%,-0.68,7.38,Wed news (NFP) -0.68R
16 Feb 2026 - 20 Feb 2026,dev,0,0,0,-,0.0,7.38,
23 Feb 2026 - 27 Feb 2026,dev,3,1,2,33%,-0.69,6.68,2 losses
02 Mar 2026 - 06 Mar 2026,dev,1,1,0,100%,1.9,8.58,Fri news (NFP) +1.90R
09 Mar 2026 - 13 Mar 2026,dev,2,0,2,0%,-2.43,6.15,Wed news (US CPI) -1.33R; 2 losses
16 Mar 2026 - 20 Mar 2026,dev,0,0,0,-,0.0,6.15,
23 Mar 2026 - 27 Mar 2026,dev,2,0,2,0%,-2.07,4.08,2 losses
30 Mar 2026 - 03 Apr 2026,dev,2,2,0,100%,2.22,6.3,
06 Apr 2026 - 10 Apr 2026,dev,2,1,1,50%,-1.07,5.23,Fri news (US CPI) -1.14R
13 Apr 2026 - 17 Apr 2026,dev,2,1,1,50%,0.67,5.91,
20 Apr 2026 - 24 Apr 2026,dev,1,0,1,0%,-1.07,4.83,
27 Apr 2026 - 01 May 2026,dev,1,1,0,100%,0.49,5.33,
04 May 2026 - 08 May 2026,dev,0,0,0,-,0.0,5.33,
11 May 2026 - 15 May 2026,dev,1,1,0,100%,0.29,5.62,
18 May 2026 - 22 May 2026,dev,2,1,1,50%,0.74,6.35,Wed news (UK CPI) -1.16R
25 May 2026 - 29 May 2026,dev,2,1,1,50%,-0.07,6.28,
01 Jun 2026 - 05 Jun 2026,dev,3,2,1,67%,2.49,8.77,Fri news (NFP) +1.83R
08 Jun 2026 - 12 Jun 2026,dev,1,1,0,100%,1.9,10.68,Wed news (US CPI) +1.91R
15 Jun 2026 - 19 Jun 2026,dev,2,0,2,0%,-2.32,8.36,Wed news (FOMC+UK CPI) -1.14R; 2 losses
22 Jun 2026 - 26 Jun 2026,dev,3,2,1,67%,1.49,9.85,
29 Jun 2026 - 03 Jul 2026,dev/hidden,1,0,1,0%,-1.08,8.77,
06 Jul 2026 - 10 Jul 2026,hidden,3,2,1,67%,2.65,11.42,
13 Jul 2026 - 17 Jul 2026,hidden,3,1,2,33%,-1.71,9.71,Tue news (US CPI) +0.55R; 2 losses
20 Jul 2026 - 24 Jul 2026,hidden,1,1,0,100%,0.48,10.19,
27 Jul 2026 - 31 Jul 2026,hidden,2,1,1,50%,0.68,10.87,Thu news (BoE) -1.15R
03 Aug 2026 - 07 Aug 2026,hidden,1,0,1,0%,-0.03,10.84,Fri news (NFP) -0.03R
10 Aug 2026 - 14 Aug 2026,hidden,2,1,1,50%,-0.7,10.14,Wed news (US CPI) +0.59R
17 Aug 2026 - 21 Aug 2026,hidden,4,2,2,50%,2.17,12.31,
24 Aug 2026 - 28 Aug 2026,hidden,2,0,2,0%,-1.05,11.25,
31 Aug 2026 - 04 Sep 2026,hidden,3,2,1,67%,2.87,14.12,
07 Sep 2026 - 11 Sep 2026,hidden,3,3,0,100%,2.46,16.58,Fri news (US CPI) +0.56R
14 Sep 2026 - 18 Sep 2026,hidden,3,1,2,33%,-0.82,15.76,Thu news (BoE) -1.09R; 2 losses
21 Sep 2026 - 25 Sep 2026,hidden,3,1,2,33%,-0.4,15.37,2 losses
28 Sep 2026 - 02 Oct 2026,hidden,1,0,1,0%,-1.15,14.22,
