tday,side,risk,rr,R,why,news
2025-10-02,1,11.799999999999589,2.0,-1.1271186440678012,stop,False
2025-10-03,1,15.350000000000641,2.0,-1.0977198697068362,stop,False
2025-10-06,-1,17.699999999998273,2.0,-1.0847457627118726,stop,False
2025-10-07,-1,24.850000000000705,2.0,1.9396378269617722,target,False
2025-10-09,-1,16.75000000000093,2.0,1.910447761194035,target,False
2025-10-10,-1,14.100000000001334,2.0,-1.1063829787233943,stop,False
2025-10-13,1,15.350000000002861,2.0,-1.0977198697068222,stop,False
2025-10-14,-1,31.90000000000026,2.0,-0.37617554858933716,time,False
2025-10-15,1,30.000000000001137,2.0,-1.049999999999998,stop,False
2025-10-16,1,24.699999999999722,2.0,-1.060728744939272,stop,False
2025-10-17,-1,32.949999999998255,2.0,-0.16084977238235296,time,False
2025-10-20,-1,15.700000000000713,2.0,-1.095541401273881,stop,False
2025-10-21,-1,21.94999999999947,2.0,-0.7835990888382192,time,False
2025-10-22,-1,31.14999999999979,2.0,-0.8828250401283962,time,True
2025-10-24,-1,11.550000000000171,2.0,-1.129870129870128,stop,True
2025-10-27,1,18.500000000001293,2.0,-1.0810810810810754,stop,False
2025-10-28,-1,23.800000000000487,2.0,1.9369747899159677,target,False
2025-10-29,-1,34.70000000000084,2.0,-1.0432276657060509,stop,True
2025-10-30,-1,20.14999999999878,2.0,1.9255583126550824,target,False
2025-10-31,-1,23.050000000000015,2.0,-0.33405639913234897,time,False
2025-11-03,-1,10.900000000000354,2.0,-1.1376146788990782,stop,False
2025-11-04,1,12.000000000000899,2.0,-1.1249999999999907,stop,False
2025-11-05,1,22.450000000000525,2.0,-1.0668151447661454,stop,False
2025-11-06,1,11.300000000000754,2.0,-1.1327433628318495,stop,True
2025-11-07,-1,18.5499999999994,2.0,-1.080862533692725,stop,False
2025-11-10,1,16.899999999999693,2.0,-1.0887573964497057,stop,False
2025-11-11,-1,34.30000000000266,2.0,-1.0437317784256526,stop,False
2025-11-12,1,12.950000000000461,2.0,-1.1158301158301116,stop,False
2025-11-13,1,18.100000000000893,2.0,1.9171270718232085,target,False
2025-11-14,-1,20.450000000000745,2.0,-1.073349633251831,stop,False
2025-11-17,1,19.7500000000006,2.0,-1.0759493670886053,stop,False
2025-11-18,1,18.849999999999145,2.0,-1.0795755968169798,stop,False
2025-11-19,-1,17.999999999998018,2.0,1.9166666666666574,target,True
2025-11-20,1,18.249999999999655,2.0,-1.0821917808219195,stop,True
2025-11-21,1,12.449999999999406,2.0,-1.120481927710849,stop,False
2025-11-25,1,10.700000000001264,2.0,1.859813084112166,target,False
2025-11-26,-1,24.100000000000232,2.0,-1.0622406639004143,stop,False
2025-11-27,-1,22.099999999998232,2.0,-1.0678733031674263,stop,False
2025-11-28,-1,16.20000000000177,2.0,-1.0925925925925826,stop,False
2025-12-01,-1,20.299999999999763,2.0,-1.0738916256157645,stop,False
2025-12-02,-1,16.75000000000093,2.0,-1.089552238805965,stop,False
2025-12-03,1,20.499999999998852,2.0,1.9268292682926789,target,False
2025-12-04,1,19.000000000000128,2.0,-1.0789473684210522,stop,False
2025-12-05,1,16.500000000001513,2.0,-1.0909090909090826,stop,False
2025-12-08,-1,13.300000000000534,2.0,-1.1127819548872135,stop,False
2025-12-09,1,14.049999999998786,2.0,-1.1067615658363081,stop,False
2025-12-10,1,15.699999999998493,2.0,-1.0955414012738944,stop,True
2025-12-11,-1,18.049999999998345,2.0,-1.0831024930747999,stop,False
2025-12-12,-1,8.449999999999847,2.0,1.8224852071005886,target,False
2025-12-15,1,16.40000000000086,2.0,-0.16463414634152795,time,False
2025-12-16,1,13.999999999998458,2.0,1.892857142857131,target,True
2025-12-17,-1,48.799999999999955,2.0,-1.0307377049180328,stop,True
2025-12-18,-1,11.050000000001337,2.0,-1.1357466063348252,stop,True
2025-12-19,-1,11.700000000001154,2.0,-1.1282051282051155,stop,False
2025-12-22,1,15.300000000000313,2.0,1.9019607843137276,target,False
2025-12-23,1,20.54999999999918,2.0,-1.0729927007299298,stop,False
2025-12-24,-1,14.249999999997875,2.0,-1.1052631578947525,stop,False
2025-12-26,-1,20.450000000000745,2.0,-1.073349633251831,stop,False
2025-12-30,1,15.050000000000896,2.0,-1.0996677740863727,stop,False
2025-12-31,-1,7.7000000000015945,2.0,-1.1948051948051543,stop,False
2026-01-02,-1,16.74999999999871,2.0,-1.089552238805977,stop,False
2026-01-05,1,20.249999999999435,2.0,-1.0740740740740762,stop,False
2026-01-06,-1,19.3500000000002,2.0,1.5348837209302226,time,False
2026-01-07,-1,14.95000000000024,2.0,1.2976588628761834,time,False
2026-01-08,-1,12.450000000001626,2.0,1.8795180722891724,target,False
2026-01-09,-1,11.249999999998206,2.0,-1.1333333333333546,stop,True
2026-01-12,1,26.500000000000412,2.0,0.750943396226415,time,False
2026-01-13,1,9.749999999999481,2.0,-1.153846153846162,stop,True
2026-01-14,1,16.099999999998893,2.0,-0.4906832298136821,time,False
2026-01-15,1,10.200000000000209,2.0,-1.1470588235294088,stop,False
2026-01-16,1,12.050000000001226,2.0,-1.1244813278008172,stop,False
2026-01-19,1,14.499999999999513,2.0,-1.1034482758620725,stop,False
2026-01-20,1,46.4500000000001,2.0,-0.19160387513459268,time,False
2026-01-21,-1,12.149999999999661,2.0,1.8765432098765398,target,True
2026-01-22,-1,14.300000000000423,2.0,-1.104895104895102,stop,False
2026-01-23,1,32.95000000000048,2.0,1.9544764795144165,target,False
2026-01-27,-1,15.249999999999986,2.0,-1.098360655737705,stop,False
2026-01-28,-1,23.249999999999105,2.0,0.03870967741936407,time,True
2026-01-29,1,26.849999999998264,2.0,-1.055865921787713,stop,False
2026-02-02,1,26.14999999999812,2.0,-1.0573613766730443,stop,False
2026-02-03,1,18.15000000000122,2.0,-1.082644628099168,stop,False
2026-02-04,1,21.900000000001363,2.0,-1.0684931506849273,stop,False
2026-02-05,-1,26.999999999999247,2.0,1.9444444444444429,target,True
2026-02-06,1,36.800000000001276,2.0,0.6086956521738627,time,False
2026-02-09,-1,19.7500000000006,2.0,-1.0759493670886053,stop,False
2026-02-10,-1,15.849999999999476,2.0,-1.0946372239747666,stop,False
2026-02-11,1,24.399999999999977,2.0,-1.0614754098360657,stop,True
2026-02-12,1,24.999999999999467,2.0,-1.0600000000000014,stop,False
2026-02-13,1,16.599999999999948,2.0,-1.0903614457831328,stop,True
2026-02-16,1,6.799999999997919,2.0,-1.2205882352941853,stop,False
2026-02-17,-1,37.350000000000435,2.0,1.9598393574297193,target,False
2026-02-18,1,14.800000000001479,2.0,-1.1013513513513413,stop,True
2026-02-19,1,14.299999999998203,2.0,-1.104895104895118,stop,False
2026-02-20,1,26.450000000000085,2.0,0.7939508506616555,time,False
2026-02-23,-1,14.200000000001989,2.0,1.8943661971831134,target,False
2026-02-24,-1,12.049999999999006,2.0,-1.12448132780084,stop,False
2026-02-26,-1,12.950000000000461,2.0,1.8841698841698884,target,False
2026-02-27,-1,21.700000000000053,2.0,-1.0691244239631335,stop,False
2026-03-02,-1,52.25000000000257,2.0,-1.0287081339712905,stop,False
2026-03-03,-1,36.599999999999966,2.0,1.959016393442623,target,False
2026-03-04,1,29.600000000000737,2.0,0.2905405405405182,time,False
2026-03-06,1,11.050000000001337,2.0,-1.1357466063348252,stop,True
2026-03-09,1,40.65000000000207,2.0,0.8265682656825906,time,False
2026-03-11,-1,28.049999999999464,2.0,-1.053475935828878,stop,True
2026-03-12,1,27.500000000000302,2.0,-1.054545454545454,stop,False
2026-03-13,-1,54.6000000000002,2.0,0.39743589743587354,time,False
2026-03-16,1,20.499999999998852,2.0,1.9268292682926789,target,False
2026-03-17,1,30.850000000000044,2.0,0.6612641815234721,time,False
2026-03-18,-1,16.799999999999038,2.0,-1.0892857142857193,stop,True
2026-03-19,-1,26.900000000000812,2.0,-1.055762081784385,stop,True
2026-03-20,1,19.700000000000273,2.0,-1.0761421319796944,stop,False
2026-03-23,-1,38.3,2.0,-1.0391644908616189,stop,False
2026-03-26,-1,14.700000000000824,2.0,-1.102040816326525,stop,False
2026-03-27,-1,18.149999999999,2.0,1.9173553719008218,target,False
2026-03-30,1,23.299999999999432,2.0,-1.064377682403435,stop,False
2026-04-01,1,23.249999999999105,2.0,1.9354838709677396,target,False
2026-04-02,-1,63.85000000000085,2.0,-0.5747846515270036,time,False
2026-04-03,1,9.350000000001302,2.0,-1.1604278074866086,stop,True
2026-04-06,1,32.05000000000124,2.0,-0.09360374414979185,time,False
2026-04-07,1,15.999999999998238,2.0,1.9062499999999898,target,False
2026-04-09,1,17.250000000001986,2.0,1.710144927535966,time,False
2026-04-10,-1,12.399999999999078,2.0,-1.1209677419354929,stop,True
2026-04-13,1,14.95000000000024,2.0,1.8996655518394665,target,False
2026-04-14,1,9.900000000000464,2.0,1.8484848484848555,target,False
2026-04-15,-1,12.900000000002354,2.0,-1.1162790697674208,stop,False
2026-04-16,-1,19.3500000000002,2.0,1.9224806201550395,target,False
2026-04-17,-1,14.099999999999113,2.0,-1.106382978723411,stop,False
2026-04-20,1,19.54999999999929,2.0,-1.0767263427110003,stop,False
2026-04-21,-1,19.54999999999929,2.0,-1.0767263427110003,stop,False
2026-04-24,1,13.650000000000606,2.0,1.890109890109895,target,False
2026-04-27,1,18.799999999998818,2.0,0.06382978723404258,time,False
2026-04-28,-1,13.049999999998896,2.0,1.8850574712643582,target,False
2026-04-29,-1,16.35000000000053,2.0,0.5259938837920046,time,True
2026-04-30,1,23.250000000001325,2.0,1.9354838709677455,target,True
2026-05-04,-1,19.250000000001766,2.0,1.9220779220779292,target,False
2026-05-05,1,12.799999999999478,2.0,1.8828124999999951,target,False
2026-05-06,1,22.800000000000598,2.0,-0.20614035087723054,time,False
2026-05-07,1,22.699999999999942,2.0,-0.6696035242290199,time,False
2026-05-08,1,16.300000000000203,2.0,1.9079754601227006,target,True
2026-05-11,1,11.149999999999771,2.0,-1.1345291479820656,stop,False
2026-05-12,-1,29.400000000001647,2.0,1.9489795918367376,target,True
2026-05-13,-1,10.849999999997806,2.0,1.8617511520737047,target,False
2026-05-14,-1,9.299999999998754,2.0,1.8387096774193332,target,False
2026-05-15,-1,32.89999999999793,2.0,-1.045592705167176,stop,False
2026-05-19,-1,21.649999999999725,2.0,-1.0692840646651278,stop,False
2026-05-21,-1,15.499999999999403,2.0,-1.0967741935483908,stop,False
2026-05-22,-1,12.550000000000061,2.0,-1.119521912350597,stop,False
2026-05-25,-1,8.550000000000502,2.0,-1.1754385964912177,stop,False
2026-05-26,-1,15.750000000001041,2.0,1.904761904761911,target,False
2026-05-27,-1,9.250000000000647,2.0,-1.1621621621621507,stop,False
2026-05-29,-1,16.650000000002496,2.0,-1.0900900900900765,stop,False
2026-06-01,1,10.850000000000026,2.0,-1.138248847926267,stop,False
2026-06-02,1,14.699999999998603,2.0,0.29931972789124645,time,False
2026-06-03,-1,17.300000000000093,2.0,-1.0867052023121382,stop,False
2026-06-04,1,7.800000000000029,2.0,-1.1923076923076916,stop,False
2026-06-05,1,11.499999999999844,2.0,1.8695652173913027,target,True
2026-06-08,-1,16.35000000000053,2.0,-1.091743119266052,stop,False
2026-06-09,1,23.499999999998522,2.0,0.6085106382978744,time,False
2026-06-10,1,13.500000000001844,2.0,-1.1111111111110958,stop,True
2026-06-12,-1,17.75000000000082,2.0,-1.0845070422535172,stop,False
2026-06-15,-1,14.200000000001989,2.0,0.4154929577463946,time,False
2026-06-16,1,14.899999999999913,2.0,-1.100671140939598,stop,False
2026-06-17,-1,7.050000000001777,2.0,1.7872340425532451,target,True
2026-06-18,1,16.799999999999038,2.0,-1.0892857142857193,stop,True
2026-06-19,1,31.49999999999764,2.0,3.0003777240494856e-14,time,False
2026-06-22,-1,23.200000000000998,2.0,-1.0646551724137903,stop,False
2026-06-23,-1,10.449999999999626,2.0,-1.1435406698564645,stop,False
2026-06-24,1,11.699999999998933,2.0,-1.12820512820514,stop,False
2026-06-25,1,22.799999999998377,2.0,-1.0657894736842153,stop,False
2026-06-26,1,15.799999999999148,2.0,0.6202531645569027,time,False
2026-06-29,1,10.299999999998644,2.0,1.8543689320388157,target,False
2026-06-30,-1,18.400000000000638,2.0,-1.081521739130432,stop,False
