date,label,r5,base5,ratio,pre60,r60,r240,move60,cont_after15,tday
2025-11-20,NFP,32.70000000000106,6.749999999999812,4.844444444444737,8.500000000000174,58.400000000000674,74.09999999999917,44.39999999999999,False,2025-11-20
2025-12-16,NFP,25.399999999999867,6.749999999999812,3.7629629629630483,12.900000000000134,45.399999999999885,52.299999999998455,1.6000000000016001,False,2025-12-16
2026-01-09,NFP,43.69999999999985,6.749999999999812,6.474074074074232,17.700000000000493,52.39999999999911,58.39999999999845,-6.200000000000649,False,2026-01-09
2026-02-11,NFP,75.00000000000061,6.749999999999812,11.111111111111512,14.799999999999258,75.00000000000061,75.00000000000061,-32.00000000000092,False,2026-02-11
2026-03-06,NFP,35.60000000000007,6.749999999999812,5.274074074074232,37.30000000000011,64.10000000000026,84.40000000000002,-16.599999999999948,True,2026-03-06
2026-04-03,NFP,26.200000000000667,6.749999999999812,3.8814814814816887,8.60000000000083,26.200000000000667,36.30000000000022,-18.199999999999328,True,2026-04-03
2026-05-08,NFP,22.999999999999687,6.749999999999812,3.4074074074074563,8.099999999999774,22.999999999999687,29.599999999998516,9.900000000000464,True,2026-05-08
2026-06-05,NFP,27.599999999998737,6.749999999999812,4.088888888888816,12.000000000000899,62.19999999999892,121.19999999999908,-55.49999999999944,True,2026-06-05
2025-10-24,US CPI,62.99999999999972,6.749999999999812,9.333333333333552,13.399999999998968,62.99999999999972,81.19999999999905,37.199999999999456,False,2025-10-24
2025-12-18,US CPI,32.49999999999975,6.749999999999812,4.814814814814913,32.90000000000015,40.000000000000036,76.19999999999959,13.699999999998713,False,2025-12-18
2026-01-13,US CPI,40.19999999999912,6.749999999999812,5.955555555555591,16.499999999999293,40.19999999999912,69.39999999999947,15.700000000000713,False,2026-01-13
2026-02-13,US CPI,35.49999999999942,6.749999999999812,5.25925925925932,13.600000000000279,35.49999999999942,48.6999999999993,23.199999999998777,True,2026-02-13
2026-03-11,US CPI,7.500000000000284,6.749999999999812,1.1111111111111842,39.09999999999858,43.199999999998795,49.900000000000496,11.100000000001664,False,2026-03-11
2026-04-10,US CPI,15.199999999999658,6.749999999999812,2.251851851851864,14.499999999999513,23.900000000001143,27.500000000000302,22.299999999999542,False,2026-04-10
2026-05-12,US CPI,16.499999999999293,6.749999999999812,2.444444444444408,26.800000000000157,29.89999999999826,42.69999999999996,-0.700000000000145,False,2026-05-12
2026-06-10,US CPI,14.100000000001334,6.749999999999812,2.088888888889145,14.499999999999513,22.699999999999942,51.89999999999806,11.999999999998678,False,2026-06-10
2025-10-29,FOMC,24.599999999999067,4.250000000000087,5.788235294117309,87.600000000001,49.399999999999444,55.49999999999944,33.29999999999833,False,2025-10-29
2025-12-10,FOMC,26.299999999999102,4.250000000000087,6.188235294117309,16.80000000000126,42.69999999999996,62.100000000000485,31.09999999999946,True,2025-12-10
2026-01-28,FOMC,34.89999999999993,4.250000000000087,8.211764705882167,29.000000000001247,44.200000000000905,59.40000000000056,18.899999999999473,False,2026-01-28
2026-03-18,FOMC,9.600000000000719,4.250000000000087,2.2588235294118877,61.500000000000995,21.200000000001218,43.999999999999595,-12.400000000001299,True,2026-03-18
2026-04-29,FOMC,16.80000000000126,4.250000000000087,3.9529411764708033,16.80000000000126,35.400000000000986,35.400000000000986,-15.600000000000058,False,2026-04-29
2026-06-17,FOMC,47.20000000000057,4.250000000000087,11.105882352941084,9.399999999999409,66.8000000000002,139.40000000000063,-64.4,True,2026-06-17
2025-11-06,BoE,35.70000000000073,5.450000000000177,6.5504587155962515,17.799999999998928,45.100000000000136,65.99999999999939,8.500000000000174,False,2025-11-06
2025-12-18,BoE,46.500000000000426,5.450000000000177,8.53211009174292,8.799999999999919,49.20000000000035,98.4000000000007,42.1999999999989,True,2025-12-18
2026-02-05,BoE,64.10000000000026,5.450000000000177,11.761467889907923,34.09999999999913,71.39999999999924,90.2999999999987,-30.200000000000227,True,2026-02-05
2026-03-19,BoE,13.300000000000534,5.450000000000177,2.440366972477083,31.000000000001027,76.8000000000013,108.30000000000116,50.60000000000064,False,2026-03-19
2026-04-30,BoE,12.699999999998823,5.450000000000177,2.3302752293575066,36.30000000000022,21.499999999998742,92.70000000000111,-11.399999999999189,False,2026-04-30
2026-06-18,BoE,17.899999999999583,5.450000000000177,3.2844036697245875,14.899999999999913,29.09999999999968,47.80000000000006,-17.500000000001403,False,2026-06-18
2025-10-22,UK CPI,42.9999999999997,5.800000000000249,7.413793103447905,7.699999999999374,55.000000000000604,71.39999999999924,-48.500000000000206,True,2025-10-22
2025-11-19,UK CPI,18.900000000001693,5.800000000000249,3.258620689655324,10.200000000000209,22.200000000001108,61.70000000000009,-8.299999999998864,True,2025-11-19
2025-12-17,UK CPI,38.7000000000004,5.800000000000249,6.672413793103231,17.799999999998928,60.59999999999954,64.4,-52.700000000001076,True,2025-12-17
2026-01-21,UK CPI,11.099999999999444,5.800000000000249,1.9137931034480977,7.4000000000018495,20.000000000000018,45.80000000000028,6.500000000000394,True,2026-01-21
2026-02-18,UK CPI,19.700000000000273,5.800000000000249,3.396551724137832,13.000000000000789,23.500000000000743,28.500000000000192,-1.9999999999997797,False,2026-02-18
2026-03-25,UK CPI,12.700000000001044,5.800000000000249,2.189655172413879,25.800000000000267,36.70000000000062,36.70000000000062,16.499999999999293,True,2026-03-25
2026-04-22,UK CPI,8.00000000000134,5.800000000000249,1.3793103448277577,27.800000000000047,11.000000000001009,25.300000000001432,-6.599999999998829,True,2026-04-22
2026-05-20,UK CPI,15.899999999999803,5.800000000000249,2.741379310344676,10.000000000001119,30.90000000000037,31.600000000000517,-4.3999999999999595,True,2026-05-20
2026-06-17,UK CPI,22.299999999999542,5.800000000000249,3.8448275862066525,6.800000000000139,27.999999999999137,28.29999999999888,-13.500000000001844,True,2026-06-17
