day,side,entry_ny_min,asia_hi,asia_lo,asia_range_p,median20_p,entry,stop,target,risk_p,gross_p,exit,entry_ny,R
2019-02-04,1,593,1.30847,1.30664,18.3,27.8,1.30847,1.30664,1.31213,18.299999999999983,-18.299999999999983,stop,02:53,-1.0819672131147542
2019-02-05,1,548,1.30443,1.30265,17.8,27.8,1.30443,1.30265,1.30799,17.799999999998928,-17.799999999998928,stop,02:08,-1.0842696629213533
2019-02-06,-1,542,1.29618,1.29464,15.4,25.5,1.29464,1.29618,1.29156,15.400000000000968,-15.400000000000968,stop,02:02,-1.0974025974025914
2019-02-07,-1,544,1.29385,1.29256,12.9,25.5,1.29256,1.29385,1.28998,12.900000000000134,-12.900000000000134,stop,02:04,-1.1162790697674407
2019-02-08,-1,574,1.29558,1.2942,13.8,25.2,1.2942,1.29558,1.29144,13.799999999999368,-13.799999999999368,stop,02:34,-1.108695652173918
2019-02-11,-1,576,1.29386,1.29258,12.8,25.2,1.29258,1.29386,1.29002,12.799999999999478,25.599999999998957,target,02:36,1.8828124999999951
2019-02-12,1,564,1.28705,1.2857,13.5,25.2,1.28705,1.2857,1.28975,13.499999999999623,-13.499999999999623,stop,02:24,-1.1111111111111143
2019-04-04,1,586,1.31864,1.31683,18.1,30.1,1.31864,1.31683,1.32226,18.100000000000893,-18.100000000000893,stop,02:46,-1.0828729281767915
2019-04-11,-1,546,1.31082,1.30869,21.3,33.4,1.30869,1.31082,1.30443,21.300000000001873,-21.300000000001873,stop,02:06,-1.0704225352112615
2019-04-16,-1,622,1.31004,1.30789,21.5,31.2,1.30789,1.31004,1.30359,21.500000000000963,30.90000000000037,close,03:22,1.3674418604650724
2019-04-18,-1,630,1.30522,1.30341,18.1,33.4,1.30341,1.30522,1.29979,18.100000000000893,36.200000000001786,target,03:30,1.9171270718232085
2019-04-19,1,707,1.30014,1.29852,16.2,33.4,1.30014,1.29852,1.30338,16.20000000000177,-6.700000000001705,close,04:47,-0.5061728395062228
2019-04-22,1,546,1.29971,1.29852,11.9,31.2,1.29971,1.29852,1.30209,11.900000000000244,-11.900000000000244,stop,02:06,-1.1260504201680646
2019-04-23,1,620,1.29899,1.29747,15.2,29.5,1.29899,1.29747,1.30203,15.200000000001879,-15.200000000001879,stop,03:20,-1.0986842105263035
2019-04-24,-1,545,1.29427,1.29294,13.3,27.9,1.29294,1.29427,1.29028,13.300000000000534,-13.300000000000534,stop,02:05,-1.1127819548872135
2019-05-03,-1,577,1.30431,1.30292,13.9,20.8,1.30292,1.30431,1.30014,13.900000000000023,27.800000000000047,target,02:37,1.892086330935252
2019-05-13,1,554,1.30142,1.30046,9.6,18.7,1.30142,1.30046,1.30334,9.600000000000719,-9.600000000000719,stop,02:14,-1.1562499999999882
2019-05-15,-1,601,1.2915,1.29039,11.1,18.3,1.29039,1.2915,1.28817,11.100000000001664,-11.100000000001664,stop,03:01,-1.1351351351351149
2019-05-16,-1,546,1.28515,1.28419,9.6,17.4,1.28419,1.28515,1.28227,9.600000000000719,19.200000000001438,target,02:06,1.8437500000000118
2019-05-24,1,546,1.26663,1.26567,9.6,17.4,1.26663,1.26567,1.26855,9.599999999998499,19.199999999996997,target,02:06,1.8437499999999756
2019-06-17,-1,562,1.25979,1.25887,9.2,15.1,1.25887,1.25979,1.25703,9.200000000000319,-9.200000000000319,stop,02:22,-1.1630434782608638
2019-06-28,-1,555,1.26782,1.26667,11.5,16.7,1.26667,1.26782,1.26437,11.499999999999844,-11.499999999999844,stop,02:15,-1.1304347826086973
2019-07-05,1,565,1.25842,1.25747,9.5,16.7,1.25842,1.25747,1.26032,9.500000000000064,-9.500000000000064,stop,02:25,-1.1578947368421042
2019-07-16,-1,581,1.25192,1.25067,12.5,18.5,1.25067,1.25192,1.24817,12.499999999999734,24.999999999999467,target,02:41,1.8799999999999975
2019-08-09,-1,597,1.21475,1.21322,15.3,25.4,1.21322,1.21475,1.21016,15.300000000000313,30.600000000000627,target,02:57,1.9019607843137274
2019-08-15,1,578,1.20632,1.20502,13.0,25.4,1.20632,1.20502,1.20892,13.000000000000789,26.000000000001577,target,02:38,1.8846153846153917
2019-08-27,1,576,1.22252,1.22085,16.7,27.9,1.22252,1.22085,1.22586,16.700000000000603,33.40000000000121,target,02:36,1.910179640718566
2019-08-30,1,540,1.21889,1.21743,14.6,22.8,1.21889,1.21743,1.22181,14.600000000000168,-14.600000000000168,stop,02:00,-1.1027397260273961
2019-09-10,1,570,1.23479,1.23349,13.0,21.6,1.23479,1.23349,1.23739,13.000000000000789,26.000000000001577,target,02:30,1.8846153846153917
2019-09-12,-1,540,1.23361,1.23235,12.6,22.1,1.23235,1.23361,1.22983,12.600000000000389,-12.600000000000389,stop,02:00,-1.1190476190476153
2019-09-24,1,552,1.24382,1.24238,14.4,23.8,1.24382,1.24238,1.2467,14.399999999998858,-14.399999999998858,stop,02:12,-1.104166666666675
2019-09-30,1,602,1.22992,1.22834,15.8,25.1,1.22992,1.22834,1.23308,15.799999999999148,31.599999999998296,target,03:02,1.9050632911392353
2019-10-01,-1,556,1.22933,1.22777,15.6,25.1,1.22777,1.22933,1.22465,15.600000000000058,-15.600000000000058,stop,02:16,-1.0961538461538458
2019-10-08,1,573,1.23001,1.22856,14.5,23.8,1.23001,1.22856,1.23291,14.499999999999513,-14.499999999999513,stop,02:33,-1.1034482758620725
2019-10-25,1,558,1.28503,1.28352,15.1,24.7,1.28503,1.28352,1.28805,15.099999999999003,-15.099999999999003,stop,02:18,-1.0993377483443774
2019-11-04,-1,612,1.29424,1.29296,12.8,25.9,1.29296,1.29424,1.2904,12.799999999999478,25.599999999998957,target,03:12,1.8828124999999951
2019-11-05,1,564,1.28899,1.28775,12.4,25.9,1.28899,1.28775,1.29147,12.400000000001299,-12.400000000001299,stop,02:24,-1.120967741935471
2019-11-06,1,632,1.28854,1.28685,16.9,25.9,1.28854,1.28685,1.29192,16.899999999999693,-16.899999999999693,stop,03:32,-1.0887573964497057
2019-11-08,-1,540,1.28196,1.28059,13.7,25.9,1.28059,1.28196,1.27785,13.700000000000934,-13.700000000000934,stop,02:00,-1.109489051094883
2019-11-11,1,543,1.27991,1.27853,13.8,25.4,1.27991,1.27853,1.28267,13.800000000001589,27.600000000003178,target,02:03,1.8913043478260996
2019-11-12,-1,559,1.28663,1.28515,14.8,24.8,1.28515,1.28663,1.28219,14.799999999999258,29.599999999998516,target,02:19,1.8986486486486436
2019-11-13,-1,605,1.28588,1.28434,15.4,23.1,1.28434,1.28588,1.28126,15.399999999998748,-8.799999999999919,close,03:05,-0.668831168831218
2019-11-15,-1,571,1.28857,1.28755,10.2,21.1,1.28755,1.28857,1.28551,10.200000000000209,-10.200000000000209,stop,02:31,-1.1470588235294088
2019-11-21,-1,542,1.29323,1.29242,8.1,17.8,1.29242,1.29323,1.2908,8.100000000001994,-8.100000000001994,stop,02:02,-1.1851851851851396
2019-12-02,1,556,1.29201,1.29093,10.8,16.2,1.29201,1.29093,1.29417,10.80000000000192,-10.80000000000192,stop,02:16,-1.1388888888888642
2019-12-24,-1,567,1.2947,1.29366,10.4,19.1,1.29366,1.2947,1.29158,10.399999999999299,-10.399999999999299,stop,02:27,-1.144230769230779
2020-01-06,1,567,1.30899,1.30684,21.5,32.1,1.30899,1.30684,1.31329,21.500000000000963,-21.500000000000963,stop,02:27,-1.069767441860462
2020-01-09,-1,561,1.31233,1.31027,20.6,32.0,1.31027,1.31233,1.30615,20.599999999999508,41.199999999999015,target,02:21,1.9271844660194157
2020-01-14,-1,540,1.3002,1.29858,16.2,31.0,1.29858,1.3002,1.29534,16.199999999999548,-16.199999999999548,stop,02:00,-1.0925925925925952
2020-01-16,-1,558,1.30521,1.30348,17.3,28.9,1.30348,1.30521,1.30002,17.300000000000093,-17.300000000000093,stop,02:18,-1.0867052023121382
2020-01-29,-1,550,1.30273,1.30149,12.4,26.4,1.30149,1.30273,1.29901,12.399999999999078,24.799999999998157,target,02:10,1.8790322580645071
2020-01-30,-1,541,1.30253,1.30098,15.5,26.4,1.30098,1.30253,1.29788,15.499999999999403,30.999999999998806,target,02:01,1.9032258064516092
2020-02-11,-1,541,1.29213,1.29101,11.2,24.3,1.29101,1.29213,1.28877,11.200000000000099,-11.200000000000099,stop,02:01,-1.1339285714285703
2020-02-14,1,579,1.30554,1.30398,15.6,22.8,1.30554,1.30398,1.30866,15.600000000000058,-15.600000000000058,stop,02:39,-1.0961538461538458
2020-02-17,-1,553,1.3051,1.30379,13.1,22.0,1.30379,1.3051,1.30117,13.099999999999223,-13.099999999999223,stop,02:13,-1.1145038167938999
2020-04-02,1,541,1.24112,1.23729,38.3,81.1,1.24112,1.23729,1.24878,38.3,-38.3,stop,02:01,-1.0391644908616189
2020-04-03,-1,567,1.23947,1.23658,28.9,81.1,1.23658,1.23947,1.2308,28.900000000000592,-28.900000000000592,stop,02:27,-1.0519031141868502
2020-04-06,1,545,1.22519,1.22095,42.4,81.1,1.22519,1.22095,1.23367,42.40000000000021,-7.500000000000284,close,02:05,-0.21226415094340187
2020-04-08,-1,545,1.23522,1.23086,43.6,85.2,1.23086,1.23522,1.22214,43.59999999999919,-43.59999999999919,stop,02:05,-1.0344036697247714
2020-04-09,-1,547,1.24183,1.23628,55.5,85.2,1.23628,1.24183,1.22518,55.49999999999944,-55.49999999999944,stop,02:07,-1.0270270270270272
2020-04-10,1,565,1.24702,1.2444,26.2,84.9,1.24702,1.2444,1.25226,26.200000000000667,0.9999999999998899,close,02:25,-0.01908396946565257
2020-04-13,1,547,1.24803,1.24527,27.6,83.6,1.24803,1.24527,1.25355,27.599999999998737,55.19999999999747,target,02:07,1.945652173913041
2020-04-15,-1,541,1.26304,1.25887,41.7,65.1,1.25887,1.26304,1.25053,41.70000000000007,83.40000000000013,target,02:01,1.9640287769784173
2020-04-20,-1,540,1.24932,1.24546,38.6,63.8,1.24546,1.24932,1.23774,38.599999999999746,24.900000000001032,close,02:00,0.6062176165803416
2020-04-22,1,554,1.23036,1.22742,29.4,55.0,1.23036,1.22742,1.23624,29.399999999999427,58.79999999999885,target,02:14,1.9489795918367336
2020-04-24,-1,540,1.23599,1.23309,29.0,50.0,1.23309,1.23599,1.22729,28.999999999999027,-28.999999999999027,stop,02:00,-1.0517241379310363
2020-04-28,-1,566,1.24356,1.24061,29.5,44.5,1.24061,1.24356,1.23471,29.50000000000008,-29.50000000000008,stop,02:26,-1.0508474576271185
2020-05-05,1,543,1.24715,1.24405,31.0,44.5,1.24715,1.24405,1.25335,30.999999999998806,-30.999999999998806,stop,02:03,-1.0483870967741955
2020-05-06,-1,558,1.24491,1.24245,24.6,42.6,1.24245,1.24491,1.23753,24.599999999999067,-24.599999999999067,stop,02:18,-1.0609756097560998
2020-05-07,1,540,1.2335,1.23098,25.2,40.1,1.2335,1.23098,1.23854,25.200000000000777,50.400000000001555,target,02:00,1.9404761904761922
2020-05-25,-1,560,1.21911,1.21709,20.2,36.7,1.21709,1.21911,1.21305,20.199999999999108,-20.199999999999108,stop,02:20,-1.0742574257425774
2020-06-24,-1,540,1.25425,1.25054,37.1,54.3,1.25054,1.25425,1.24312,37.10000000000102,74.20000000000203,target,02:00,1.95956873315364
2020-06-25,1,634,1.24331,1.24036,29.5,54.3,1.24331,1.24036,1.24921,29.50000000000008,-29.50000000000008,stop,03:34,-1.0508474576271185
2020-06-26,-1,599,1.24365,1.24099,26.6,54.3,1.24099,1.24365,1.23567,26.599999999998847,53.199999999997694,target,02:59,1.9436090225563885
2020-06-30,-1,540,1.23172,1.2285,32.2,51.8,1.2285,1.23172,1.22206,32.2,-32.2,stop,02:00,-1.046583850931677
2020-07-01,1,665,1.23937,1.23592,34.5,51.8,1.23937,1.23592,1.24627,34.50000000000175,69.0000000000035,target,04:05,1.956521739130437
2020-07-02,1,546,1.24942,1.24605,33.7,50.6,1.24942,1.24605,1.25616,33.69999999999873,-33.69999999999873,stop,02:06,-1.0445103857566782
2020-07-03,1,556,1.24727,1.24567,16.0,48.6,1.24727,1.24567,1.25047,16.00000000000046,-16.00000000000046,stop,02:16,-1.0937499999999973
2020-07-06,1,540,1.24995,1.24699,29.6,46.5,1.24995,1.24699,1.25587,29.599999999998516,-6.399999999999739,close,02:00,-0.26689189189189644
2020-07-07,-1,543,1.25179,1.24894,28.5,46.5,1.24894,1.25179,1.24324,28.500000000000192,-28.500000000000192,stop,02:03,-1.0526315789473681
2020-07-14,-1,546,1.25608,1.25375,23.3,34.7,1.25375,1.25608,1.24909,23.300000000001653,46.600000000003305,target,02:06,1.935622317596571
2020-07-15,1,557,1.25869,1.25632,23.7,34.1,1.25869,1.25632,1.26343,23.699999999999832,47.399999999999665,target,02:17,1.9367088607594933
2020-07-17,-1,540,1.25709,1.25512,19.7,32.9,1.25512,1.25709,1.25118,19.700000000000273,39.400000000000546,target,02:00,1.9238578680203056
2020-08-06,1,542,1.31438,1.31216,22.2,35.0,1.31438,1.31216,1.31882,22.200000000001108,-22.200000000001108,stop,02:02,-1.0675675675675642
2020-08-24,1,542,1.31037,1.30822,21.5,36.2,1.31037,1.30822,1.31467,21.500000000000963,-21.500000000000963,stop,02:02,-1.069767441860462
2020-09-09,-1,555,1.29732,1.29517,21.5,38.4,1.29517,1.29732,1.29087,21.500000000000963,43.000000000001926,target,02:15,1.930232558139538
2020-09-25,1,549,1.27618,1.27443,17.5,40.1,1.27618,1.27443,1.27968,17.500000000001403,35.00000000000281,target,02:09,1.9142857142857213
2020-10-06,1,605,1.30008,1.29808,20.0,38.8,1.30008,1.29808,1.30408,20.000000000000018,-20.000000000000018,stop,03:05,-1.075
2020-10-08,1,541,1.29384,1.29125,25.9,37.2,1.29384,1.29125,1.29902,25.900000000000922,-25.900000000000922,stop,02:01,-1.0579150579150558
2020-10-15,-1,549,1.30297,1.30077,22.0,32.1,1.30077,1.30297,1.29637,21.999999999999797,43.999999999999595,target,02:09,1.9318181818181812
2020-11-17,-1,581,1.32283,1.32068,21.5,36.8,1.32068,1.32283,1.31638,21.499999999998742,-21.499999999998742,stop,02:41,-1.0697674418604692
2020-11-24,1,571,1.33436,1.33183,25.3,37.1,1.33436,1.33183,1.33942,25.299999999999212,-25.299999999999212,stop,02:31,-1.059288537549409
2020-11-26,-1,554,1.33975,1.33827,14.8,35.0,1.33827,1.33975,1.33531,14.799999999999258,29.599999999998516,target,02:14,1.8986486486486436
2021-01-13,1,570,1.36926,1.36664,26.2,52.1,1.36926,1.36664,1.3745,26.199999999998447,-26.199999999998447,stop,02:30,-1.05725190839695
2021-01-18,-1,566,1.35894,1.35594,30.0,48.5,1.35594,1.35894,1.34994,30.000000000001137,-26.700000000001722,close,02:26,-0.9400000000000218
2021-01-27,1,583,1.37517,1.37225,29.2,42.2,1.37517,1.37225,1.38101,29.200000000000337,-29.200000000000337,stop,02:43,-1.051369863013698
2021-02-05,1,607,1.36894,1.36657,23.7,38.4,1.36894,1.36657,1.37368,23.699999999999832,47.399999999999665,target,03:07,1.9367088607594933
2021-02-08,1,589,1.37409,1.37226,18.3,37.9,1.37409,1.37226,1.37775,18.299999999999983,-18.299999999999983,stop,02:49,-1.0819672131147542
2021-02-10,1,597,1.38272,1.38023,24.9,36.3,1.38272,1.38023,1.3877,24.899999999998812,6.300000000001305,close,02:57,0.192771084337411
2021-03-11,1,550,1.39438,1.39186,25.2,39.5,1.39438,1.39186,1.39942,25.199999999998557,50.399999999997114,target,02:10,1.9404761904761871
2021-03-25,-1,601,1.37078,1.36788,29.0,43.6,1.36788,1.37078,1.36208,29.000000000001247,-29.000000000001247,stop,03:01,-1.0517241379310323
2021-03-26,-1,609,1.377,1.37453,24.7,43.6,1.37453,1.377,1.36959,24.699999999999722,-24.699999999999722,stop,03:09,-1.060728744939272
2021-03-30,-1,568,1.37831,1.37596,23.5,42.3,1.37596,1.37831,1.37126,23.499999999998522,46.999999999997044,target,02:28,1.9361702127659535
2021-04-02,-1,744,1.38521,1.38311,21.0,39.8,1.38311,1.38521,1.37891,20.999999999999908,-2.9999999999996696,close,05:24,-0.2142857142856995
2021-04-05,-1,541,1.38426,1.38169,25.7,38.9,1.38169,1.38426,1.37655,25.699999999999612,-25.699999999999612,stop,02:01,-1.0583657587548647
2021-05-07,1,548,1.39115,1.38896,21.9,32.6,1.39115,1.38896,1.39553,21.900000000001363,43.800000000002726,target,02:08,1.9315068493150727
2021-05-11,-1,569,1.41343,1.41124,21.9,31.5,1.41124,1.41343,1.40686,21.899999999999142,-21.899999999999142,stop,02:29,-1.0684931506849342
2021-05-14,1,569,1.40559,1.40359,20.0,32.0,1.40559,1.40359,1.40959,20.000000000000018,40.000000000000036,target,02:29,1.925
2021-06-02,-1,540,1.4164,1.41463,17.7,27.7,1.41463,1.4164,1.41109,17.700000000000493,-17.700000000000493,stop,02:00,-1.084745762711862
2021-06-11,-1,542,1.41851,1.41678,17.3,26.8,1.41678,1.41851,1.41332,17.300000000000093,34.600000000000186,target,02:02,1.9132947976878618
2021-06-14,-1,540,1.41188,1.41048,14.0,26.8,1.41048,1.41188,1.40768,14.000000000000679,28.000000000001357,target,02:00,1.8928571428571481
2021-06-16,1,540,1.40927,1.40761,16.6,24.9,1.40927,1.40761,1.41259,16.599999999999948,33.199999999999896,target,02:00,1.9096385542168672
2021-06-24,-1,540,1.39686,1.39509,17.7,29.1,1.39509,1.39686,1.39155,17.700000000000493,-17.700000000000493,stop,02:00,-1.084745762711862
2021-07-16,-1,541,1.38401,1.38237,16.4,26.6,1.38237,1.38401,1.37909,16.399999999998638,32.799999999997276,target,02:01,1.908536585365846
2021-07-27,-1,542,1.38312,1.38184,12.8,25.4,1.38184,1.38312,1.37928,12.799999999999478,25.599999999998957,target,02:02,1.8828124999999951
2021-08-03,1,602,1.39042,1.38866,17.6,26.6,1.39042,1.38866,1.39394,17.599999999999838,-17.599999999999838,stop,03:02,-1.0852272727272736
2021-08-06,-1,609,1.39301,1.39147,15.4,26.0,1.39147,1.39301,1.38839,15.400000000000968,-15.400000000000968,stop,03:09,-1.0974025974025914
2021-08-10,1,597,1.38511,1.38357,15.4,24.7,1.38511,1.38357,1.38819,15.400000000000968,-15.400000000000968,stop,02:57,-1.0974025974025914
2021-08-12,-1,579,1.38747,1.38638,10.9,22.6,1.38638,1.38747,1.3842,10.900000000000354,-10.900000000000354,stop,02:39,-1.1376146788990782
2021-08-13,-1,556,1.38163,1.38034,12.9,20.4,1.38034,1.38163,1.37776,12.900000000000134,-12.900000000000134,stop,02:16,-1.1162790697674407
2021-09-02,1,542,1.37809,1.37668,14.1,20.8,1.37809,1.37668,1.38091,14.100000000001334,28.200000000002667,target,02:02,1.893617021276606
2021-09-14,-1,541,1.385,1.38343,15.7,22.9,1.38343,1.385,1.38029,15.700000000000713,-15.700000000000713,stop,02:01,-1.095541401273881
2021-10-14,1,554,1.36721,1.36579,14.2,29.1,1.36721,1.36579,1.37005,14.199999999999768,28.399999999999537,target,02:14,1.894366197183097
2021-10-26,1,575,1.37717,1.37565,15.2,29.2,1.37717,1.37565,1.38021,15.199999999999658,30.399999999999316,target,02:35,1.901315789473682
2021-10-27,-1,543,1.37782,1.37589,19.3,28.5,1.37589,1.37782,1.37203,19.299999999999873,-19.299999999999873,stop,02:03,-1.0777202072538865
2021-10-29,-1,549,1.38035,1.37864,17.1,27.7,1.37864,1.38035,1.37522,17.099999999998783,34.199999999997566,target,02:09,1.9122807017543797
2021-11-29,-1,542,1.33417,1.33268,14.9,23.1,1.33268,1.33417,1.3297,14.899999999999913,-14.899999999999913,stop,02:02,-1.100671140939598
2021-12-28,1,679,1.34411,1.34276,13.5,22.4,1.34411,1.34276,1.34681,13.499999999999623,-13.499999999999623,stop,04:19,-1.1111111111111143
2021-12-31,1,599,1.35064,1.34934,13.0,22.2,1.35064,1.34934,1.35324,13.000000000000789,-13.000000000000789,stop,02:59,-1.1153846153846083
2022-01-13,1,562,1.37188,1.37039,14.9,22.2,1.37188,1.37039,1.37486,14.899999999999913,29.799999999999827,target,02:22,1.899328859060402
2022-02-02,1,547,1.35272,1.35164,10.8,23.0,1.35272,1.35164,1.35488,10.799999999999699,21.599999999999397,target,02:07,1.8611111111111072
2022-02-10,1,542,1.35366,1.35259,10.7,23.6,1.35366,1.35259,1.3558,10.700000000001264,21.400000000002528,target,02:02,1.859813084112166
2022-03-21,-1,601,1.31707,1.31486,22.1,37.3,1.31486,1.31707,1.31044,22.100000000000453,-22.100000000000453,stop,03:01,-1.0678733031674195
2022-04-06,-1,546,1.30787,1.30566,22.1,33.5,1.30566,1.30787,1.30124,22.100000000000453,-22.100000000000453,stop,02:06,-1.0678733031674195
2022-04-07,1,544,1.30861,1.30654,20.7,33.5,1.30861,1.30654,1.31275,20.700000000000163,-20.700000000000163,stop,02:04,-1.0724637681159415
2022-04-08,-1,547,1.30769,1.30599,17.0,32.8,1.30599,1.30769,1.30259,17.000000000000348,34.000000000000696,target,02:07,1.9117647058823548
2022-05-17,1,540,1.23487,1.23203,28.4,44.4,1.23487,1.23203,1.24055,28.399999999999537,56.79999999999907,target,02:00,1.9471830985915484
2022-05-24,1,547,1.25792,1.2547,32.2,51.3,1.25792,1.2547,1.26436,32.2,-32.2,stop,02:07,-1.046583850931677
2022-05-25,1,585,1.25463,1.25139,32.4,51.3,1.25463,1.25139,1.26111,32.399999999999096,-32.399999999999096,stop,02:45,-1.0462962962962976
2022-06-02,1,545,1.24912,1.24691,22.1,48.6,1.24912,1.24691,1.25354,22.100000000000453,44.200000000000905,target,02:05,1.9321266968325805
2022-06-03,-1,602,1.25895,1.25659,23.6,44.1,1.25659,1.25895,1.25187,23.599999999999177,47.199999999998354,target,03:02,1.9364406779660994
2022-06-09,-1,543,1.25483,1.25198,28.5,40.8,1.25198,1.25483,1.24628,28.49999999999797,-28.49999999999797,stop,02:03,-1.0526315789473721
2022-06-28,-1,544,1.22834,1.22605,22.9,41.5,1.22605,1.22834,1.22147,22.899999999999032,-22.899999999999032,stop,02:04,-1.0655021834061162
2022-07-05,-1,606,1.21251,1.20978,27.3,41.7,1.20978,1.21251,1.20432,27.29999999999899,54.59999999999798,target,03:06,1.945054945054943
2022-07-27,1,541,1.20613,1.2034,27.3,41.7,1.20613,1.2034,1.21159,27.29999999999899,-27.29999999999899,stop,02:01,-1.054945054945057
2022-08-09,1,540,1.20919,1.20699,22.0,39.8,1.20919,1.20699,1.21359,21.999999999999797,-21.999999999999797,stop,02:00,-1.0681818181818188
2022-08-10,1,602,1.20841,1.20645,19.6,39.6,1.20841,1.20645,1.21233,19.599999999999618,39.199999999999235,target,03:02,1.9234693877551006
2022-08-16,-1,601,1.206,1.20348,25.2,38.9,1.20348,1.206,1.19844,25.199999999998557,-25.199999999998557,stop,03:01,-1.0595238095238129
2022-09-02,-1,555,1.15596,1.1538,21.6,36.1,1.1538,1.15596,1.14948,21.600000000001618,-21.600000000001618,stop,02:15,-1.0694444444444393
2022-09-12,1,572,1.16286,1.16001,28.5,41.4,1.16287,1.16001,1.16859,28.600000000000847,57.200000000001694,target,02:32,1.947552447552449
2022-09-13,1,549,1.17054,1.16784,27.0,40.5,1.17054,1.16784,1.17594,26.999999999999247,-26.999999999999247,stop,02:09,-1.0555555555555571
2022-09-21,-1,541,1.13842,1.13648,19.4,46.4,1.13648,1.13842,1.1326,19.400000000000528,38.800000000001056,target,02:01,1.922680412371136
2022-10-19,-1,541,1.13573,1.13127,44.6,78.7,1.13127,1.13573,1.12235,44.599999999999085,89.19999999999817,target,02:01,1.9663677130044837
2022-10-20,-1,691,1.12409,1.11906,50.3,78.7,1.11906,1.12409,1.109,50.3000000000009,-50.3000000000009,stop,04:31,-1.0298210735586475
2022-10-21,-1,542,1.12321,1.11794,52.7,78.7,1.11794,1.12321,1.1074,52.700000000001076,105.40000000000215,target,02:02,1.9715370018975338
2022-10-25,1,694,1.13249,1.12704,54.5,78.7,1.13249,1.12704,1.14339,54.499999999999545,108.99999999999909,target,04:34,1.9724770642201832
2022-10-26,1,549,1.14673,1.14299,37.4,77.0,1.14673,1.14299,1.15421,37.400000000000766,74.80000000000153,target,02:09,1.959893048128343
2022-10-27,-1,573,1.16449,1.16045,40.4,68.0,1.16045,1.16449,1.15237,40.40000000000043,29.799999999999827,close,02:33,0.7004950495049387
2022-10-31,-1,623,1.1613,1.15817,31.3,56.8,1.15817,1.1613,1.15191,31.30000000000077,62.60000000000154,target,03:23,1.9520766773162952
2022-11-25,-1,599,1.21269,1.20922,34.7,54.0,1.20922,1.21269,1.20228,34.70000000000084,-3.1000000000003247,close,02:59,-0.13256484149856523
2022-12-02,1,580,1.22578,1.22243,33.5,54.0,1.22578,1.22243,1.23248,33.50000000000186,-33.50000000000186,stop,02:40,-1.0447761194029825
2022-12-08,1,593,1.22132,1.21776,35.6,54.0,1.22132,1.21776,1.22844,35.60000000000007,-35.60000000000007,stop,02:53,-1.042134831460674
2022-12-12,-1,540,1.22403,1.22115,28.8,52.0,1.22115,1.22403,1.21539,28.799999999999937,-28.799999999999937,stop,02:00,-1.0520833333333335
2022-12-14,1,619,1.23741,1.23414,32.7,49.9,1.23741,1.23414,1.24395,32.69999999999884,65.39999999999768,target,03:19,1.9541284403669708
2022-12-26,-1,615,1.20744,1.20498,24.6,46.0,1.20498,1.20744,1.20006,24.600000000001288,-24.600000000001288,stop,03:15,-1.0609756097560943
2023-01-25,1,561,1.23372,1.23109,26.3,38.6,1.23372,1.23109,1.23898,26.299999999999102,-26.299999999999102,stop,02:21,-1.0570342205323213
2023-01-30,-1,559,1.24053,1.23804,24.9,40.4,1.23804,1.24053,1.23306,24.899999999998812,-24.899999999998812,stop,02:19,-1.0602409638554247
2023-02-01,1,795,1.2328,1.23026,25.4,38.9,1.2328,1.23026,1.23788,25.399999999999867,-25.399999999999867,stop,06:15,-1.0590551181102366
2023-02-03,-1,569,1.22234,1.22016,21.8,36.1,1.22016,1.22234,1.2158,21.800000000000708,-21.800000000000708,stop,02:29,-1.068807339449539
2023-02-08,-1,542,1.2061,1.20395,21.5,33.5,1.20395,1.2061,1.19965,21.499999999998742,-21.499999999998742,stop,02:02,-1.0697674418604692
2023-02-14,1,540,1.21513,1.21336,17.7,32.1,1.21513,1.21336,1.21867,17.700000000000493,35.400000000000986,target,02:00,1.915254237288138
2023-07-31,1,556,1.28595,1.28437,15.8,27.6,1.28595,1.28437,1.28911,15.799999999999148,-15.799999999999148,stop,02:16,-1.0949367088607647
2023-08-10,1,544,1.27244,1.27073,17.1,31.2,1.27244,1.27073,1.27586,17.100000000001003,34.20000000000201,target,02:04,1.912280701754391
2023-08-15,1,540,1.26932,1.26748,18.4,30.6,1.26932,1.26748,1.273,18.400000000000638,36.800000000001276,target,02:00,1.918478260869568
2023-09-07,1,547,1.25059,1.24906,15.3,25.2,1.25059,1.24906,1.25365,15.300000000000313,-15.300000000000313,stop,02:07,-1.0980392156862726
2023-09-20,-1,540,1.23954,1.2382,13.4,25.2,1.2382,1.23954,1.23552,13.400000000001189,26.800000000002377,target,02:00,1.8880597014925473
2023-10-25,-1,600,1.21756,1.21583,17.3,25.2,1.21583,1.21756,1.21237,17.300000000000093,34.600000000000186,target,03:00,1.9132947976878618
2023-11-14,1,540,1.22802,1.2265,15.2,23.9,1.22802,1.2265,1.23106,15.199999999999658,30.399999999999316,target,02:00,1.901315789473682
2023-12-05,-1,543,1.2644,1.26273,16.7,25.4,1.26273,1.2644,1.25939,16.700000000000603,-16.700000000000603,stop,02:03,-1.089820359281434
2023-12-19,1,551,1.26652,1.26491,16.1,26.5,1.26652,1.26491,1.26974,16.100000000001113,32.20000000000223,target,02:11,1.9068322981366523
2023-12-22,1,540,1.26913,1.26785,12.8,23.5,1.26913,1.26785,1.27169,12.800000000001699,25.600000000003398,target,02:00,1.8828125000000155
2023-12-26,-1,552,1.27126,1.26983,14.3,23.5,1.26983,1.27126,1.26697,14.300000000000423,-14.300000000000423,stop,02:12,-1.104895104895102
2024-01-12,-1,544,1.27842,1.27652,19.0,27.9,1.27652,1.27842,1.27272,18.999999999997907,37.999999999995815,target,02:04,1.9210526315789387
2024-01-25,1,548,1.27247,1.27032,21.5,31.1,1.27247,1.27032,1.27677,21.500000000000963,-21.500000000000963,stop,02:08,-1.069767441860462
2024-01-29,1,540,1.27093,1.26911,18.2,31.1,1.27093,1.26911,1.27457,18.199999999999328,-18.199999999999328,stop,02:00,-1.0824175824175855
2024-02-02,1,561,1.27545,1.27419,12.6,31.0,1.27545,1.27419,1.27797,12.600000000000389,-12.600000000000389,stop,02:21,-1.1190476190476153
2024-02-07,1,552,1.26126,1.25963,16.3,28.7,1.26126,1.25963,1.26452,16.300000000000203,12.099999999999334,close,02:12,0.6503067484662086
2024-02-08,-1,593,1.26383,1.26243,14.0,28.2,1.26243,1.26383,1.25963,14.000000000000679,28.000000000001357,target,02:53,1.8928571428571481
2024-02-09,1,541,1.26228,1.26111,11.7,25.7,1.26228,1.26111,1.26462,11.700000000001154,-11.700000000001154,stop,02:01,-1.1282051282051155
2024-02-12,1,593,1.26436,1.26262,17.4,25.7,1.26436,1.26262,1.26784,17.399999999998528,-17.399999999998528,stop,02:53,-1.0862068965517315
2024-02-15,-1,540,1.25732,1.25581,15.1,23.0,1.25581,1.25732,1.25279,15.099999999999003,-15.099999999999003,stop,02:00,-1.0993377483443774
2024-02-20,1,560,1.25926,1.2579,13.6,21.8,1.25926,1.2579,1.26198,13.600000000000279,27.200000000000557,target,02:20,1.8897058823529433
2024-02-27,1,553,1.26869,1.2674,12.9,18.9,1.26869,1.2674,1.27127,12.900000000000134,-12.900000000000134,stop,02:13,-1.1162790697674407
2024-03-04,1,540,1.26669,1.26555,11.4,16.9,1.26669,1.26555,1.26897,11.400000000001409,22.800000000002818,target,02:00,1.8684210526315952
2024-03-12,-1,601,1.28231,1.28134,9.7,16.7,1.28134,1.28231,1.2794,9.700000000001374,19.40000000000275,target,03:01,1.84536082474229
2024-04-02,-1,540,1.2549,1.25402,8.8,17.5,1.25402,1.2549,1.25226,8.799999999999919,-8.799999999999919,stop,02:00,-1.170454545454547
2024-04-09,1,547,1.26612,1.26519,9.3,17.7,1.26612,1.26519,1.26798,9.299999999998754,-9.299999999998754,stop,02:07,-1.1612903225806668
2024-04-10,1,561,1.26799,1.26685,11.4,17.7,1.26799,1.26685,1.27027,11.399999999999189,22.799999999998377,target,02:21,1.8684210526315697
2024-05-09,-1,552,1.25014,1.24871,14.3,21.3,1.24871,1.25014,1.24585,14.300000000000423,28.600000000000847,target,02:12,1.895104895104898
2024-05-13,1,540,1.25311,1.25172,13.9,20.6,1.25311,1.25172,1.25589,13.900000000000023,27.800000000000047,target,02:00,1.892086330935252
2024-05-14,-1,540,1.25619,1.25516,10.3,20.1,1.25516,1.25619,1.2531,10.299999999998644,-10.299999999998644,stop,02:00,-1.1456310679611843
2024-05-24,-1,540,1.26976,1.26869,10.7,18.4,1.26869,1.26976,1.26655,10.699999999999044,-10.699999999999044,stop,02:00,-1.140186915887863
2024-05-27,1,591,1.2743,1.27336,9.4,17.6,1.2743,1.27336,1.27618,9.399999999999409,18.799999999998818,target,02:51,1.8404255319148837
2024-06-07,-1,540,1.27935,1.27833,10.2,15.0,1.27833,1.27935,1.27629,10.200000000000209,-10.200000000000209,stop,02:00,-1.1470588235294088
2024-06-21,1,540,1.26649,1.26545,10.4,15.0,1.26649,1.26545,1.26857,10.399999999999299,-10.399999999999299,stop,02:00,-1.144230769230779
2024-07-23,-1,541,1.29345,1.29244,10.1,16.4,1.29244,1.29345,1.29042,10.099999999999554,20.199999999999108,target,02:01,1.851485148514845
2024-08-14,-1,540,1.28681,1.28537,14.4,20.8,1.28537,1.28681,1.28249,14.400000000001079,28.800000000002157,target,02:00,1.895833333333341
2024-08-30,1,552,1.31715,1.31599,11.6,23.8,1.31715,1.31599,1.31947,11.600000000000499,23.200000000000998,target,02:12,1.8706896551724193
2024-09-05,1,557,1.31561,1.31407,15.4,22.0,1.31561,1.31407,1.31869,15.399999999998748,-15.399999999998748,stop,02:17,-1.0974025974026054
2024-09-06,1,551,1.31817,1.31715,10.2,21.6,1.31817,1.31715,1.32021,10.200000000000209,-10.200000000000209,stop,02:11,-1.1470588235294088
2024-09-17,1,548,1.32112,1.31997,11.5,21.8,1.32112,1.31997,1.32342,11.499999999999844,-11.499999999999844,stop,02:08,-1.1304347826086973
2024-09-23,1,541,1.33195,1.33065,13.0,23.8,1.33195,1.33065,1.33455,12.999999999998568,-12.999999999998568,stop,02:01,-1.115384615384628
2024-10-04,1,568,1.31408,1.31228,18.0,26.1,1.31408,1.31228,1.31768,18.000000000000238,-18.000000000000238,stop,02:28,-1.0833333333333321
2024-10-10,1,572,1.30777,1.30625,15.2,24.6,1.30777,1.30625,1.31081,15.200000000001879,-15.200000000001879,stop,02:32,-1.0986842105263035
2024-10-25,-1,596,1.29735,1.29596,13.9,23.1,1.29596,1.29735,1.29318,13.900000000000023,-13.900000000000023,stop,02:56,-1.107913669064748
2024-11-21,-1,548,1.26598,1.26458,14.0,24.4,1.26458,1.26598,1.26178,14.000000000000679,28.000000000001357,target,02:08,1.8928571428571481
2024-11-27,1,545,1.25796,1.25664,13.2,26.2,1.25796,1.25664,1.2606,13.199999999999878,26.399999999999757,target,02:05,1.8863636363636354
2024-12-11,-1,548,1.27813,1.27626,18.7,27.0,1.27626,1.27813,1.27252,18.700000000000383,37.400000000000766,target,02:08,1.9197860962566862
2024-12-12,1,540,1.27712,1.27601,11.1,27.0,1.27712,1.27601,1.27934,11.099999999999444,-11.099999999999444,stop,02:00,-1.135135135135142
2024-12-16,1,558,1.26392,1.26259,13.3,24.5,1.26392,1.26259,1.26658,13.299999999998313,26.599999999996626,target,02:18,1.8872180451127676
2024-12-24,1,636,1.25416,1.25252,16.4,26.0,1.25416,1.25252,1.25744,16.399999999998638,32.799999999997276,target,03:36,1.908536585365846
2024-12-26,-1,549,1.2548,1.25371,10.9,26.0,1.25371,1.2548,1.25153,10.899999999998133,21.799999999996267,target,02:09,1.8623853211008938
2024-12-27,1,597,1.25303,1.25177,12.6,26.0,1.25303,1.25177,1.25555,12.600000000000389,-12.600000000000389,stop,02:57,-1.1190476190476153
2024-12-30,-1,571,1.25886,1.25722,16.4,23.8,1.25722,1.25886,1.25394,16.40000000000086,-16.40000000000086,stop,02:31,-1.0914634146341415
2025-01-23,-1,550,1.2323,1.23016,21.4,37.9,1.23016,1.2323,1.22588,21.400000000000308,-21.400000000000308,stop,02:10,-1.0700934579439243
2025-01-27,-1,577,1.24646,1.24417,22.9,38.4,1.24417,1.24646,1.23959,22.899999999999032,-22.899999999999032,stop,02:37,-1.0655021834061162
2025-01-30,-1,546,1.24595,1.24342,25.3,38.4,1.24342,1.24595,1.23836,25.299999999999212,-25.299999999999212,stop,02:06,-1.059288537549409
2025-01-31,1,544,1.24308,1.24065,24.3,38.4,1.24308,1.24065,1.24794,24.299999999999322,-24.299999999999322,stop,02:04,-1.0617283950617302
2025-02-05,1,558,1.24895,1.2463,26.5,39.2,1.24895,1.2463,1.25425,26.500000000000412,53.000000000000824,target,02:18,1.9433962264150952
2025-02-06,-1,545,1.2509,1.24822,26.8,39.2,1.24822,1.2509,1.24286,26.799999999997937,53.59999999999587,target,02:05,1.9440298507462643
2025-02-07,1,580,1.24427,1.24189,23.8,38.4,1.24427,1.24189,1.24903,23.800000000000487,47.600000000000975,target,02:40,1.9369747899159677
2025-02-11,-1,552,1.23657,1.23447,21.0,30.8,1.23447,1.23657,1.23027,20.999999999999908,-20.999999999999908,stop,02:12,-1.0714285714285718
2025-03-17,1,674,1.29446,1.29267,17.9,29.3,1.29448,1.29267,1.2981,18.100000000000893,36.200000000001786,target,04:14,1.9171270718232085
2025-03-18,1,634,1.29871,1.29677,19.4,29.3,1.29871,1.29677,1.30259,19.400000000000528,-19.400000000000528,stop,03:34,-1.077319587628864
2025-03-25,-1,622,1.29287,1.29114,17.3,29.9,1.29114,1.29287,1.28768,17.300000000000093,-17.300000000000093,stop,03:22,-1.0867052023121382
2025-03-26,-1,600,1.29459,1.29268,19.1,29.9,1.29268,1.29459,1.28886,19.099999999998563,38.199999999997125,target,03:00,1.9214659685863815
2025-03-28,1,600,1.29527,1.29373,15.4,29.6,1.29527,1.29373,1.29835,15.399999999998748,-15.399999999998748,stop,03:00,-1.0974025974026054
2025-04-24,1,613,1.32867,1.32585,28.2,58.7,1.32867,1.32585,1.33431,28.200000000000447,56.400000000000894,target,03:13,1.9468085106382986
2025-04-30,-1,550,1.34141,1.33819,32.2,61.2,1.33819,1.34141,1.33175,32.2,64.4,target,02:10,1.953416149068323
2025-05-07,1,540,1.33615,1.33329,28.6,51.8,1.33615,1.33329,1.34187,28.599999999998627,-28.599999999998627,stop,02:00,-1.052447552447555
2025-05-12,1,554,1.32949,1.32738,21.1,47.8,1.32949,1.32738,1.33371,21.100000000000563,-21.100000000000563,stop,02:14,-1.071090047393363
2025-05-14,-1,544,1.33197,1.3298,21.7,46.5,1.3298,1.33197,1.32546,21.700000000000053,-21.700000000000053,stop,02:04,-1.0691244239631335
2025-05-15,1,561,1.32862,1.3259,27.2,45.4,1.32862,1.3259,1.33406,27.199999999998337,19.200000000001438,close,02:21,0.6507352941177397
2025-05-16,1,555,1.33275,1.33013,26.2,45.4,1.33275,1.33013,1.33799,26.200000000000667,-26.200000000000667,stop,02:15,-1.0572519083969452
2025-05-19,1,555,1.33134,1.32898,23.6,45.4,1.33134,1.32898,1.33606,23.599999999999177,47.199999999998354,target,02:15,1.9364406779660994
2025-06-05,1,616,1.35654,1.35404,25.0,41.9,1.35654,1.35404,1.36154,25.000000000001688,50.000000000003375,target,03:16,1.940000000000004
2025-06-06,-1,550,1.35844,1.35612,23.2,39.7,1.35612,1.35844,1.35148,23.200000000000998,46.400000000001995,target,02:10,1.9353448275862097
2025-06-17,-1,601,1.35794,1.35574,22.0,42.6,1.35574,1.35794,1.35134,21.999999999999797,43.999999999999595,target,03:01,1.9318181818181812
2025-06-18,1,540,1.34489,1.34224,26.5,42.6,1.34489,1.34224,1.35019,26.49999999999819,-26.49999999999819,stop,02:00,-1.0566037735849094
2025-06-25,1,565,1.36289,1.36109,18.0,39.2,1.36289,1.36109,1.36649,18.000000000000238,-18.000000000000238,stop,02:25,-1.0833333333333321
2025-07-02,-1,577,1.37523,1.37317,20.6,35.3,1.37317,1.37523,1.36905,20.599999999999508,41.199999999999015,target,02:37,1.9271844660194157
2025-07-15,1,573,1.34422,1.34212,21.0,33.0,1.34422,1.34212,1.34842,20.999999999999908,-20.999999999999908,stop,02:33,-1.0714285714285718
2025-07-16,1,540,1.34004,1.33822,18.2,33.0,1.34004,1.33822,1.34368,18.199999999999328,-18.199999999999328,stop,02:00,-1.0824175824175855
2025-07-22,-1,541,1.34897,1.34694,20.3,30.4,1.34694,1.34897,1.34288,20.299999999999763,-20.299999999999763,stop,02:01,-1.0738916256157645
2025-07-23,-1,562,1.35346,1.35162,18.4,28.8,1.35162,1.35346,1.34794,18.400000000000638,-18.400000000000638,stop,02:22,-1.081521739130432
2025-07-24,-1,547,1.35883,1.35706,17.7,28.8,1.35705,1.35883,1.35349,17.799999999998928,35.599999999997856,target,02:07,1.9157303370786467
2025-08-13,1,540,1.35078,1.34923,15.5,25.2,1.35078,1.34923,1.35388,15.500000000001624,31.000000000003247,target,02:00,1.903225806451623
2025-08-18,-1,565,1.35646,1.35487,15.9,24.4,1.35487,1.35646,1.35169,15.899999999999803,31.799999999999606,target,02:25,1.9056603773584895
2025-09-25,1,593,1.34645,1.34485,16.0,26.8,1.34645,1.34485,1.34965,15.999999999998238,-15.999999999998238,stop,02:53,-1.0937500000000104
2025-11-03,-1,609,1.31487,1.31299,18.8,29.7,1.31299,1.31487,1.30923,18.799999999998818,-18.799999999998818,stop,03:09,-1.0797872340425583
2025-11-04,1,564,1.31342,1.31164,17.8,28.0,1.31342,1.31164,1.31698,17.80000000000115,-17.80000000000115,stop,02:24,-1.0842696629213429
2025-11-06,1,565,1.30673,1.30503,17.0,26.6,1.30673,1.30503,1.31013,17.000000000000348,34.000000000000696,target,02:25,1.9117647058823548
2025-12-10,1,540,1.33137,1.32959,17.8,25.5,1.33137,1.32959,1.33493,17.799999999998928,35.599999999997856,target,02:00,1.9157303370786467
2025-12-12,-1,540,1.33995,1.3388,11.5,25.9,1.3388,1.33995,1.3365,11.499999999999844,22.999999999999687,target,02:00,1.8695652173913027
2025-12-18,-1,652,1.33788,1.33615,17.3,25.7,1.33615,1.33788,1.33269,17.300000000000093,-17.300000000000093,stop,03:52,-1.0867052023121382
2025-12-31,-1,551,1.34674,1.34526,14.8,24.7,1.34526,1.34674,1.3423,14.800000000001479,-14.800000000001479,stop,02:11,-1.1013513513513413
2026-01-08,-1,571,1.34651,1.34504,14.7,26.5,1.34504,1.34651,1.3421,14.700000000000824,29.400000000001647,target,02:31,1.897959183673475
2026-01-09,-1,541,1.34378,1.34241,13.7,26.5,1.34241,1.34378,1.33967,13.699999999998713,-13.699999999998713,stop,02:01,-1.1094890510949007
2026-01-13,-1,561,1.34787,1.34622,16.5,26.5,1.34622,1.34787,1.34292,16.499999999999293,-16.499999999999293,stop,02:21,-1.0909090909090948
2026-01-15,1,540,1.34396,1.34228,16.8,26.5,1.34396,1.34228,1.34732,16.80000000000126,-16.80000000000126,stop,02:00,-1.0892857142857075
2026-02-16,1,584,1.36482,1.36352,13.0,37.0,1.36482,1.36352,1.36742,12.999999999998568,-12.999999999998568,stop,02:44,-1.115384615384628
2026-02-17,-1,540,1.36289,1.36032,25.7,37.0,1.36032,1.36289,1.35518,25.699999999999612,51.399999999999224,target,02:00,1.9416342412451353
2026-02-18,1,540,1.35664,1.35496,16.8,33.6,1.35664,1.35496,1.36,16.80000000000126,-16.80000000000126,stop,02:00,-1.0892857142857075
2026-02-19,1,575,1.3502,1.34804,21.6,33.6,1.3502,1.34804,1.35452,21.600000000001618,-21.600000000001618,stop,02:35,-1.0694444444444393
2026-03-06,1,639,1.33729,1.3352,20.9,31.7,1.33729,1.3352,1.34147,20.900000000001473,-20.900000000001473,stop,03:39,-1.0717703349282246
2026-03-18,-1,645,1.33743,1.33501,24.2,35.6,1.33501,1.33743,1.33017,24.199999999998667,48.399999999997334,target,03:45,1.9380165289256164
2026-03-26,-1,620,1.33675,1.33483,19.2,42.6,1.33483,1.33675,1.33099,19.200000000001438,-19.200000000001438,stop,03:20,-1.0781249999999942
2026-03-27,-1,628,1.3347,1.33217,25.3,42.6,1.33217,1.3347,1.32711,25.299999999999212,50.599999999998424,target,03:28,1.940711462450591
2026-04-03,1,622,1.32375,1.32212,16.3,42.6,1.32375,1.32212,1.32701,16.300000000000203,-16.300000000000203,stop,03:22,-1.0920245398772994
2026-04-07,1,568,1.32386,1.32112,27.4,41.5,1.32386,1.32112,1.32934,27.399999999999647,54.799999999999294,target,02:28,1.945255474452554
2026-04-09,-1,620,1.34062,1.33809,25.3,38.7,1.33809,1.34062,1.33303,25.299999999999212,-25.299999999999212,stop,03:20,-1.059288537549409
2026-04-10,-1,569,1.34341,1.34145,19.6,38.7,1.34145,1.34341,1.33753,19.599999999999618,-19.599999999999618,stop,02:29,-1.0765306122448994
2026-04-14,1,540,1.35215,1.35033,18.2,36.2,1.35215,1.35033,1.35579,18.199999999999328,36.399999999998656,target,02:00,1.9175824175824145
2026-04-15,-1,591,1.3579,1.35568,22.2,33.1,1.35568,1.3579,1.35124,22.200000000001108,-13.399999999998968,close,02:51,-0.6711711711710913
2026-04-17,-1,548,1.35328,1.35142,18.6,32.1,1.35142,1.35328,1.3477,18.599999999999728,-18.599999999999728,stop,02:08,-1.0806451612903238
2026-04-24,1,645,1.34728,1.34531,19.7,29.2,1.34728,1.34531,1.35122,19.700000000000273,39.400000000000546,target,03:45,1.9238578680203056
2026-05-22,-1,540,1.34336,1.34193,14.3,25.5,1.34193,1.34336,1.33907,14.300000000000423,-14.300000000000423,stop,02:00,-1.104895104895102
2026-05-25,-1,618,1.34901,1.3474,16.1,25.5,1.3474,1.34901,1.34418,16.100000000001113,-16.100000000001113,stop,03:18,-1.0931677018633477
2026-05-27,-1,561,1.34586,1.34455,13.1,25.5,1.34455,1.34586,1.34193,13.100000000001444,26.200000000002888,target,02:21,1.8854961832061194
2026-06-04,1,547,1.34317,1.34169,14.8,22.2,1.34317,1.34169,1.34613,14.799999999999258,-14.799999999999258,stop,02:07,-1.1013513513513564
2026-06-23,-1,577,1.32496,1.32329,16.7,26.8,1.32329,1.32496,1.31995,16.699999999998383,33.399999999996766,target,02:37,1.9101796407185543
2026-06-24,1,550,1.32043,1.31867,17.6,25.3,1.32043,1.31867,1.32395,17.599999999999838,-17.599999999999838,stop,02:10,-1.0852272727272736
2026-07-08,1,540,1.33588,1.3342,16.8,26.8,1.33588,1.3342,1.33924,16.799999999999038,-16.799999999999038,stop,02:00,-1.0892857142857193
2026-08-04,1,604,1.34326,1.34194,13.2,22.6,1.34326,1.34194,1.3459,13.199999999999878,17.300000000000093,close,03:04,1.196969696969715
2026-08-07,1,563,1.34561,1.3447,9.1,22.2,1.34561,1.3447,1.34743,9.099999999999664,-9.099999999999664,stop,02:23,-1.164835164835171
2026-08-10,1,540,1.3494,1.34829,11.1,21.4,1.3494,1.34829,1.35162,11.099999999999444,22.199999999998887,target,02:00,1.864864864864858
2026-08-11,1,541,1.3515,1.35023,12.7,21.4,1.3515,1.35023,1.35404,12.699999999998823,-12.699999999998823,stop,02:01,-1.1181102362204833
2026-08-12,1,619,1.35112,1.35012,10.0,21.1,1.35112,1.35012,1.35312,10.000000000001119,20.000000000002238,target,03:19,1.8500000000000167
2026-08-13,-1,568,1.35005,1.34865,14.0,20.5,1.34865,1.35005,1.34585,14.000000000000679,-14.000000000000679,stop,02:28,-1.1071428571428519
2026-08-28,-1,616,1.35981,1.35867,11.4,16.5,1.35867,1.35981,1.35639,11.399999999999189,-11.399999999999189,stop,03:16,-1.1315789473684303
