tday,er5,volr,trend,vol,year
2024-10-29,0.038461538461534085,0.9404218096996841,ranging,calm,Y1
2024-10-30,0.27564102564103693,0.9819587628866007,ranging,calm,Y1
2024-10-31,0.7326829268292684,1.040876674204213,trending,volatile,Y1
2024-11-01,0.47191953059514047,0.9895124811526188,ranging,calm,Y1
2024-11-04,0.2841490138787403,1.0775201135825805,ranging,volatile,Y1
2024-11-05,0.44551062371487343,1.080679567271064,ranging,volatile,Y1
2024-11-06,0.8678071539657837,1.0965061378659138,trending,volatile,Y1
2024-11-07,0.503732809430258,1.5936488474742527,trending,volatile,Y1
2024-11-08,0.3111984282907724,1.7644979919678727,ranging,volatile,Y1
2024-11-11,0.6271119842829074,1.8487694787748519,trending,volatile,Y1
2024-11-12,0.7213752838144573,1.9820417325646653,trending,volatile,Y1
2024-11-13,0.883265067290809,1.9913613727133788,trending,volatile,Y1
2024-11-14,0.6127833519137912,1.4906748177756883,trending,volatile,Y1
2024-11-15,0.8869818652849671,1.4017171260732013,trending,volatile,Y1
2024-11-18,0.7332757876564481,1.273162423024843,trending,volatile,Y1
2024-11-19,0.3321364452423664,1.2077423167848622,ranging,volatile,Y1
2024-11-20,0.17151898734177354,1.2313427345186898,ranging,volatile,Y1
2024-11-21,0.16007036059808039,1.2275280458146933,ranging,volatile,Y1
2024-11-22,0.3803389830508542,1.2340651021953046,ranging,volatile,Y1
2024-11-25,0.3921356421356403,1.4388160706653375,ranging,volatile,Y1
2024-11-26,0.3740981240981242,1.4402713835715992,ranging,volatile,Y1
2024-11-27,0.38167388167388333,1.5320148906468092,ranging,volatile,Y1
2024-11-28,0.08898471187769506,1.5401883528733418,ranging,volatile,Y1
2024-11-29,0.30419443355546893,1.4177019124387522,ranging,volatile,Y1
2024-12-02,0.5473561882626388,1.12514910536779,trending,volatile,Y1
2024-12-03,0.02498547356187866,1.196380334954078,ranging,volatile,Y1
2024-12-04,0.14222873900293773,1.0256637429491147,ranging,volatile,Y1
2024-12-05,0.39589442815250153,0.9131677126413461,ranging,calm,Y1
2024-12-06,0.24120234604105906,1.0200474629901612,ranging,volatile,Y1
2024-12-09,0.022471910112362353,1.1020980948967471,ranging,volatile,Y1
2024-12-10,0.35873015873015607,0.9695080634232252,ranging,calm,Y1
2024-12-11,0.12888888888888794,1.0121039610545,ranging,volatile,Y1
2024-12-12,0.11163101604276932,0.9819286574825822,ranging,calm,Y1
2024-12-13,0.708007224563515,0.9431498211206346,trending,calm,Y1
2024-12-16,0.37296532200990057,0.8986578368677828,ranging,calm,Y1
2024-12-17,0.37859007832898833,0.8703357044802217,ranging,calm,Y1
2024-12-18,0.41531322505801727,0.8346644344871802,ranging,calm,Y1
2024-12-19,0.7468487394957865,1.1112749964544086,trending,volatile,Y1
2024-12-20,0.5504201680672244,1.132357859531774,trending,volatile,Y1
2024-12-23,0.3134796238244491,1.214221899730165,ranging,volatile,Y1
2024-12-24,0.5485893416927831,1.246941468542416,trending,volatile,Y1
2024-12-27,0.5961722488038197,0.7025889671576274,trending,calm,Y1
2024-12-30,0.13452188006485205,0.5290525536639549,ranging,calm,Y1
2024-12-31,0.030023094688212886,0.5927076670017417,ranging,calm,Y1
2025-01-02,0.28783902012248475,0.7333755541482022,ranging,calm,Y1
2025-01-03,0.5848252344415998,1.053352177369495,trending,volatile,Y1
2025-01-06,0.47229326513214764,1.0789200185746284,ranging,volatile,Y1
2025-01-07,0.15004262574594893,1.3262106105500013,ranging,volatile,Y1
2025-01-08,0.3169014084506939,1.334361148583548,ranging,volatile,Y1
2025-01-09,0.1525821596244113,1.3307625484670702,ranging,volatile,Y1
2025-01-10,0.19943019943020077,1.0429575520778118,ranging,volatile,Y1
2025-01-13,0.27455357142856357,1.1623996459953285,ranging,volatile,Y1
2025-01-14,0.5647607934655697,0.977504084453947,trending,calm,Y1
2025-01-15,0.17692734331669593,0.9165952644667943,ranging,calm,Y1
2025-01-16,0.16817155756207616,0.9344170751380619,ranging,calm,Y1
2025-01-17,0.0,0.9740307997192569,ranging,calm,Y1
2025-01-20,0.19920993227989953,0.8894111825828827,ranging,calm,Y1
2025-01-21,0.8696093353627515,1.0974035115947005,trending,volatile,Y1
2025-01-22,0.6687464549064064,1.1391118991174756,trending,volatile,Y1
2025-01-23,0.6018283392585031,1.0652822532521806,trending,volatile,Y1
2025-01-24,0.59968766267569,1.0919501381737222,trending,volatile,Y1
2025-01-27,0.8341176470588257,1.1824086975292902,trending,volatile,Y1
2025-01-28,0.3952879581151826,0.972318067754074,ranging,calm,Y1
2025-01-29,0.04345127250154746,0.9335020932723179,ranging,calm,Y1
2025-01-30,0.0837988826815627,0.9246775513385014,ranging,calm,Y1
2025-01-31,0.17307692307692335,0.9948988850132068,ranging,calm,Y1
2025-02-03,0.6472191930207294,0.93862903716319,trending,calm,Y1
2025-02-04,0.5252739483916625,1.0806467892686278,trending,volatile,Y1
2025-02-05,0.2000777000777006,1.1635646592486755,ranging,volatile,Y1
2025-02-06,0.07070707070706844,1.1904235431282235,ranging,volatile,Y1
2025-02-07,0.022404136148215296,1.1328654306462684,ranging,volatile,Y1
2025-02-10,0.401981904351576,1.1840510624545477,ranging,volatile,Y1
2025-02-11,0.211978860833815,0.9779762508880565,ranging,calm,Y1
2025-02-12,0.1097791798107293,0.9129800680602818,ranging,calm,Y1
2025-02-13,0.13639479095270202,1.003519639588909,ranging,volatile,Y1
2025-02-14,0.4373974849644585,1.103459391936823,ranging,volatile,Y1
2025-02-17,0.8670143415906099,1.0107539947748996,trending,volatile,Y1
2025-02-18,0.8009905447996443,1.0050710782276202,trending,volatile,Y1
2025-02-19,0.43407707910750093,0.91552859981178,ranging,calm,Y1
2025-02-20,0.28450106157111954,0.793359027571899,ranging,calm,Y1
2025-02-21,0.33333333333333987,0.7796422487223164,ranging,calm,Y1
2025-02-24,0.273504273504269,0.7497293280968055,ranging,calm,Y1
2025-02-25,0.12882953652787488,0.8379172568336052,ranging,calm,Y1
2025-02-26,0.5271013354281167,0.8772859340283675,trending,calm,Y1
2025-02-27,0.5551601423487607,0.8609336609336578,trending,calm,Y1
2025-02-28,0.7744133232399869,0.8784780529280463,trending,calm,Y1
2025-03-03,0.5686390532544477,0.8925619834710702,trending,calm,Y1
2025-03-04,0.10946745562129684,0.9886848529879981,ranging,calm,Y1
2025-03-05,0.42504672897195733,1.2023727755229459,ranging,volatile,Y1
2025-03-06,0.6900183150183172,1.5143622200584204,trending,volatile,Y1
2025-03-07,0.7786104922017394,1.486931268151016,trending,volatile,Y1
2025-03-10,0.8518296340731873,1.599520383693051,trending,volatile,Y1
2025-03-11,0.8321360153256715,1.4897147312236396,trending,volatile,Y1
2025-03-12,0.8476686938893646,1.3784887275883189,trending,volatile,Y1
2025-03-13,0.5616740088105665,1.049837294152452,trending,volatile,Y1
2025-03-14,0.4008168028004591,1.0380789711644711,ranging,volatile,Y1
2025-03-17,0.31901408450703705,0.9629183722610125,ranging,calm,Y1
2025-03-18,0.7149719775820677,0.9516830961682462,trending,calm,Y1
2025-03-19,0.20786092214663754,0.8162059335410975,ranging,calm,Y1
2025-03-20,0.10657596371881356,0.879131425829277,ranging,calm,Y1
2025-03-21,0.0035714285714202446,0.9313094324020957,ranging,calm,Y1
2025-03-24,0.40952380952381556,0.8845174183941251,ranging,calm,Y1
2025-03-25,0.696304849884537,0.914010075272781,trending,calm,Y1
2025-03-26,0.9004711425206142,0.8992952231793168,trending,calm,Y1
2025-03-27,0.8512110726643576,0.838454733117066,trending,calm,Y1
2025-03-28,0.37957911145751905,0.8146850362347635,ranging,calm,Y1
2025-03-31,0.08553157474021779,0.8480531813865131,ranging,calm,Y1
2025-04-01,0.12714776632301664,0.8343548419508502,ranging,calm,Y1
2025-04-02,0.020618556701032305,0.8377693539559301,ranging,calm,Y1
2025-04-03,0.5047021943573686,1.0329868413146663,trending,volatile,Y1
2025-04-04,0.6563645887899466,1.547634331457913,trending,volatile,Y1
2025-04-07,0.36548913043478815,1.7533126428664327,ranging,volatile,Y1
2025-04-08,0.24864130434782625,1.9523983354019077,ranging,volatile,Y1
2025-04-09,0.4432004369197166,2.0529553744805153,ranging,volatile,Y1
2025-04-10,0.31303074670571357,2.1015277405521293,ranging,volatile,Y1
2025-04-11,0.4028161236885736,1.925728080538289,ranging,volatile,Y1
2025-04-14,0.7839838492597582,2.0567977426115025,trending,volatile,Y1
2025-04-15,0.7656410256410238,1.9868460388639697,trending,volatile,Y1
2025-04-16,0.5888650963597429,2.0035414632531765,trending,volatile,Y1
2025-04-17,0.8540214729704286,1.8870270977876669,trending,volatile,Y1
2025-04-18,0.5839185393258433,1.4440631434454347,trending,volatile,Y1
2025-04-21,0.4940809968847379,0.9740452967432667,ranging,calm,Y1
2025-04-22,0.5284789644013015,1.058680064387103,trending,volatile,Y1
2025-04-23,0.46988771691051673,1.0787343160339309,ranging,volatile,Y1
2025-04-24,0.32239819004525255,1.0636520186236338,ranging,volatile,Y1
2025-04-25,0.09012066365008015,1.0867029920657687,ranging,volatile,Y1
2025-04-28,0.11990950226244251,1.1597837010097134,ranging,volatile,Y1
2025-04-29,0.39699122440450646,1.0044817117247384,ranging,volatile,Y1
2025-04-30,0.2571860816944075,0.8629296634100443,ranging,calm,Y1
2025-05-01,0.13345039508342285,0.7647535405256526,ranging,calm,Y1
2025-05-02,0.6134506599623063,0.7399848218178287,trending,calm,Y1
2025-05-05,0.43368950345695695,0.7980104644402819,ranging,calm,Y1
2025-05-06,0.6720051249199345,0.7537052831463914,trending,calm,Y1
2025-05-07,0.11443530291698166,0.8473127951427932,ranging,calm,Y1
2025-05-08,0.2380538662033003,0.8585117194431435,ranging,calm,Y1
2025-05-09,0.3692307692307593,0.9489348722970462,ranging,calm,Y1
2025-05-12,0.2857917570498852,0.9245370444341472,ranging,calm,Y1
2025-05-13,0.7225213810579691,1.0985664483249178,trending,volatile,Y1
2025-05-14,0.5838926174496681,1.1072977326229678,trending,volatile,Y1
2025-05-15,0.4682656826568316,1.1275279342506217,ranging,volatile,Y1
2025-05-16,0.1756697408871327,1.0146799765120367,ranging,volatile,Y1
2025-05-19,0.14371257485030026,0.9954027583449891,ranging,calm,Y1
2025-05-20,0.7629521016617881,0.8778341379942515,trending,calm,Y1
2025-05-21,0.6199872692552468,0.7978504144974853,trending,calm,Y1
2025-05-22,0.6831896551724137,0.7615023331458675,trending,calm,Y1
2025-05-23,0.39655172413793716,0.8133891213389072,ranging,calm,Y1
2025-05-26,0.9021047479197256,0.8266222961730407,trending,calm,Y1
2025-05-27,0.7299451918286013,0.7296246014918287,trending,calm,Y1
2025-05-28,0.29317762753535104,0.7675602307431243,ranging,calm,Y1
2025-05-29,0.22065150583896623,0.7433862433862397,ranging,calm,Y1
2025-05-30,0.41738712776177045,0.8919133069214635,ranging,calm,Y1
2025-06-02,0.07588856868395343,0.8570892957570473,ranging,calm,Y1
2025-06-03,0.24300626304801265,0.938461060544877,ranging,calm,Y1
2025-06-04,0.18721835313395965,0.9544369745277653,ranging,calm,Y1
2025-06-05,0.5038918476034394,0.9808786493797296,trending,calm,Y1
2025-06-06,0.4367123287671105,0.8227539895473158,ranging,calm,Y1
2025-06-09,0.32782551222736594,0.8377326906086819,ranging,calm,Y1
2025-06-10,0.1449275362318838,0.7390116712192702,ranging,calm,Y1
2025-06-11,0.37971014492752886,0.7080254658673737,ranging,calm,Y1
2025-06-12,0.5699765441751447,0.7379674180422982,trending,calm,Y1
2025-06-13,0.5377503852080117,0.8381654759161118,trending,calm,Y1
2025-06-16,0.5828814872192063,0.9026896205306193,trending,calm,Y1
2025-06-17,0.5445391169635975,0.9703523693803204,trending,calm,Y1
2025-06-18,0.2598494909251887,1.0179330299285736,ranging,volatile,Y1
2025-06-19,0.045801526717557155,0.97120158887786,ranging,calm,Y1
2025-06-20,0.5130486358244232,0.8063764784173792,trending,calm,Y1
2025-06-23,0.07117437722419104,0.6770959902794704,ranging,calm,Y1
2025-06-24,0.11234294161123141,0.7378699204116371,ranging,calm,Y1
2025-06-25,0.6620654396728017,0.6687378990499374,trending,calm,Y1
2025-06-26,0.8250342622201832,0.6866554438327547,trending,calm,Y1
2025-06-27,0.7054183813443047,0.7852076042750435,trending,calm,Y1
2025-06-30,0.8516300731869624,0.8391164156119169,trending,calm,Y1
2025-07-01,0.9943951424568006,0.7586307925191663,trending,calm,Y1
2025-07-02,0.8241666666666714,0.7648541591645664,trending,calm,Y1
2025-07-03,0.7983002832861179,0.7557462150928839,trending,calm,Y1
2025-07-04,0.3780160857908952,0.7857155203705887,ranging,calm,Y1
2025-07-07,0.35322976287815966,0.7379412508581104,ranging,calm,Y1
2025-07-08,0.5510489510489439,0.7907947512659003,trending,calm,Y1
2025-07-09,0.632941176470588,0.8257202322269694,trending,calm,Y1
2025-07-10,0.6125490196078487,0.7877695837125965,trending,calm,Y1
2025-07-11,0.4366197183098599,0.7725293256490562,ranging,calm,Y1
2025-07-14,0.7363067292644814,0.8030779475417141,trending,calm,Y1
2025-07-15,0.39224526600539555,0.6881867349843471,ranging,calm,Y1
2025-07-16,0.7887683471601703,0.7317492127111351,trending,calm,Y1
2025-07-17,0.4398717263495434,0.9998860658539352,ranging,calm,Y1
2025-07-18,0.6330498177399626,0.9970752459452272,trending,calm,Y1
2025-07-21,0.27399756986634116,1.0695256166982872,ranging,volatile,Y1
2025-07-22,0.16585662211420873,1.2010234056666271,ranging,volatile,Y1
2025-07-23,0.7540421362077406,1.1537330870990772,trending,volatile,Y1
2025-07-24,0.5894736842105225,0.942818243703195,trending,calm,Y1
2025-07-25,0.7598187311178276,0.8834509446847219,trending,calm,Y1
2025-07-28,0.665901262916179,0.8379252905473981,trending,calm,Y1
2025-07-29,0.5066273932253257,1.0070118864599387,trending,volatile,Y1
2025-07-30,0.7721378288254878,1.0069266676705388,trending,volatile,Y1
2025-07-31,0.9381283836040172,1.229965544070249,trending,volatile,Y1
2025-08-01,0.9008667388949082,1.2467795466051685,trending,volatile,Y1
2025-08-04,0.4549537648612898,1.5466088458499507,ranging,volatile,Y1
2025-08-05,0.08486017357762707,1.2720289200180765,ranging,volatile,Y1
2025-08-06,0.14800389483934534,1.2383740826647383,ranging,volatile,Y1
2025-08-07,0.922687861271675,1.0835090919455062,trending,volatile,Y1
2025-08-08,0.8205796157603478,1.1429003535172102,trending,volatile,Y1
2025-08-11,0.2679929783499166,0.7972579263067667,ranging,calm,Y1
2025-08-12,0.2685781158572217,0.8912472941131392,ranging,calm,Y1
2025-08-13,0.7425595238095204,0.9742886527254065,trending,calm,Y1
2025-08-14,0.3340471092077082,0.879895960832319,ranging,calm,Y1
2025-08-15,0.11848679514632303,0.872221903175794,ranging,calm,Y1
2025-08-18,0.41541755888651866,0.9205713625688294,ranging,calm,Y1
2025-08-19,0.3475285171102576,0.8610373108467213,ranging,calm,Y1
2025-08-20,0.2772177419354827,0.7622146052402331,ranging,calm,Y1
2025-08-21,0.5822649572649503,0.7411374352407054,trending,calm,Y1
2025-08-22,0.3644289450741098,0.7041041001329101,ranging,calm,Y1
2025-08-25,0.02943018159048023,0.9045202591927612,ranging,calm,Y1
2025-08-26,0.2736380713838431,1.0498015718621199,ranging,volatile,Y1
2025-08-27,0.025046963055726672,1.0772540582828134,ranging,volatile,Y1
2025-08-28,0.07359050445103296,1.1297931061480986,ranging,volatile,Y1
2025-08-29,0.4629080118694371,1.1504845780337758,ranging,volatile,Y1
2025-09-01,0.24818959842000132,0.915997944420288,ranging,calm,Y1
2025-09-02,0.5832305795314398,0.7467974062944831,trending,calm,Y1
2025-09-03,0.013563501849561361,0.8417991393370147,ranging,calm,Y1
2025-09-04,0.18110850897736624,0.8461174242424253,ranging,calm,Y1
2025-09-05,0.25214676034346534,0.7950816367667837,ranging,calm,Y1
2025-09-08,0.13624338624339746,0.9303885711976441,ranging,calm,Y1
2025-09-09,0.33248569612206363,0.960526850684985,ranging,calm,Y1
2025-09-10,0.3975552968567994,0.895031690860765,ranging,calm,Y1
2025-09-11,0.22251832111924427,0.8355646817248473,ranging,calm,Y1
2025-09-12,0.6307922272047755,0.9461383150123354,trending,calm,Y1
2025-09-15,0.1570247933884308,0.783173371451908,ranging,calm,Y1
2025-09-16,0.009090909090895244,0.786029457460696,ranging,calm,Y1
2025-09-17,0.7269826800364639,0.8875776015735443,trending,calm,Y1
2025-09-18,0.4532152483634931,1.0341713448864969,ranging,volatile,Y1
2025-09-19,0.24390243902439374,1.059841560024369,ranging,volatile,Y1
2025-09-22,0.05034550839091923,1.105096059915326,ranging,volatile,Y1
2025-09-23,0.21777546777546428,1.1518064437293658,ranging,volatile,Y1
2025-09-24,0.2640332640332637,0.9619268027935289,ranging,calm,Y1
2025-09-25,0.611475409836068,0.9078320368183054,trending,calm,Y1
2025-09-26,0.6802292263610269,0.9298605331005502,trending,calm,Y1
2025-09-29,0.2544412607449829,0.8941595499251233,ranging,calm,Y1
2025-09-30,0.43896848137535344,0.8503647397780967,ranging,calm,Y1
2025-10-02,0.054845980465806826,0.8040945849114626,ranging,calm,Y2
2025-10-03,0.4116680361544744,0.724757839435233,ranging,calm,Y2
2025-10-06,0.414225941422613,0.7146377525874841,ranging,calm,Y2
2025-10-07,0.11820330969265753,0.7664831804281356,ranging,calm,Y2
2025-10-08,0.5812356979405023,0.8144985838019758,trending,calm,Y2
2025-10-09,0.6181592039800858,0.8298994974874334,trending,calm,Y2
2025-10-10,0.6996775679410389,0.9029648471706798,trending,calm,Y2
2025-10-13,0.5617382087970362,0.977516127011962,trending,calm,Y2
2025-10-14,0.8196055684454674,0.9664937083797226,trending,calm,Y2
2025-10-15,0.42016806722688105,0.9822980908880422,ranging,calm,Y2
2025-10-16,0.18018867924528761,0.94349828846723,ranging,calm,Y2
2025-10-17,0.8122529644268904,0.8083782926055226,trending,calm,Y2
2025-10-20,0.19946236559139194,0.8132122769691016,ranging,calm,Y2
2025-10-21,0.388172043010754,0.7475213080535746,ranging,calm,Y2
2025-10-22,0.050458715596338376,0.7118821832801633,ranging,calm,Y2
2025-10-23,0.238126649076509,0.7314968768255918,ranging,calm,Y2
2025-10-24,0.4518469656991934,0.6878290142563332,ranging,calm,Y2
2025-10-27,0.3853955375253583,0.6274215840146071,ranging,calm,Y2
2025-10-28,0.035759897828842376,0.6216082881105043,ranging,calm,Y2
2025-10-29,0.5625680087051012,0.5833156442368915,trending,calm,Y2
2025-10-30,0.10405257393209176,0.7075866966504952,ranging,calm,Y2
2025-10-31,0.43996710526315697,0.8652740649618,ranging,calm,Y2
2025-11-03,0.6711956521739024,0.8865263307109011,trending,calm,Y2
2025-11-04,0.7603911980440134,0.9023807247346831,trending,calm,Y2
2025-11-05,0.8731227343345395,0.9610189116171434,trending,calm,Y2
2025-11-06,0.6461173681090663,0.7946517564118173,trending,calm,Y2
2025-11-07,0.15257352941176422,0.7148199750678351,ranging,calm,Y2
2025-11-10,0.2959934587080922,0.7323309007199883,ranging,calm,Y2
2025-11-11,0.30907604251840787,0.7523242658271425,ranging,calm,Y2
2025-11-12,0.7328467153284521,0.7466653565550623,trending,calm,Y2
2025-11-13,0.8810763888888635,0.7671665351223395,trending,calm,Y2
2025-11-14,0.6806324110672034,0.8093763821317982,trending,calm,Y2
2025-11-17,0.5304347826087024,0.7898526922202252,trending,calm,Y2
2025-11-18,0.31989000916590293,0.8081089445991901,ranging,calm,Y2
2025-11-19,0.016094420600868516,0.7432993974651887,ranging,calm,Y2
2025-11-20,0.4083997103548094,0.8800373424614787,ranging,calm,Y2
2025-11-21,0.6887721602101109,0.7957252704287663,trending,calm,Y2
2025-11-24,0.7400749063670343,0.8384811708943142,trending,calm,Y2
2025-11-25,0.6006855184233006,0.8576343637595785,trending,calm,Y2
2025-11-26,0.1007532956685402,0.9850228598454963,ranging,calm,Y2
2025-11-27,0.5259326660600627,0.9094222997067872,trending,calm,Y2
2025-11-28,0.5527391659852737,0.8729579698651863,trending,calm,Y2
2025-12-01,0.758527827648106,0.858179082825131,trending,calm,Y2
2025-12-02,0.6313920454545401,0.9043347478111324,trending,calm,Y2
2025-12-03,0.5104562737642744,0.7851381080420349,trending,calm,Y2
2025-12-04,0.6212244897959049,0.793974206134168,trending,calm,Y2
2025-12-05,0.38691883372735675,0.8175158449255054,ranging,calm,Y2
2025-12-08,0.48380129589633014,0.7893913186722672,ranging,calm,Y2
2025-12-09,0.30803080308029707,0.7656207067099052,ranging,calm,Y2
2025-12-10,0.05970149253730552,0.8075270327201375,ranging,calm,Y2
2025-12-11,0.28655660377360165,0.887099974489083,ranging,calm,Y2
2025-12-12,0.6339648173206948,1.0269207760020598,trending,volatile,Y2
2025-12-15,0.6921515561569656,0.9899326928608486,trending,calm,Y2
2025-12-16,0.7478882391163171,0.9542681155209509,trending,calm,Y2
2025-12-17,0.6555312157721837,1.0393128890938395,trending,volatile,Y2
2025-12-18,0.37161607875307234,0.9687791239515349,ranging,calm,Y2
2025-12-19,0.158415841584163,0.8780661215783832,ranging,calm,Y2
2025-12-22,0.2502453385672298,0.9012139966674565,ranging,calm,Y2
2025-12-23,0.09224730127577725,0.9743209143535683,ranging,calm,Y2
2025-12-24,0.4799999999999911,0.9015857931935648,ranging,calm,Y2
2025-12-29,0.5200783545543703,0.7323874755381592,trending,calm,Y2
2025-12-30,0.18430034129692394,0.652924791086348,ranging,calm,Y2
2025-12-31,0.7114197530864157,0.6145097794163554,trending,calm,Y2
2026-01-02,0.4198174706649369,0.6341432708044763,ranging,calm,Y2
2026-01-05,0.6666666666666666,0.7777386403663271,trending,calm,Y2
2026-01-06,0.3233486943164391,0.9127129246463321,ranging,calm,Y2
2026-01-07,0.6848635235732101,0.9915917657292025,trending,calm,Y2
2026-01-08,0.701225259189454,0.97840786593931,trending,calm,Y2
2026-01-09,0.6511437908496743,0.9841280230389138,trending,calm,Y2
2026-01-12,0.7245796637309914,0.9572122325764473,trending,calm,Y2
2026-01-13,0.43795036028822354,0.9853892372853443,ranging,calm,Y2
2026-01-14,0.5472813238770639,0.9223510910163005,trending,calm,Y2
2026-01-15,0.3627329192546675,0.9176377118643941,ranging,calm,Y2
2026-01-16,0.4819734345351021,0.9686684935124824,ranging,calm,Y2
2026-01-19,0.303242769500442,0.9612801264322299,ranging,calm,Y2
2026-01-20,0.21021021021021047,0.9313725490196052,ranging,calm,Y2
2026-01-21,0.4311878597592905,1.2535104364326344,ranging,volatile,Y2
2026-01-22,0.20355834641549864,1.3971622300351534,ranging,volatile,Y2
2026-01-23,0.7671376242804775,1.5217213758441914,trending,volatile,Y2
2026-01-26,0.9632669011332575,1.7483741870935405,trending,volatile,Y2
2026-01-27,0.8550091074681284,1.7440970601959773,trending,volatile,Y2
2026-01-28,0.7597575757575791,1.9804117060582946,trending,volatile,Y2
2026-01-29,0.6576969696969719,2.2134324092597875,trending,volatile,Y2
2026-01-30,0.6123198643684673,2.1884057971014514,trending,volatile,Y2
2026-02-02,0.06505050505050045,2.2146050670640878,ranging,volatile,Y2
2026-02-03,0.29144908616187604,2.279564017810804,ranging,volatile,Y2
2026-02-04,0.8187221396731128,1.6759100204498953,trending,volatile,Y2
2026-02-05,0.668631006346331,1.3473004759039415,trending,volatile,Y2
2026-02-06,0.9659318637274653,1.2002944303590413,trending,volatile,Y2
2026-02-09,0.34492223238792447,0.9950434044417714,ranging,calm,Y2
2026-02-10,0.7630272952853521,1.034560601988718,trending,volatile,Y2
2026-02-11,0.4812998160637714,1.0124989920167755,ranging,volatile,Y2
2026-02-12,0.39791538933169013,1.1447023636219307,ranging,volatile,Y2
2026-02-13,0.5738810545677503,1.1279004415897262,trending,volatile,Y2
2026-02-16,0.46212121212121593,1.0574404122825838,ranging,volatile,Y2
2026-02-17,0.6593291404612143,0.7820436454215649,trending,calm,Y2
2026-02-18,0.3188879803761264,0.8086384671592165,ranging,calm,Y2
2026-02-19,0.8223866790009116,0.7480317090987862,trending,calm,Y2
2026-02-20,0.6834733893557383,0.8362459546925602,trending,calm,Y2
2026-02-23,0.7008227374719542,0.9152678499718881,trending,calm,Y2
2026-02-24,0.5705627705627622,1.0124499064921113,trending,volatile,Y2
2026-02-25,0.7160173160173191,0.9569857697283186,trending,calm,Y2
2026-02-26,0.2941810344827492,0.8508967705504189,ranging,calm,Y2
2026-02-27,0.2746170678337016,0.8171325567004618,ranging,calm,Y2
2026-03-02,0.3804664723032146,0.7334410339256723,ranging,calm,Y2
2026-03-03,0.6187141947803958,0.9200115963418716,trending,calm,Y2
2026-03-04,0.53078982597055,1.340211978036009,trending,volatile,Y2
2026-03-05,0.5917001338688077,1.4390651085141866,trending,volatile,Y2
2026-03-06,0.6337601078167129,1.5367459696748011,trending,volatile,Y2
2026-03-09,0.594808126410838,1.6523606234369936,trending,volatile,Y2
2026-03-10,0.2602602602602635,1.630195373130655,ranging,volatile,Y2
2026-03-11,0.019338739862759368,1.2835703776360936,ranging,volatile,Y2
2026-03-12,0.41422333125389793,1.2918702364666848,ranging,volatile,Y2
2026-03-13,0.6063630692451627,1.2176074875694696,trending,volatile,Y2
2026-03-16,0.49960998439937776,1.3219217491369408,ranging,volatile,Y2
2026-03-17,0.5070202808112395,1.2433768986223994,trending,volatile,Y2
2026-03-18,0.30106609808102663,1.2939052130478699,ranging,volatile,Y2
2026-03-19,0.7030674846625791,1.3348760789577263,trending,volatile,Y2
2026-03-20,0.3765221626887392,1.586921420882673,ranging,volatile,Y2
2026-03-23,0.7299703264094962,1.4392660062495921,trending,volatile,Y2
2026-03-24,0.5447154471544656,1.517160989509135,trending,volatile,Y2
2026-03-25,0.3429878048780519,1.481154324428628,ranging,volatile,Y2
2026-03-26,0.5431910569105646,1.3919071211380167,trending,volatile,Y2
2026-03-27,0.4034749034749063,1.0811246342394205,ranging,volatile,Y2
2026-03-30,0.20978120978121392,1.020062416406587,ranging,volatile,Y2
2026-03-31,0.7791999999999961,0.8216843979146236,trending,calm,Y2
2026-04-01,0.2896000000000052,0.9249131035637935,ranging,calm,Y2
2026-04-02,0.16241173275394233,0.9219096581604045,ranging,calm,Y2
2026-04-03,0.07007061379685096,1.019241408987519,ranging,volatile,Y2
2026-04-06,0.03150461705593746,1.002236218533942,ranging,volatile,Y2
2026-04-07,0.41888888888888187,0.9757401315789499,ranging,calm,Y2
2026-04-08,0.3401471790678621,0.8820973171478146,ranging,calm,Y2
2026-04-09,0.3411710465652308,0.9977242783566919,ranging,calm,Y2
2026-04-10,0.7342177493138108,0.9413542205081351,trending,calm,Y2
2026-04-13,0.8532423208191088,0.9936820423441857,trending,calm,Y2
2026-04-14,0.9034797017398534,1.0703992440349703,trending,volatile,Y2
2026-04-15,0.8983885407340997,1.0374515368320167,trending,volatile,Y2
2026-04-16,0.8447319778188374,0.8076087830773091,trending,calm,Y2
2026-04-17,0.5037499999999968,0.7697224694554726,trending,calm,Y2
2026-04-20,0.4732865623313652,0.8382684228685177,ranging,calm,Y2
2026-04-21,0.2477140482128002,0.7417773528873437,ranging,calm,Y2
2026-04-22,0.400769230769229,0.7947855340622407,ranging,calm,Y2
2026-04-23,0.6436388508892089,0.8707354705983212,trending,calm,Y2
2026-04-24,0.5327777777777766,0.8536944107977192,trending,calm,Y2
2026-04-27,0.197206244864417,0.7653175632598388,ranging,calm,Y2
2026-04-28,0.5653245686113385,0.7737045081785566,trending,calm,Y2
2026-04-29,0.3176470588235378,0.714548476454299,ranging,calm,Y2
2026-04-30,0.2998932764140821,0.7116396268953671,ranging,calm,Y2
2026-05-01,0.4784353059177457,0.8085367456943797,ranging,calm,Y2
2026-05-04,0.1707692307692235,0.858342444784607,ranging,calm,Y2
2026-05-05,0.22153846153846274,0.8835348467098428,ranging,calm,Y2
2026-05-06,0.13769230769230553,0.8517944859937141,ranging,calm,Y2
2026-05-07,0.4989399293286306,0.9725005517545774,ranging,calm,Y2
2026-05-08,0.03743760399334979,0.8878923766816106,ranging,calm,Y2
2026-05-11,0.31364392678869185,0.8707393812270582,ranging,calm,Y2
2026-05-14,0.3930885529157503,0.7251594861487387,ranging,calm,Y2
2026-05-15,0.46481178396072614,0.7259749074905324,ranging,calm,Y2
2026-05-18,0.7520467836257412,0.7035444814879789,trending,calm,Y2
2026-05-19,0.7095875139353323,0.7297653572370144,trending,calm,Y2
2026-05-20,0.8898531375166936,0.7331736005227657,trending,calm,Y2
2026-05-21,0.6368876080691662,0.772043990368979,trending,calm,Y2
2026-05-26,0.14536928487691775,0.6590510835570035,ranging,calm,Y2
2026-05-27,0.3285340314135812,0.5688468947803003,ranging,calm,Y2
2026-05-28,0.023501762632194778,0.510047226595059,ranging,calm,Y2
2026-05-29,0.4382470119521703,0.5559813279453808,ranging,calm,Y2
2026-06-01,0.15863453815259884,0.6347874720357982,ranging,calm,Y2
2026-06-02,0.13253012048192395,0.7452179478062996,ranging,calm,Y2
2026-06-03,0.031124497991970534,0.786665079176093,ranging,calm,Y2
2026-06-04,0.26204819277107944,0.7938945999951891,ranging,calm,Y2
2026-06-05,0.43201754385963,0.726069418613077,ranging,calm,Y2
2026-06-08,0.9081007488087303,0.9139743466100809,trending,calm,Y2
2026-06-09,0.6201799485861277,0.9162857771368491,trending,calm,Y2
2026-06-10,0.608815426997248,0.9496934328137642,trending,calm,Y2
2026-06-11,0.42424242424242425,0.9691418274645178,ranging,calm,Y2
2026-06-12,0.22453222453221916,1.101680607781443,ranging,volatile,Y2
2026-06-15,0.6109253065774779,0.8216970166602099,trending,calm,Y2
2026-06-16,0.4702430846605295,0.8273664081589284,ranging,calm,Y2
2026-06-17,0.5498742665548954,0.8130098697408207,trending,calm,Y2
2026-06-18,0.23631323631323123,1.1109357740255597,ranging,volatile,Y2
2026-06-19,0.7027501462843793,1.0731197407620299,trending,volatile,Y2
2026-06-22,0.5129711209006398,1.162972213549795,trending,volatile,Y2
2026-06-23,0.805748265609508,1.1874034711133206,trending,volatile,Y2
2026-06-24,0.9386146827042748,1.2636105433599598,trending,volatile,Y2
2026-06-25,0.707412862052039,1.0147788507709543,trending,volatile,Y2
2026-06-26,0.5643818065342674,0.9537324304637538,trending,calm,Y2
2026-06-29,0.5208053691275262,0.9976254635682077,trending,calm,Y2
2026-06-30,0.0436681222707377,0.9896045439931397,ranging,calm,Y2
