date,label,r5,base5,ratio,pre60,r60,r240,first15,cont_after15,tday,day_rng,complete,note,year,rank_in_7
2024-10-04,NFP,65.29999999999924,6.300000000001305,10.365079365077099,10.799999999999699,71.60000000000055,78.19999999999938,-61.899999999999174,1.0,2024-10-04,88.29999999999893,True,,Y1,1.0
2024-11-01,NFP,37.10000000000102,6.300000000001305,5.888888888887831,12.000000000000899,45.600000000001195,58.50000000000133,39.400000000000546,0.0,2024-11-01,74.00000000000072,True,,Y1,1.0
2024-12-06,NFP,46.90000000000083,6.300000000001305,7.444444444443034,10.600000000000609,61.80000000000074,85.69999999999966,33.799999999999386,0.0,2024-12-06,87.50000000000036,True,,Y1,1.0
2025-01-10,NFP,91.9000000000003,6.300000000001305,14.587301587298615,9.200000000000319,91.9000000000003,91.9000000000003,-54.199999999999804,1.0,2025-01-10,99.10000000000085,True,,Y1,1.0
2025-02-07,NFP,63.49999999999856,6.300000000001305,10.079365079362763,10.799999999999699,63.49999999999856,107.50000000000037,-3.5000000000007248,1.0,2025-02-07,107.50000000000037,True,,Y1,1.0
2025-03-07,NFP,40.599999999999525,6.300000000001305,6.444444444443034,19.000000000000128,45.399999999999885,53.19999999999991,11.299999999998533,0.0,2025-03-07,112.70000000000113,True,,Y1,2.0
2025-04-04,NFP,38.000000000000256,6.300000000001305,6.031746031744824,45.89999999999872,82.30000000000182,129.90000000000057,-52.599999999998204,1.0,2025-04-04,183.40000000000023,True,,Y1,1.0
2025-05-02,NFP,29.399999999999427,6.300000000001305,4.666666666665609,23.500000000000743,53.699999999998745,76.79999999999909,-4.20000000000087,0.0,2025-05-02,106.80000000000022,True,,Y1,1.0
2025-06-06,NFP,46.299999999999116,6.300000000001305,7.349206349204687,26.199999999998447,59.699999999998084,59.699999999998084,-7.500000000000284,1.0,2025-06-06,85.69999999999966,True,,Y1,2.0
2025-07-03,NFP,69.50000000000011,6.300000000001305,11.031746031743765,14.199999999999768,69.50000000000011,72.80000000000175,-51.399999999999224,0.0,2025-07-03,93.10000000000151,True,,Y1,1.0
2025-08-01,NFP,120.50000000000115,6.300000000001305,19.12698412698035,22.599999999999287,176.0000000000006,193.90000000000018,135.10000000000133,1.0,2025-08-01,205.4,True,,Y1,1.0
2025-09-05,NFP,51.49999999999988,6.300000000001305,8.174603174601463,25.199999999998557,51.49999999999988,60.79999999999863,36.000000000000476,1.0,2025-09-05,113.19999999999996,True,,Y1,1.0
2025-11-20,NFP,33.29999999999833,6.300000000001305,5.285714285712926,8.799999999999919,42.79999999999839,48.599999999998644,14.399999999998858,1.0,2025-11-20,48.599999999998644,True,,Y2,1.0
2025-12-16,NFP,25.699999999999612,6.300000000001305,4.079365079364173,14.199999999999768,37.799999999998946,47.199999999998354,-5.800000000000249,0.0,2025-12-16,68.99999999999906,True,,Y2,2.0
2026-01-09,NFP,30.400000000001537,6.300000000001305,4.82539682539607,6.199999999998429,35.00000000000058,42.49999999999865,12.700000000001044,0.0,2026-01-09,44.19999999999868,True,,Y2,1.0
2026-02-11,NFP,66.89999999999863,6.300000000001305,10.619047619045203,7.399999999999629,66.89999999999863,66.89999999999863,-33.40000000000121,0.0,2026-02-11,94.09999999999918,True,,Y2,1.0
2026-03-06,NFP,28.900000000000592,6.300000000001305,4.587301587300732,14.700000000000824,47.099999999999916,67.19999999999837,26.100000000000012,1.0,2026-03-06,75.60000000000011,True,,Y2,1.0
2026-04-03,NFP,24.600000000001288,6.300000000001305,3.9047619047613007,5.1000000000001044,24.600000000001288,24.600000000001288,-10.499999999999954,1.0,2026-04-03,38.40000000000065,True,,Y2,1.0
2026-05-08,NFP,21.799999999998487,6.300000000001305,3.4603174603165034,9.600000000000719,22.599999999999287,30.69999999999906,12.800000000001699,0.0,2026-05-08,65.30000000000146,True,,Y2,1.0
2026-06-05,NFP,24.000000000001798,6.300000000001305,3.809523809523306,8.500000000000174,51.500000000002096,112.10000000000164,-27.599999999998737,1.0,2026-06-05,126.29999999999919,True,,Y2,1.0
2024-10-10,US CPI,45.999999999999375,6.300000000001305,7.30158730158569,8.699999999999264,45.999999999999375,45.999999999999375,1.40000000000029,0.0,2024-10-10,54.799999999999294,True,,Y1,1.0
2024-11-13,US CPI,28.399999999999537,6.300000000001305,4.507936507935501,12.399999999999078,34.999999999998366,98.39999999999849,5.800000000000249,0.0,2024-11-13,98.39999999999849,True,,Y1,2.0
2024-12-11,US CPI,30.600000000000627,6.300000000001305,4.857142857141951,16.199999999999548,34.600000000000186,57.10000000000104,19.400000000000528,0.0,2024-12-11,59.10000000000082,True,,Y1,2.0
2025-01-15,US CPI,52.799999999999514,6.300000000001305,8.380952380950568,11.800000000001809,52.799999999999514,95.39999999999881,27.399999999999647,0.0,2025-01-15,95.39999999999881,True,,Y1,3.0
2025-02-12,US CPI,51.300000000000786,6.300000000001305,8.142857142855581,15.400000000000968,51.300000000000786,103.20000000000107,-38.89999999999949,0.0,2025-02-12,113.00000000000087,True,,Y1,2.0
2025-03-12,US CPI,42.40000000000021,6.300000000001305,6.73015873015737,24.399999999999977,55.300000000000345,55.899999999999835,-0.9999999999998899,0.0,2025-03-12,55.899999999999835,True,,Y1,1.0
2025-04-10,US CPI,31.09999999999946,6.300000000001305,4.936507936506829,39.29999999999989,40.70000000000018,138.00000000000034,11.900000000000244,1.0,2025-04-10,298.6999999999984,True,,Y1,1.0
2025-05-13,US CPI,21.500000000000963,6.300000000001305,3.412698412697859,11.900000000000244,39.9000000000016,70.09999999999961,17.400000000000748,1.0,2025-05-13,111.29999999999862,True,,Y1,1.0
2025-06-11,US CPI,46.69999999999952,6.300000000001305,7.412698412696802,11.799999999999589,58.499999999999105,59.499999999999,38.50000000000131,1.0,2025-06-11,94.19999999999983,True,,Y1,1.0
2025-07-15,US CPI,25.100000000000122,6.300000000001305,3.9841269841261786,8.700000000001484,29.69999999999917,90.30000000000094,4.00000000000178,0.0,2025-07-15,99.79999999999878,True,,Y1,1.0
2025-08-12,US CPI,48.09999999999981,6.300000000001305,7.634920634919023,12.100000000001554,53.7999999999994,95.30000000000038,45.499999999998316,1.0,2025-08-12,98.50000000000136,True,,Y1,1.0
2025-09-11,US CPI,59.099999999998595,6.300000000001305,9.380952380950216,27.099999999999902,79.89999999999941,87.09999999999995,23.400000000000087,1.0,2025-09-11,87.09999999999995,True,,Y1,1.0
2025-10-24,US CPI,37.199999999999456,6.300000000001305,5.904761904760596,10.40000000000152,37.199999999999456,37.199999999999456,29.90000000000048,0.0,2025-10-24,48.200000000000465,True,,Y2,1.0
2025-12-18,US CPI,28.300000000001102,6.300000000001305,4.492063492062737,26.799999999997937,34.79999999999927,47.699999999999406,10.900000000000354,0.0,2025-12-18,50.39999999999933,True,,Y2,1.0
2026-01-13,US CPI,25.999999999999357,6.300000000001305,4.12698412698317,16.599999999999948,25.999999999999357,43.59999999999919,14.899999999999913,0.0,2026-01-13,43.59999999999919,True,,Y2,2.0
2026-02-13,US CPI,27.000000000001467,6.300000000001305,4.285714285713631,9.900000000000464,27.000000000001467,37.10000000000102,5.399999999999849,1.0,2026-02-13,37.70000000000051,True,,Y2,2.0
2026-03-11,US CPI,18.599999999999728,6.300000000001305,2.952380952380298,16.899999999999693,28.29999999999888,49.699999999999186,-9.699999999999154,1.0,2026-03-11,84.60000000000133,True,,Y2,2.0
2026-04-10,US CPI,10.399999999999299,6.300000000001305,1.6507936507931977,7.500000000000284,22.100000000000453,26.600000000001067,4.100000000000215,1.0,2026-04-10,61.9000000000014,True,,Y2,1.0
2026-05-12,US CPI,,,,,,,,,,,,no data,Y2,
2026-06-10,US CPI,15.400000000000968,6.300000000001305,2.444444444444092,11.200000000000099,22.200000000001108,38.800000000001056,12.799999999999478,0.0,2026-06-10,40.10000000000069,True,,Y2,2.0
2024-11-07,FOMC,28.099999999999792,3.4000000000000696,8.264705882352711,13.900000000000023,36.50000000000153,42.50000000000087,-10.000000000001119,0.0,2024-11-07,111.79999999999967,True,,Y1,1.0
2024-12-18,FOMC,55.600000000000094,3.4000000000000696,16.35294117647028,18.799999999998818,112.49999999999982,141.8000000000008,-71.39999999999924,1.0,2024-12-18,168.80000000000004,True,,Y1,1.0
2025-01-29,FOMC,23.500000000000743,3.4000000000000696,6.91176470588243,9.500000000000064,40.50000000000109,40.50000000000109,-15.099999999999003,0.0,2025-01-29,61.20000000000125,True,,Y1,1.0
2025-03-19,FOMC,29.90000000000048,3.4000000000000696,8.794117647058785,24.899999999998812,49.79999999999984,49.79999999999984,18.399999999998418,1.0,2025-03-19,86.1999999999985,True,,Y1,1.0
2025-05-07,FOMC,15.700000000000713,3.4000000000000696,4.6176470588236445,14.700000000000824,45.000000000001705,73.30000000000058,16.599999999999948,0.0,2025-05-07,86.29999999999914,True,,Y1,1.0
2025-06-18,FOMC,32.2,3.4000000000000696,9.470588235293924,21.200000000001218,55.19999999999969,68.09999999999982,18.799999999998818,0.0,2025-06-18,69.20000000000037,True,,Y1,1.0
2025-07-30,FOMC,14.100000000001334,3.4000000000000696,4.147058823529719,8.20000000000043,79.09999999999862,102.29999999999961,4.8000000000003595,0.0,2025-07-30,171.69999999999908,True,,Y1,1.0
2025-09-17,FOMC,43.29999999999945,3.4000000000000696,12.735294117646637,8.60000000000083,99.89999999999942,110.89999999999822,41.400000000000325,0.0,2025-09-17,110.89999999999822,True,,Y1,1.0
2025-10-29,FOMC,15.400000000000968,3.4000000000000696,4.529411764706074,13.300000000000534,67.20000000000059,73.80000000000165,-11.900000000000244,1.0,2025-10-29,88.70000000000155,True,,Y2,1.0
2025-12-10,FOMC,25.699999999999612,3.4000000000000696,7.558823529411495,7.399999999999629,34.29999999999822,52.9999999999986,14.100000000001334,1.0,2025-12-10,78.30000000000003,True,,Y2,1.0
2026-01-28,FOMC,37.799999999998946,3.4000000000000696,11.11764705882299,27.900000000000702,46.10000000000003,61.1000000000006,-10.900000000000354,0.0,2026-01-28,149.29999999999887,True,,Y2,1.0
2026-03-18,FOMC,14.300000000000423,3.4000000000000696,4.205882352941215,13.999999999998458,47.900000000000716,75.30000000000037,-2.6999999999999247,1.0,2026-03-18,105.50000000000058,True,,Y2,1.0
2026-04-29,FOMC,14.799999999999258,3.4000000000000696,4.352941176470281,9.200000000000319,29.69999999999917,29.69999999999917,-12.000000000000899,1.0,2026-04-29,59.299999999999905,True,,Y2,1.0
2026-06-17,FOMC,49.10000000000192,3.4000000000000696,14.441176470588504,8.300000000001084,59.70000000000031,117.40000000000083,-50.39999999999933,1.0,2026-06-17,138.79999999999893,True,,Y2,1.0
2024-10-17,ECB,13.699999999998713,4.500000000000615,3.0444444444437426,6.699999999999484,60.2999999999998,62.699999999999974,3.6999999999998145,0.0,2024-10-17,62.699999999999974,True,,Y1,1.0
2024-12-12,ECB,28.500000000000192,4.500000000000615,6.333333333332511,22.300000000001763,32.49999999999975,57.19999999999947,-4.100000000000215,0.0,2024-12-12,67.09999999999994,True,,Y1,1.0
2025-01-30,ECB,5.800000000000249,4.500000000000615,1.2888888888887682,12.499999999999734,65.69999999999965,65.69999999999965,9.80000000000203,0.0,2025-01-30,81.59999999999944,True,,Y1,4.0
2025-03-06,ECB,54.69999999999864,4.500000000000615,12.155555555553592,18.700000000000383,54.69999999999864,62.89999999999907,20.400000000000418,0.0,2025-03-06,87.90000000000074,True,,Y1,1.0
2025-04-17,ECB,17.799999999998928,4.500000000000615,3.9555555555547772,16.799999999999038,42.599999999999305,50.599999999998424,-17.400000000000748,0.0,2025-04-17,74.09999999999917,True,,Y1,1.0
2025-06-05,ECB,21.999999999999797,4.500000000000615,4.888888888888176,13.999999999998458,50.3000000000009,81.90000000000141,7.399999999999629,1.0,2025-06-05,90.30000000000094,True,,Y1,2.0
2025-07-24,ECB,5.1000000000001044,4.500000000000615,1.1333333333332019,13.000000000000789,33.09999999999924,58.400000000000674,-4.60000000000127,0.0,2025-07-24,58.400000000000674,True,,Y1,2.0
2025-09-11,ECB,21.100000000000563,4.500000000000615,4.688888888888374,12.900000000000134,79.89999999999941,87.09999999999995,-3.5999999999991594,0.0,2025-09-11,87.09999999999995,True,,Y1,1.0
2025-10-30,ECB,4.8000000000003595,4.500000000000615,1.066666666666601,48.500000000000206,32.79999999999949,32.79999999999949,13.100000000001444,0.0,2025-10-30,90.39999999999937,True,,Y2,3.0
2025-12-18,ECB,16.799999999999038,4.500000000000615,3.7333333333326095,11.600000000000499,39.89999999999938,46.800000000000175,5.1000000000001044,0.0,2025-12-18,50.39999999999933,True,,Y2,1.0
2026-02-05,ECB,9.900000000000464,4.500000000000615,2.1999999999998026,18.100000000000893,29.90000000000048,40.000000000000036,7.800000000000029,0.0,2026-02-05,46.90000000000083,True,,Y2,2.0
2026-03-19,ECB,17.000000000000348,4.500000000000615,3.7777777777773394,33.49999999999964,58.89999999999951,77.10000000000105,-7.200000000000539,0.0,2026-03-19,173.20000000000002,True,,Y2,1.0
2026-04-30,ECB,15.699999999998493,4.500000000000615,3.4888888888880776,21.599999999999397,20.299999999999763,54.100000000001366,-4.500000000000615,0.0,2026-04-30,86.50000000000045,True,,Y2,1.0
2026-06-11,ECB,7.199999999998319,4.500000000000615,1.599999999999408,9.099999999999664,27.099999999999902,35.29999999999811,-6.800000000000139,1.0,2026-06-11,86.80000000000021,True,,Y2,1.0
2024-10-17,ECB press conf,8.099999999999774,5.5000000000005045,1.4727272727270966,40.29999999999978,38.10000000000091,38.10000000000091,0.0,0.0,2024-10-17,62.699999999999974,True,,Y1,1.0
2024-12-12,ECB press conf,7.699999999999374,5.5000000000005045,1.3999999999997577,33.70000000000095,34.30000000000044,57.19999999999947,-10.099999999999554,0.0,2024-12-12,67.09999999999994,True,,Y1,2.0
2025-01-30,ECB press conf,10.999999999998789,5.5000000000005045,1.9999999999995963,20.899999999999253,53.099999999999255,58.400000000000674,41.59999999999941,0.0,2025-01-30,81.59999999999944,True,,Y1,1.0
2025-03-06,ECB press conf,15.000000000000568,5.5000000000005045,2.7272727272725805,57.19999999999947,29.799999999999827,56.30000000000024,5.999999999999339,0.0,2025-03-06,87.90000000000074,True,,Y1,2.0
2025-04-17,ECB press conf,10.299999999998644,5.5000000000005045,1.8727272727268542,33.09999999999924,38.3,47.20000000000057,1.2999999999996348,1.0,2025-04-17,74.09999999999917,True,,Y1,3.0
2025-06-05,ECB press conf,11.999999999998678,5.5000000000005045,2.1818181818177416,35.60000000000007,76.70000000000066,76.70000000000066,-12.199999999999989,0.0,2025-06-05,90.30000000000094,True,,Y1,1.0
2025-07-24,ECB press conf,6.899999999998574,5.5000000000005045,1.2545454545450803,26.399999999999757,42.9999999999997,58.400000000000674,-1.500000000000945,0.0,2025-07-24,58.400000000000674,True,,Y1,3.0
2025-09-11,ECB press conf,15.500000000001624,5.5000000000005045,2.8181818181818548,61.899999999999174,46.69999999999952,53.900000000000055,9.899999999998244,1.0,2025-09-11,87.09999999999995,True,,Y1,1.0
2025-10-30,ECB press conf,8.40000000000174,5.5000000000005045,1.5272727272729034,29.599999999998516,19.299999999999873,26.89999999999859,4.199999999998649,0.0,2025-10-30,90.39999999999937,True,,Y2,1.0
2025-12-18,ECB press conf,9.699999999999154,5.5000000000005045,1.763636363636048,43.400000000000105,29.29999999999877,47.699999999999406,7.500000000000284,0.0,2025-12-18,50.39999999999933,True,,Y2,2.0
2026-02-05,ECB press conf,3.1000000000003247,5.5000000000005045,0.5636363636363709,21.999999999999797,20.899999999999253,40.000000000000036,6.599999999998829,0.0,2026-02-05,46.90000000000083,True,,Y2,7.0
2026-03-19,ECB press conf,14.199999999999768,5.5000000000005045,2.5818181818179027,35.09999999999902,50.09999999999959,83.5000000000008,35.80000000000138,1.0,2026-03-19,173.20000000000002,True,,Y2,1.0
2026-04-30,ECB press conf,10.499999999999954,5.5000000000005045,1.9090909090907255,29.50000000000008,19.100000000000783,54.100000000001366,2.6999999999999247,1.0,2026-04-30,86.50000000000045,True,,Y2,1.0
2026-06-11,ECB press conf,10.700000000001264,5.5000000000005045,1.9454545454545968,23.900000000001143,25.999999999999357,36.30000000000022,9.099999999999664,0.0,2026-06-11,86.80000000000021,True,,Y2,1.0
2024-10-31,EZ flash CPI,4.699999999999704,4.3999999999999595,1.0681818181817608,13.099999999999223,10.700000000001264,32.2,3.6999999999998145,0.0,2024-10-31,43.999999999999595,True,,Y1,1.0
2024-11-29,EZ flash CPI,5.1000000000001044,4.3999999999999595,1.1590909090909436,29.69999999999917,16.80000000000126,25.200000000000777,6.500000000000394,0.0,2024-11-29,55.699999999998525,True,,Y1,4.0
2025-01-07,EZ flash CPI,10.799999999999699,4.3999999999999595,2.454545454545409,10.200000000000209,17.700000000000493,47.70000000000163,0.10000000000065512,0.0,2025-01-07,94.89999999999998,True,,Y1,1.0
2025-02-03,EZ flash CPI,4.500000000000615,4.3999999999999595,1.022727272727422,28.799999999999937,14.400000000001079,57.59999999999987,9.300000000000974,1.0,2025-02-03,139.3999999999984,True,,Y1,4.0
2025-03-03,EZ flash CPI,11.700000000001154,4.3999999999999595,2.6590909090911956,27.600000000000957,17.100000000001003,49.20000000000035,10.000000000001119,1.0,2025-03-03,115.3000000000004,True,,Y1,1.0
2025-04-01,EZ flash CPI,9.399999999999409,4.3999999999999595,2.1363636363635217,17.499999999999183,14.600000000000168,50.90000000000039,6.500000000000394,0.0,2025-04-01,51.699999999998965,True,,Y1,2.0
2025-05-02,EZ flash CPI,5.9000000000009045,4.3999999999999595,1.3409090909093089,18.699999999998163,29.69999999999917,50.99999999999882,-4.299999999999304,1.0,2025-05-02,106.80000000000022,True,,Y1,4.0
2025-06-03,EZ flash CPI,9.399999999999409,4.3999999999999595,2.1363636363635217,13.099999999999223,16.399999999998638,40.89999999999927,0.9999999999998899,0.0,2025-06-03,90.50000000000001,True,,Y1,1.0
2025-07-01,EZ flash CPI,4.300000000001525,4.3999999999999595,0.9772727272730828,42.90000000000127,33.199999999999896,33.199999999999896,-1.8999999999991246,0.0,2025-07-01,68.69999999999932,True,,Y1,4.0
2025-08-01,EZ flash CPI,3.8000000000004697,4.3999999999999595,0.8636363636364783,15.199999999999658,19.600000000001838,166.8999999999987,3.6999999999998145,1.0,2025-08-01,205.4,True,,Y1,7.0
2025-09-02,EZ flash CPI,5.1000000000001044,4.3999999999999595,1.1590909090909436,21.900000000001363,24.399999999999977,40.40000000000043,-6.699999999999484,1.0,2025-09-02,105.29999999999927,True,,Y1,3.0
2025-10-01,EZ flash CPI,4.699999999999704,4.3999999999999595,1.0681818181817608,16.700000000000603,23.400000000000087,53.099999999999255,1.9999999999997797,0.0,2025-10-01,63.10000000000038,True,,Y2,4.0
2025-10-31,EZ flash CPI,4.999999999999449,4.3999999999999595,1.1363636363635217,11.300000000000754,8.699999999999264,45.999999999999375,-2.80000000000058,1.0,2025-10-31,56.100000000001145,True,,Y2,3.0
2025-12-02,EZ flash CPI,6.300000000001305,4.3999999999999595,1.4318181818184914,11.600000000000499,13.800000000001589,21.100000000000563,-3.5999999999991594,0.0,2025-12-02,34.79999999999927,True,,Y2,1.0
2026-01-07,EZ flash CPI,5.999999999999339,4.3999999999999595,1.363636363636226,5.699999999999594,10.699999999999044,13.600000000000279,4.100000000000215,1.0,2026-01-07,29.69999999999917,True,,Y2,1.0
2026-02-04,EZ flash CPI,4.500000000000615,4.3999999999999595,1.022727272727422,21.599999999999397,13.199999999999878,22.199999999998887,-1.500000000000945,0.0,2026-02-04,47.59999999999875,True,,Y2,3.0
2026-03-03,EZ flash CPI,9.00000000000123,4.3999999999999595,2.045454545454844,30.69999999999906,23.599999999999177,33.49999999999964,-3.6999999999998145,1.0,2026-03-03,176.70000000000073,True,,Y2,1.0
2026-03-31,EZ flash CPI,5.999999999999339,4.3999999999999595,1.363636363636226,11.499999999999844,11.399999999999189,52.30000000000068,1.7000000000000348,1.0,2026-03-31,116.30000000000028,True,,Y2,2.0
2026-04-30,EZ flash CPI,3.9999999999995595,4.3999999999999595,0.9090909090908174,23.100000000000342,24.100000000000232,46.200000000000685,0.7999999999985796,1.0,2026-04-30,86.50000000000045,True,,Y2,4.0
2026-06-02,EZ flash CPI,3.60000000000138,4.3999999999999595,0.8181818181821393,10.600000000000609,4.8000000000003595,17.300000000000093,-2.2999999999995246,0.0,2026-06-02,42.10000000000047,True,,Y2,6.0
2024-10-24,EZ flash PMI,9.300000000000974,4.899999999999904,1.8979591836737053,28.100000000002012,12.600000000000389,16.00000000000046,3.900000000001125,0.0,2024-10-24,59.200000000001474,True,,Y1,1.0
2024-11-22,EZ flash PMI,12.000000000000899,4.899999999999904,2.4489795918369657,57.099999999998815,111.60000000000058,111.60000000000058,-103.90000000000121,0.0,2024-11-22,165.59999999999908,True,,Y1,3.0
2024-12-16,EZ flash PMI,7.299999999998974,4.899999999999904,1.4897959183671665,24.500000000000632,17.500000000001403,37.70000000000051,9.40000000000163,0.0,2024-12-16,50.200000000000244,True,,Y1,3.0
2025-01-24,EZ flash PMI,8.999999999999009,4.899999999999904,1.8367346938773845,37.4999999999992,24.300000000001543,41.80000000000072,2.4000000000001798,0.0,2025-01-24,109.7999999999999,True,,Y1,4.0
2025-02-21,EZ flash PMI,5.899999999998684,4.899999999999904,1.204081632652816,26.200000000000667,14.499999999999513,21.800000000000708,-3.2999999999994145,1.0,2025-02-21,56.199999999999584,True,,Y1,2.0
2025-03-24,EZ flash PMI,8.799999999999919,4.899999999999904,1.7959183673469572,20.800000000000818,16.700000000000603,33.199999999999896,-7.099999999999884,1.0,2025-03-24,76.6,True,,Y1,2.0
2025-04-23,EZ flash PMI,10.300000000000864,4.899999999999904,2.102040816326748,30.300000000000882,35.49999999999942,60.2999999999998,-1.2000000000012,0.0,2025-04-23,132.2000000000001,True,,Y1,3.0
2025-05-22,EZ flash PMI,12.400000000001299,4.899999999999904,2.5306122448982737,29.300000000000992,33.39999999999898,44.50000000000065,11.399999999999189,0.0,2025-05-22,88.99999999999908,True,,Y1,1.0
2025-06-23,EZ flash PMI,6.399999999999739,4.899999999999904,1.3061224489795642,25.500000000000522,21.700000000000053,48.60000000000086,-3.60000000000138,1.0,2025-06-23,128.09999999999988,True,,Y1,5.0
2025-07-24,EZ flash PMI,2.500000000000835,4.900000000001015,0.5102040816327178,14.300000000000423,12.499999999999734,24.599999999999067,1.40000000000029,0.0,2025-07-24,58.400000000000674,True,,Y1,7.0
2025-08-21,EZ flash PMI,5.299999999999194,4.899999999999904,1.0816326530610811,36.40000000000087,9.399999999999409,23.200000000000998,-5.399999999999849,1.0,2025-08-21,61.60000000000165,True,,Y1,3.0
2025-09-23,EZ flash PMI,5.800000000000249,4.899999999999904,1.183673469387829,20.999999999999908,21.599999999999397,28.600000000000847,-4.3999999999999595,0.0,2025-09-23,41.20000000000123,True,,Y1,6.0
2025-10-24,EZ flash PMI,5.899999999998684,4.899999999999904,1.204081632652816,26.100000000000012,17.399999999998528,18.599999999999728,-4.8000000000003595,0.0,2025-10-24,48.200000000000465,True,,Y2,1.0
2025-11-21,EZ flash PMI,4.3999999999999595,4.900000000001015,0.8979591836732752,18.500000000001293,17.799999999998928,46.19999999999846,-4.60000000000127,1.0,2025-11-21,61.500000000000995,True,,Y2,5.0
2025-12-16,EZ flash PMI,2.900000000001235,4.900000000001015,0.591836734694007,17.500000000001403,11.999999999998678,28.29999999999888,2.100000000000435,1.0,2025-12-16,68.99999999999906,True,,Y2,7.0
2026-01-23,EZ flash PMI,4.299999999999304,4.900000000001015,0.8775510204078396,16.899999999999693,10.000000000001119,14.899999999999913,-1.5999999999993797,0.0,2026-01-23,105.29999999999927,True,,Y2,4.0
2026-02-20,EZ flash PMI,4.20000000000087,4.900000000001015,0.8571428571428571,20.299999999999763,9.700000000001374,13.499999999999623,3.9999999999995595,1.0,2026-02-20,64.1999999999987,True,,Y2,2.0
2026-03-24,EZ flash PMI,6.599999999998829,4.899999999999904,1.3469387755099913,27.599999999998737,18.20000000000155,21.800000000000708,-5.800000000000249,0.0,2026-03-24,71.29999999999859,True,,Y2,4.0
2026-04-23,EZ flash PMI,3.300000000001635,4.900000000001015,0.6734693877552963,16.40000000000086,8.900000000000574,26.200000000000667,-0.5999999999994898,1.0,2026-04-23,47.300000000001226,True,,Y2,7.0
2026-05-21,EZ flash PMI,6.6000000000010495,4.899999999999904,1.3469387755104445,26.999999999999247,29.200000000000337,39.59999999999963,18.700000000000383,0.0,2026-05-21,59.00000000000016,True,,Y2,1.0
2026-06-23,EZ flash PMI,7.599999999998719,4.899999999999904,1.551020408163034,29.399999999999427,12.799999999999478,33.199999999999896,1.7000000000000348,0.0,2026-06-23,63.49999999999856,True,,Y2,2.0
2024-10-24,DE flash PMI,25.200000000000777,4.700000000000815,5.361702127658811,18.700000000000383,32.30000000000066,35.60000000000007,23.400000000000087,0.0,2024-10-24,59.200000000001474,True,,Y1,1.0
2024-11-22,DE flash PMI,20.000000000000018,4.700000000000815,4.2553191489354365,31.799999999999606,153.6000000000004,153.6000000000004,-6.199999999998429,1.0,2024-11-22,165.59999999999908,True,,Y1,1.0
2024-12-16,DE flash PMI,16.199999999999548,4.700000000000815,3.4468085106376045,19.599999999999618,18.100000000000893,41.400000000000325,3.4000000000000696,0.0,2024-12-16,50.200000000000244,True,,Y1,1.0
2025-01-24,DE flash PMI,13.700000000000934,4.700000000000815,2.91489361702097,41.70000000000007,35.50000000000164,37.10000000000102,10.099999999999554,0.0,2025-01-24,109.7999999999999,True,,Y1,1.0
2025-02-21,DE flash PMI,12.499999999999734,4.700000000000815,2.6595744680845885,31.70000000000117,17.699999999998273,27.69999999999939,10.699999999999044,0.0,2025-02-21,56.199999999999584,True,,Y1,1.0
2025-03-24,DE flash PMI,13.499999999999623,4.700000000000815,2.8723404255313367,24.999999999999467,25.500000000000522,33.199999999999896,-7.200000000000539,1.0,2025-03-24,76.6,True,,Y1,1.0
2025-04-23,DE flash PMI,16.300000000000203,4.700000000000815,3.468085106382421,30.300000000000882,29.09999999999968,60.2999999999998,-9.300000000000974,0.0,2025-04-23,132.2000000000001,True,,Y1,1.0
2025-05-22,DE flash PMI,25.200000000000777,4.700000000000815,5.361702127658811,24.599999999999067,39.400000000000546,44.50000000000065,-8.099999999999774,1.0,2025-05-22,88.99999999999908,True,,Y1,1.0
2025-06-23,DE flash PMI,9.900000000000464,4.700000000000815,2.106382978723138,25.500000000000522,14.799999999999258,52.499999999999766,-0.2999999999997449,1.0,2025-06-23,128.09999999999988,True,,Y1,3.0
2025-07-24,DE flash PMI,4.3999999999999595,4.700000000001925,0.9361702127655654,14.300000000000423,10.300000000000864,24.599999999999067,-4.700000000001925,1.0,2025-07-24,58.400000000000674,True,,Y1,5.0
2025-08-21,DE flash PMI,10.300000000000864,4.700000000000815,2.1914893617019318,18.700000000000383,18.20000000000155,19.500000000001183,12.000000000000899,0.0,2025-08-21,61.60000000000165,True,,Y1,1.0
2025-09-23,DE flash PMI,14.099999999999113,4.700000000000815,2.9999999999992912,25.699999999999612,15.899999999999803,28.600000000000847,2.500000000000835,1.0,2025-09-23,41.20000000000123,True,,Y1,1.0
2025-10-24,DE flash PMI,21.099999999998342,4.700000000000815,4.489361702126529,15.000000000000568,21.499999999998742,22.699999999999942,14.099999999999113,0.0,2025-10-24,48.200000000000465,True,,Y2,1.0
2025-11-21,DE flash PMI,9.399999999999409,4.700000000000815,1.9999999999995275,18.500000000001293,17.099999999998783,53.699999999998745,-1.100000000000545,1.0,2025-11-21,61.500000000000995,True,,Y2,1.0
2025-12-16,DE flash PMI,4.3999999999999595,4.700000000001925,0.9361702127655654,16.500000000001513,10.700000000001264,23.300000000001653,-7.999999999999119,0.0,2025-12-16,68.99999999999906,True,,Y2,4.0
2026-01-23,DE flash PMI,5.800000000000249,4.700000000000815,1.2340425531913286,19.000000000000128,13.400000000001189,15.199999999999658,13.200000000002099,0.0,2026-01-23,105.29999999999927,True,,Y2,4.0
2026-02-20,DE flash PMI,8.300000000001084,4.700000000000815,1.7659574468084354,19.299999999999873,12.799999999999478,14.099999999999113,1.3999999999980695,1.0,2026-02-20,64.1999999999987,True,,Y2,1.0
2026-03-24,DE flash PMI,4.3999999999999595,4.700000000001925,0.9361702127655654,18.599999999999728,20.000000000000018,21.800000000000708,3.1999999999987594,0.0,2026-03-24,71.29999999999859,True,,Y2,6.0
2026-04-23,DE flash PMI,7.099999999999884,4.700000000000815,1.510638297872054,11.600000000000499,9.799999999999809,25.999999999999357,-4.8000000000003595,1.0,2026-04-23,47.300000000001226,True,,Y2,1.0
2026-05-21,DE flash PMI,5.299999999999194,4.700000000000815,1.1276595744677183,31.999999999998696,38.599999999999746,38.599999999999746,5.9000000000009045,1.0,2026-05-21,59.00000000000016,True,,Y2,2.0
2026-06-23,DE flash PMI,13.299999999998313,4.700000000000815,2.829787234041704,19.599999999999618,32.59999999999818,42.1999999999989,-21.599999999999397,1.0,2026-06-23,63.49999999999856,True,,Y2,1.0
