tday,ah_taken_ldn,al_taken_ldn,ah_taken_day,al_taken_day,pdh_taken,pdl_taken,pdh_close_back,pdl_close_back,first_break_side,first_break_ldn_min,ext_before_mid,ret_mid,ret_opp,max_ext_day,close_beyond,ldn_move,ny_move,h1,rest,ldn_open_revisit_after10
2025-10-02,True,False,True,True,False,True,False,False,high,422,16.499999999999293,True,True,16.499999999999293,False,7.500000000000284,-34.79999999999927,7.099999999999884,-34.399999999998876,True
2025-10-03,True,False,True,False,True,False,True,False,high,514,29.90000000000048,False,False,29.90000000000048,True,13.400000000001189,4.3999999999999595,11.600000000000499,6.200000000000649,True
2025-10-06,False,True,False,True,False,True,False,False,low,432,54.400000000001114,True,False,54.400000000001114,False,-18.499999999999073,35.30000000000033,-30.999999999998806,47.80000000000006,True
2025-10-07,False,True,False,True,False,True,False,True,low,421,39.89999999999938,False,False,39.89999999999938,True,-24.099999999998012,-6.00000000000156,-10.299999999998644,-19.800000000000928,False
2025-10-08,False,True,False,True,False,True,False,False,low,433,5.999999999999339,True,False,13.600000000000279,False,9.40000000000163,1.40000000000029,14.500000000001734,-3.6999999999998145,True
2025-10-09,False,True,False,True,False,True,False,False,low,434,86.00000000000162,False,False,86.00000000000162,True,-3.6999999999998145,-48.39999999999955,-4.8000000000003595,-47.29999999999901,True
2025-10-10,True,False,True,False,False,False,False,False,high,536,11.699999999998933,True,False,52.69999999999886,True,-9.200000000000319,53.999999999998494,7.699999999999374,37.0999999999988,True
2025-10-13,True,True,True,True,False,False,False,False,high,439,2.20000000000109,True,True,2.20000000000109,False,-45.399999999999885,0.5000000000010552,-14.300000000000423,-30.599999999998406,True
2025-10-14,False,True,True,True,False,True,False,True,low,517,12.599999999998168,True,True,12.599999999998168,False,-17.899999999999583,53.900000000000055,-20.499999999998852,56.499999999999325,True
2025-10-15,True,False,True,False,True,False,False,False,high,431,18.599999999999728,True,False,20.899999999999253,True,-14.000000000000679,26.500000000000412,1.40000000000029,11.099999999999444,True
2025-10-16,False,False,True,False,True,False,False,False,high,951,18.700000000000383,False,False,18.700000000000383,True,0.1999999999990898,32.70000000000106,-2.100000000000435,35.00000000000058,True
2025-10-17,False,True,False,True,True,False,True,False,low,595,43.20000000000101,False,False,43.20000000000101,True,-25.399999999999867,-34.000000000000696,1.100000000000545,-60.50000000000111,False
2025-10-20,False,True,False,True,False,True,False,False,low,486,0.7999999999985796,True,False,16.099999999998893,True,-1.8999999999991246,-15.300000000000313,3.9999999999995595,-21.199999999998997,True
2025-10-21,False,True,False,True,False,True,False,False,low,422,26.699999999999502,False,False,26.699999999999502,True,-19.099999999998563,-13.400000000001189,-6.800000000000139,-25.699999999999612,False
2025-10-22,False,True,True,True,False,True,False,True,low,541,21.999999999999797,True,True,21.999999999999797,False,-27.099999999999902,27.600000000000957,-8.899999999998354,9.399999999999409,True
2025-10-23,False,True,True,True,False,False,False,False,low,461,0.10000000000065512,True,True,5.299999999999194,False,-7.200000000000539,30.800000000001937,5.5000000000005045,18.100000000000893,True
2025-10-24,True,True,True,True,True,False,False,False,low,434,0.8000000000008001,True,True,0.8000000000008001,False,1.80000000000069,11.499999999999844,4.60000000000127,8.699999999999264,True
2025-10-27,False,True,True,True,True,False,True,False,low,475,3.1000000000003247,True,True,3.1000000000003247,False,26.299999999999102,-1.9999999999997797,8.299999999998864,16.00000000000046,False
2025-10-28,False,True,True,True,True,False,True,False,low,548,1.100000000000545,True,True,20.700000000000163,False,4.300000000001525,-8.700000000001484,-2.9999999999996696,-1.40000000000029,True
2025-10-29,False,True,True,True,False,True,False,False,low,538,6.299999999999084,True,True,47.50000000000032,True,7.399999999999629,-39.199999999999235,-9.200000000000319,-22.599999999999287,True
2025-10-30,False,True,False,True,False,True,False,False,low,717,49.699999999999186,False,False,49.699999999999186,True,-20.700000000000163,-33.799999999999386,-2.100000000000435,-52.39999999999911,True
2025-10-31,False,True,False,True,False,True,False,False,low,422,5.699999999999594,True,False,39.1000000000008,True,1.80000000000069,-30.799999999999716,5.60000000000116,-34.600000000000186,True
2025-11-03,False,True,False,True,False,True,False,False,low,514,16.499999999999293,True,False,16.499999999999293,True,-22.899999999999032,2.6999999999999247,-26.600000000001067,6.40000000000196,False
2025-11-04,True,True,True,True,False,True,False,False,high,427,6.900000000000794,True,True,6.900000000000794,False,-37.70000000000051,-7.399999999999629,-13.000000000000789,-32.09999999999935,False
2025-11-05,False,True,False,True,False,True,False,True,low,603,3.8999999999989043,True,False,10.999999999998789,False,3.8999999999989043,0.8000000000008001,1.4999999999987246,3.20000000000098,True
2025-11-06,True,False,True,False,True,False,False,False,high,485,38.49999999999909,False,False,38.49999999999909,True,22.600000000001508,15.799999999999148,12.600000000000389,25.800000000000267,False
2025-11-07,True,False,True,False,True,False,False,False,high,647,42.10000000000047,False,False,42.10000000000047,True,23.399999999997867,9.700000000001374,2.2999999999995246,30.799999999999716,False
2025-11-10,True,False,True,True,False,False,False,False,high,454,16.40000000000086,True,True,16.40000000000086,False,0.700000000000145,-11.399999999999189,4.8000000000003595,-15.499999999999403,True
2025-11-11,True,False,True,False,True,False,True,False,high,503,3.1999999999987594,True,False,40.70000000000018,True,10.499999999999954,11.499999999999844,-5.399999999999849,27.399999999999647,True
2025-11-12,True,True,True,True,False,False,False,False,high,425,1.5999999999993797,True,True,11.099999999999444,True,-7.099999999999884,16.599999999999948,-6.299999999999084,15.799999999999148,True
2025-11-13,True,False,True,False,True,False,False,False,high,449,63.099999999998154,False,False,63.099999999998154,True,11.600000000000499,9.500000000000064,16.40000000000086,4.699999999999704,True
2025-11-14,False,True,True,True,False,False,False,False,low,485,18.100000000000893,True,True,20.899999999999253,True,19.700000000000273,-35.199999999999676,-3.5000000000007248,-11.999999999998678,True
2025-11-17,True,True,True,True,False,True,False,False,high,470,0.1999999999990898,True,True,0.1999999999990898,False,-14.499999999999513,-7.500000000000284,-10.299999999998644,-11.700000000001154,True
2025-11-18,True,True,True,True,False,True,False,False,high,486,2.5999999999992696,True,True,3.9999999999995595,False,1.0999999999983245,-11.600000000000499,0.8999999999992347,-11.400000000001409,True
2025-11-19,True,True,True,True,False,True,False,False,high,452,5.60000000000116,True,True,5.60000000000116,False,-3.2999999999994145,-41.199999999999015,-7.999999999999119,-36.49999999999931,True
2025-11-20,False,False,True,True,False,True,False,True,low,771,3.1000000000003247,True,True,8.799999999999919,False,-8.900000000000574,16.700000000000603,1.0999999999983245,6.700000000001705,True
2025-11-21,True,True,True,True,True,True,True,True,high,430,1.2000000000012,True,True,5.9000000000009045,False,-16.700000000000603,-8.999999999999009,-0.5999999999994898,-25.100000000000122,False
2025-11-24,True,False,True,False,False,False,False,False,high,493,22.200000000001108,True,False,22.200000000001108,False,35.30000000000033,-26.800000000000157,15.700000000000713,-7.200000000000539,True
2025-11-25,True,False,True,False,True,False,False,False,high,456,0.09999999999843467,True,False,55.79999999999918,True,21.900000000001363,24.999999999999467,5.9000000000009045,40.99999999999992,True
2025-11-26,False,False,True,True,True,False,False,False,low,815,5.800000000000249,True,True,16.199999999999548,False,-7.0000000000014495,22.300000000001763,-7.300000000001194,22.600000000001508,True
2025-11-27,False,True,False,True,True,False,True,False,low,428,14.700000000000824,False,False,14.700000000000824,False,-8.999999999999009,11.999999999998678,0.700000000000145,2.2999999999995246,True
2025-11-28,False,True,True,True,False,True,False,True,low,477,24.999999999999467,True,True,24.999999999999467,False,-13.699999999998713,31.599999999998296,-9.900000000000464,27.800000000000047,True
2025-12-01,True,False,True,False,True,False,False,False,high,494,36.399999999998656,False,False,36.399999999998656,False,42.099999999998246,-39.59999999999963,6.699999999999484,-4.20000000000087,True
2025-12-02,True,True,True,True,False,False,False,False,high,434,2.20000000000109,True,True,11.799999999999589,True,5.20000000000076,5.60000000000116,-1.9999999999997797,12.800000000001699,True
2025-12-03,True,False,True,False,True,False,False,False,high,421,4.899999999998794,True,False,29.799999999999827,True,21.599999999999397,7.800000000000029,2.6999999999999247,26.699999999999502,False
2025-12-04,True,False,True,True,True,False,True,False,high,487,14.600000000000168,True,True,14.600000000000168,False,4.8000000000003595,-25.999999999999357,11.399999999999189,-32.59999999999818,True
2025-12-05,True,True,True,True,False,True,False,False,high,428,10.300000000000864,True,True,10.300000000000864,False,-10.899999999998133,-13.300000000000534,-9.499999999997844,-14.700000000000824,False
2025-12-08,False,False,False,True,True,True,True,True,low,893,23.100000000000342,False,False,23.100000000000342,True,-4.8000000000003595,-16.40000000000086,-2.2999999999995246,-18.900000000001693,False
2025-12-09,True,True,True,True,False,True,False,True,low,487,2.4000000000001798,True,True,20.900000000001473,True,-2.4000000000001798,-10.200000000000209,4.899999999998794,-17.499999999999183,True
2025-12-10,True,False,True,False,True,False,False,False,high,420,22.199999999998887,True,False,64.29999999999936,True,-8.999999999999009,55.600000000000094,4.299999999999304,42.30000000000178,True
2025-12-11,True,False,True,False,True,False,False,False,high,657,55.49999999999944,False,False,55.49999999999944,True,23.400000000000087,20.700000000000163,3.60000000000138,40.49999999999887,True
2025-12-12,False,True,True,True,False,False,False,False,low,538,11.499999999999844,True,True,11.499999999999844,False,-12.699999999998823,14.599999999997948,-9.799999999999809,11.699999999998933,True
2025-12-15,True,True,True,True,True,False,False,False,low,477,1.900000000001345,True,True,1.900000000001345,False,24.599999999999067,-0.7999999999985796,2.6999999999999247,21.100000000000563,True
2025-12-16,True,True,True,True,True,False,True,False,low,429,2.100000000000435,True,True,11.300000000000754,False,25.399999999999867,-31.399999999999206,1.5999999999993797,-7.599999999998719,True
2025-12-17,False,True,True,True,False,True,False,True,low,420,3.20000000000098,True,True,3.20000000000098,False,13.799999999999368,13.499999999999623,5.299999999999194,21.999999999999797,True
2025-12-18,True,True,True,True,True,False,True,False,high,423,2.4000000000001798,True,True,15.499999999999403,False,-19.799999999998708,7.899999999998464,-1.5999999999993797,-10.300000000000864,True
2025-12-19,False,True,True,True,False,True,False,False,low,445,9.600000000000719,True,True,9.600000000000719,True,2.4000000000001798,0.1999999999990898,4.599999999999049,-1.9999999999997797,True
2025-12-22,True,False,True,False,True,False,False,False,high,454,47.20000000000057,False,False,47.20000000000057,True,13.000000000000789,19.400000000000528,7.0000000000014495,25.399999999999867,True
2025-12-23,True,False,True,False,True,False,False,False,high,477,21.800000000000708,True,False,21.800000000000708,True,11.200000000000099,4.500000000000615,6.099999999999994,9.600000000000719,True
2025-12-24,False,True,False,True,True,False,True,False,low,486,5.999999999999339,True,False,13.099999999999223,True,-4.699999999999704,-6.200000000000649,10.399999999999299,-21.299999999999653,True
2025-12-29,True,False,True,True,False,True,False,True,high,530,2.80000000000058,True,True,2.80000000000058,False,-15.299999999998093,10.199999999997988,7.099999999999884,-12.199999999999989,True
2025-12-30,False,True,False,True,False,True,False,False,low,441,3.5999999999991594,True,False,26.399999999999757,True,-8.900000000000574,-13.900000000000023,-3.20000000000098,-19.599999999999618,True
2025-12-31,False,True,True,True,False,True,False,True,low,437,13.099999999999223,True,True,13.099999999999223,False,18.100000000000893,-9.600000000000719,-14.199999999999768,22.699999999999942,True
2026-01-02,False,True,False,True,True,True,True,False,low,450,28.099999999999792,True,False,28.099999999999792,True,-10.900000000000354,-3.5999999999991594,-5.9000000000009045,-8.599999999998609,True
2026-01-05,False,False,True,True,False,True,False,True,low,776,13.300000000000534,True,True,13.300000000000534,False,-15.200000000001879,50.200000000000244,-3.1000000000003247,38.09999999999869,True
2026-01-06,True,True,True,True,True,False,True,False,high,421,4.599999999999049,True,True,4.599999999999049,False,-27.69999999999939,-12.600000000000389,-0.5999999999994898,-39.70000000000029,False
2026-01-07,False,True,False,True,False,True,False,False,low,455,12.299999999998423,True,False,12.299999999998423,True,5.1000000000001044,-14.400000000001079,3.1000000000003247,-12.400000000001299,True
2026-01-08,False,True,False,True,False,True,False,False,low,504,3.6999999999998145,True,False,29.90000000000048,True,-4.60000000000127,-14.300000000000423,-7.0000000000014495,-11.900000000000244,True
2026-01-09,False,True,True,True,False,True,False,False,low,422,5.999999999999339,True,True,27.999999999999137,True,-9.599999999998499,-11.400000000001409,-1.8999999999991246,-19.100000000000783,True
2026-01-12,True,False,True,False,True,False,False,False,high,425,25.500000000000522,False,False,25.500000000000522,False,-3.4999999999985043,-14.899999999999913,3.20000000000098,-21.599999999999397,True
2026-01-13,True,False,True,True,False,False,False,False,high,490,1.0999999999983245,True,True,10.199999999997988,False,-8.900000000000574,-13.199999999999878,4.899999999998794,-26.999999999999247,True
2026-01-14,True,False,True,True,False,False,False,False,high,423,1.8999999999991246,True,True,11.499999999999844,False,13.600000000000279,-16.099999999998893,1.3000000000018552,-3.8000000000004697,True
2026-01-15,False,True,False,True,False,True,False,False,low,442,3.8999999999989043,True,False,36.79999999999905,True,-6.099999999999994,-14.800000000001479,1.9999999999997797,-22.900000000001253,True
2026-01-16,True,False,True,True,False,True,False,True,high,465,0.5999999999994898,True,True,13.199999999999878,False,6.899999999998574,-23.999999999999577,-3.1000000000003247,-14.000000000000679,True
2026-01-19,True,False,True,False,True,True,False,True,high,432,3.4000000000000696,True,False,10.900000000000354,True,-0.2999999999997449,19.499999999998963,-0.9999999999998899,20.199999999999108,True
2026-01-20,True,False,True,False,True,False,False,False,high,442,96.49999999999936,False,False,96.49999999999936,True,37.10000000000102,-1.5999999999993797,27.600000000000957,7.900000000000684,False
2026-01-21,False,True,True,True,False,False,False,False,low,459,9.200000000000319,True,True,34.10000000000135,True,18.199999999999328,-52.299999999998455,-6.699999999999484,-27.399999999999647,True
2026-01-22,True,False,True,False,True,True,False,True,high,564,59.099999999998595,False,False,59.099999999998595,True,13.399999999998968,50.60000000000064,-1.2000000000012,65.20000000000081,True
2026-01-23,False,True,True,True,True,False,False,False,low,422,13.099999999999223,True,True,13.099999999999223,False,6.399999999999739,85.60000000000123,3.6999999999998145,88.30000000000115,True
2026-01-26,False,True,True,True,True,False,False,False,low,466,7.900000000000684,True,True,9.600000000000719,False,3.4000000000000696,37.90000000000182,14.800000000001479,26.500000000000412,True
2026-01-27,False,True,True,True,True,False,False,False,low,428,19.800000000000928,True,True,19.800000000000928,False,64.80000000000041,109.30000000000106,-3.1000000000003247,177.20000000000178,False
2026-01-28,True,True,True,True,False,False,False,False,high,435,2.1999999999988695,True,True,2.1999999999988695,False,-11.399999999999189,-25.800000000000267,-10.900000000000354,-26.299999999999102,True
2026-01-29,True,True,True,True,False,False,False,False,high,423,2.9999999999996696,True,True,2.9999999999996696,False,-12.800000000001699,9.300000000000974,-5.40000000000207,1.900000000001345,True
2026-01-30,False,False,False,True,False,True,False,False,low,903,45.000000000001705,False,False,45.000000000001705,True,-18.499999999999073,-69.20000000000037,-5.20000000000076,-82.49999999999868,True
2026-02-02,False,False,False,True,False,True,False,False,low,783,65.10000000000015,False,False,65.10000000000015,True,-3.5000000000007248,-59.39999999999834,-2.5999999999992696,-60.2999999999998,True
2026-02-03,True,True,True,True,False,False,False,False,high,433,7.800000000000029,True,True,12.299999999998423,True,-18.499999999999073,20.199999999999108,-2.100000000000435,3.8000000000004697,True
2026-02-04,True,True,True,True,True,False,True,False,high,492,1.7999999999984695,True,True,1.7999999999984695,False,-10.200000000000209,-14.899999999999913,-3.1000000000003247,-21.999999999999797,False
2026-02-05,True,True,True,True,False,True,False,False,high,499,0.5999999999994898,True,True,13.600000000000279,False,0.9999999999998899,-22.800000000000598,4.100000000000215,-25.900000000000922,True
2026-02-06,False,False,True,False,True,True,True,True,high,810,24.399999999999977,False,False,24.399999999999977,True,1.40000000000029,18.799999999998818,0.8000000000008001,19.399999999998307,True
2026-02-09,True,False,True,False,True,False,False,False,high,452,68.90000000000063,False,False,68.90000000000063,True,25.699999999999612,31.799999999999606,8.299999999998864,49.20000000000035,True
2026-02-10,True,False,True,True,True,False,True,False,high,550,2.900000000001235,True,True,11.600000000000499,False,-15.699999999998493,1.9999999999997797,0.5000000000010552,-14.199999999999768,True
2026-02-11,True,False,True,True,False,True,False,False,high,655,1.5999999999993797,True,True,1.5999999999993797,False,-17.100000000001003,-28.900000000000592,0.9999999999998899,-47.000000000001485,True
2026-02-12,True,False,True,False,False,False,False,False,high,543,3.1999999999987594,True,False,5.299999999999194,False,0.0,-2.5999999999992696,6.900000000000794,-9.500000000000064,True
2026-02-13,False,True,True,True,False,True,False,True,low,422,6.399999999999739,True,True,6.399999999999739,False,3.6999999999998145,3.4000000000000696,4.100000000000215,2.9999999999996696,True
2026-02-16,True,True,True,True,False,True,False,True,high,485,0.20000000000131024,True,True,0.20000000000131024,False,-9.500000000000064,-2.6999999999999247,2.4999999999986144,-14.699999999998603,True
2026-02-17,False,True,True,True,False,True,False,True,low,440,7.099999999999884,True,True,30.799999999999716,False,-5.20000000000076,27.500000000000302,8.099999999999774,14.199999999999768,True
2026-02-18,False,True,False,True,True,True,True,False,low,434,10.80000000000192,True,False,57.40000000000078,True,5.20000000000076,-57.19999999999947,-3.8000000000004697,-48.19999999999824,True
2026-02-19,True,True,True,True,False,True,False,False,high,463,6.699999999999484,True,True,6.699999999999484,False,-31.30000000000077,3.5000000000007248,0.6999999999979245,-28.49999999999797,True
2026-02-20,False,True,True,True,False,False,False,False,low,476,6.900000000000794,True,True,6.900000000000794,False,14.499999999999513,15.899999999999803,9.799999999999809,20.599999999999508,False
2026-02-23,False,True,False,True,True,False,True,False,low,505,40.599999999999525,False,False,40.599999999999525,True,-41.70000000000007,2.9999999999996696,-13.200000000002099,-25.499999999998302,True
2026-02-24,False,False,False,True,False,True,False,False,low,852,1.8999999999991246,True,False,1.8999999999991246,False,1.8999999999991246,-8.999999999999009,4.499999999998394,-11.599999999998278,True
2026-02-25,True,True,True,True,True,False,False,False,high,421,1.4999999999987246,True,True,7.899999999998464,True,-10.999999999998789,23.999999999999577,-7.099999999999884,20.100000000000673,True
2026-02-26,False,True,False,True,True,False,True,False,low,425,38.000000000000256,False,False,38.000000000000256,True,-6.800000000000139,-12.300000000000644,-13.600000000000279,-5.5000000000005045,True
2026-02-27,True,False,True,False,False,False,False,False,high,465,8.500000000000174,True,False,13.699999999998713,True,-13.000000000000789,14.600000000000168,-5.699999999999594,7.299999999998974,True
2026-03-02,False,True,False,True,False,True,False,False,low,423,58.30000000000002,False,False,58.30000000000002,True,-12.000000000000899,-17.099999999998783,6.099999999999994,-35.199999999999676,True
2026-03-03,False,True,False,True,False,True,False,False,low,423,131.7999999999997,False,False,131.7999999999997,True,-31.09999999999946,0.4999999999988347,-21.100000000000563,-9.500000000000064,False
2026-03-04,True,False,True,False,False,False,False,False,high,427,10.499999999999954,True,False,37.0999999999988,True,14.600000000000168,2.6999999999999247,-16.300000000000203,33.60000000000029,True
2026-03-05,False,True,False,True,False,True,False,True,low,502,5.999999999999339,True,False,28.799999999999937,False,15.400000000000968,-11.799999999999589,-6.200000000000649,9.80000000000203,True
2026-03-06,False,True,True,True,False,True,False,True,low,537,55.99999999999827,True,True,55.99999999999827,False,-60.00000000000005,62.499999999998664,-11.800000000001809,14.300000000000423,True
2026-03-09,True,False,True,False,True,True,False,True,high,575,65.99999999999939,False,False,65.99999999999939,True,-2.1999999999988695,73.09999999999927,-28.69999999999928,99.59999999999968,True
2026-03-10,True,False,True,True,True,False,True,False,high,425,26.100000000000012,True,True,29.799999999999827,False,-21.700000000000053,-28.399999999999537,-14.499999999999513,-35.60000000000007,True
2026-03-11,True,True,True,True,False,True,False,False,high,435,4.500000000000615,True,True,4.500000000000615,False,-22.500000000000853,-27.599999999998737,-4.500000000000615,-45.59999999999897,False
2026-03-12,True,False,True,True,False,True,False,False,high,483,0.5999999999994898,True,True,10.799999999999699,False,5.399999999999849,-45.20000000000079,-3.6999999999998145,-36.10000000000113,True
2026-03-13,False,True,False,True,False,True,False,False,low,420,71.20000000000014,False,False,71.20000000000014,True,10.700000000001264,-52.200000000000024,-12.399999999999078,-29.09999999999968,True
2026-03-16,True,True,True,True,False,False,False,False,low,454,10.000000000001119,True,True,10.000000000001119,False,53.29999999999835,24.800000000000377,18.799999999998818,59.299999999999905,True
2026-03-17,True,False,True,False,True,False,False,False,high,520,44.299999999999336,False,False,44.299999999999336,True,12.500000000001954,32.09999999999935,15.500000000001624,29.09999999999968,True
2026-03-18,True,True,True,True,True,True,True,False,low,455,14.300000000000423,True,True,82.29999999999959,True,20.500000000001073,-94.89999999999998,6.00000000000156,-80.40000000000046,True
2026-03-19,False,True,True,True,True,True,False,True,low,421,18.099999999998673,True,True,18.099999999998673,False,27.400000000001867,108.49999999999804,-1.2999999999996348,137.19999999999953,True
2026-03-20,True,True,True,True,False,False,False,False,high,505,0.5000000000010552,True,True,0.5000000000010552,False,-1.7999999999984695,-1.9999999999997797,-5.599999999998939,1.80000000000069,True
2026-03-23,True,True,True,True,True,True,False,True,low,558,36.000000000000476,True,True,36.000000000000476,False,29.000000000001247,55.099999999999035,2.300000000001745,81.79999999999853,True
2026-03-24,True,False,True,True,False,False,False,False,high,430,9.099999999999664,True,True,19.700000000000273,False,-19.299999999999873,17.80000000000115,-20.199999999999108,18.700000000000383,True
2026-03-25,False,False,False,True,True,True,True,True,low,769,31.49999999999986,False,False,31.49999999999986,True,7.600000000000939,-47.000000000001485,4.900000000001015,-44.30000000000156,True
2026-03-26,False,True,False,True,False,True,False,False,low,472,4.199999999998649,True,False,31.999999999998696,True,-29.50000000000008,1.2999999999996348,5.9000000000009045,-34.10000000000135,True
2026-03-27,False,True,True,True,False,True,False,False,low,448,22.400000000000198,True,True,22.400000000000198,True,-11.200000000000099,-1.40000000000029,1.9999999999997797,-14.600000000000168,True
2026-03-30,False,True,False,True,False,True,False,False,low,613,46.49999999999821,False,False,46.49999999999821,True,-27.69999999999939,-20.000000000000018,-14.700000000000824,-32.999999999998586,False
2026-03-31,False,False,True,False,True,False,False,False,high,779,72.79999999999953,False,False,72.79999999999953,True,19.299999999999873,61.49999999999878,0.4999999999988347,80.29999999999981,True
2026-04-01,True,False,True,False,True,False,False,False,high,445,48.39999999999955,False,False,48.39999999999955,True,16.20000000000177,-19.100000000000783,-9.299999999998754,6.399999999999739,True
2026-04-02,False,True,False,True,False,True,False,False,low,430,15.799999999999148,False,False,15.799999999999148,False,-17.000000000000348,20.500000000001073,-2.1999999999988695,5.699999999999594,True
2026-04-03,True,False,True,True,False,False,False,False,high,504,3.9999999999995595,True,True,3.9999999999995595,False,4.8000000000003595,-33.70000000000095,3.2999999999994145,-32.2,True
2026-04-06,True,False,True,False,True,True,True,True,high,470,41.80000000000072,False,False,41.80000000000072,True,12.699999999998823,-5.20000000000076,31.49999999999986,-24.000000000001798,False
2026-04-07,True,False,True,False,True,False,False,False,high,463,61.20000000000125,False,False,61.20000000000125,True,15.399999999998748,33.40000000000121,-2.20000000000109,51.000000000001044,True
2026-04-08,False,False,True,True,True,False,False,False,high,748,13.199999999999878,True,True,13.199999999999878,False,4.199999999998649,-37.8999999999996,-0.8000000000008001,-32.90000000000015,True
2026-04-09,True,False,True,False,True,False,True,False,high,593,52.39999999999911,False,False,52.39999999999911,True,24.200000000000887,10.199999999997988,-1.2000000000012,35.60000000000007,True
2026-04-10,True,True,True,True,True,False,True,False,low,438,8.00000000000134,True,True,8.00000000000134,False,29.599999999998516,7.7000000000015945,-4.60000000000127,41.90000000000138,False
2026-04-13,True,False,True,False,True,True,False,True,high,420,75.1999999999997,False,False,75.1999999999997,True,-4.100000000000215,76.6,11.099999999999444,61.40000000000034,True
2026-04-14,True,False,True,False,True,False,False,False,high,421,0.9999999999998899,True,False,41.20000000000123,True,21.200000000001218,-5.00000000000167,1.80000000000069,14.399999999998858,False
2026-04-15,False,True,True,True,False,False,False,False,low,611,6.900000000000794,True,True,6.900000000000794,False,-1.100000000000545,15.899999999999803,1.7000000000000348,13.099999999999223,True
2026-04-16,False,True,False,True,True,True,True,True,low,448,29.90000000000048,False,False,29.90000000000048,True,-19.400000000000528,-4.500000000000615,-11.700000000001154,-12.199999999999989,False
2026-04-17,True,True,True,True,True,True,True,False,low,456,0.8000000000008001,True,True,12.700000000001044,True,18.900000000001693,-32.2,7.4000000000018495,-20.700000000000163,True
2026-04-20,True,False,True,False,False,True,False,True,high,465,27.600000000000957,False,False,27.600000000000957,True,1.9999999999997797,20.999999999999908,-5.800000000000249,28.799999999999937,True
2026-04-21,False,True,False,True,True,True,True,True,low,422,53.900000000000055,False,False,53.900000000000055,True,-7.4000000000018495,-26.699999999999502,-10.40000000000152,-23.699999999999832,True
2026-04-22,False,False,False,True,False,True,False,False,low,773,34.49999999999953,False,False,34.49999999999953,True,-14.600000000000168,-29.90000000000048,6.200000000000649,-50.700000000001296,True
2026-04-23,False,True,True,True,False,True,False,False,low,640,13.199999999999878,True,True,23.100000000000342,True,-13.000000000000789,-7.500000000000284,-1.500000000000945,-19.000000000000128,True
2026-04-24,True,False,True,False,True,False,False,False,high,530,33.70000000000095,False,False,33.70000000000095,True,36.200000000001786,4.699999999999704,12.199999999999989,28.700000000001502,False
2026-04-27,True,False,True,False,True,False,True,False,high,484,22.400000000000198,True,False,22.400000000000198,False,11.799999999999589,-22.199999999998887,14.300000000000423,-24.699999999999722,True
2026-04-28,False,True,False,True,False,True,False,True,low,420,27.69999999999939,True,False,27.69999999999939,False,-4.499999999998394,27.89999999999848,9.200000000000319,14.199999999999768,True
2026-04-29,False,True,False,True,False,True,False,False,low,434,4.300000000001525,True,False,36.800000000001276,True,0.9999999999998899,-24.000000000001798,5.599999999998939,-28.600000000000847,True
2026-04-30,True,False,True,False,True,True,False,True,high,545,52.200000000000024,False,False,52.200000000000024,True,34.30000000000044,25.199999999998557,8.999999999999009,50.499999999999986,True
2026-05-01,True,True,True,True,True,False,True,False,low,425,2.900000000001235,True,True,6.300000000001305,True,15.800000000001369,-34.20000000000201,-0.700000000000145,-17.700000000000493,True
2026-05-04,False,True,False,True,False,True,False,False,low,522,39.00000000000014,False,False,39.00000000000014,True,-35.60000000000007,-2.8999999999990145,-11.099999999999444,-27.399999999999647,True
2026-05-05,True,False,True,False,False,True,False,True,high,516,2.7999999999983594,True,False,19.799999999998708,False,2.9999999999996696,2.900000000001235,3.1000000000003247,2.80000000000058,True
2026-05-06,True,False,True,False,True,False,False,False,high,573,53.7999999999994,False,False,53.7999999999994,True,36.599999999999966,-23.299999999999432,3.8999999999989043,9.40000000000163,False
2026-05-07,True,True,True,True,False,False,False,False,low,450,1.100000000000545,True,True,23.800000000000487,True,21.999999999999797,-45.80000000000028,19.000000000000128,-42.800000000000615,True
2026-05-08,True,False,True,False,True,False,False,False,high,421,49.40000000000166,False,False,49.40000000000166,True,21.299999999999653,18.499999999999073,-1.100000000000545,40.89999999999927,False
2026-05-11,True,False,True,False,False,False,False,False,high,504,15.899999999999803,False,False,15.899999999999803,True,0.8000000000008001,14.099999999999113,4.500000000000615,10.399999999999299,True
2026-05-14,True,True,True,True,False,True,False,False,low,428,3.1000000000003247,True,True,43.8000000000005,True,-18.599999999999728,-32.00000000000092,-10.799999999999699,-39.80000000000094,True
2026-05-15,False,True,False,True,False,True,False,False,low,420,15.600000000000058,True,False,15.799999999999148,True,-3.4000000000000696,-8.00000000000134,1.7000000000000348,-13.100000000001444,True
2026-05-18,True,False,True,False,False,True,False,True,high,429,34.70000000000084,False,False,34.70000000000084,True,6.099999999999994,13.300000000000534,-3.8999999999989043,23.299999999999432,True
2026-05-19,False,True,False,True,True,True,True,False,low,481,41.50000000000098,False,False,41.50000000000098,True,-20.199999999999108,-12.100000000001554,-1.5999999999993797,-30.700000000001282,False
2026-05-20,False,True,True,True,False,True,False,True,low,541,8.299999999998864,True,True,8.999999999999009,False,4.500000000000615,21.100000000000563,-3.2999999999994145,28.900000000000592,True
2026-05-21,True,True,True,True,False,True,False,True,low,495,21.700000000000053,True,True,39.20000000000145,False,-21.299999999999653,18.899999999999473,-12.900000000000134,10.499999999999954,True
2026-05-26,True,True,True,True,False,True,False,False,low,420,0.2999999999997449,True,True,11.000000000001009,False,-0.5999999999994898,-6.6000000000010495,1.80000000000069,-9.00000000000123,True
2026-05-27,True,False,True,True,True,False,True,False,high,460,4.999999999999449,True,True,17.199999999999438,False,-8.00000000000134,-14.399999999998858,-4.900000000001015,-17.499999999999183,True
2026-05-28,False,False,True,False,False,True,False,True,high,810,32.49999999999975,False,False,32.49999999999975,True,6.699999999999484,33.99999999999847,1.7000000000000348,38.999999999997925,True
2026-05-29,False,True,True,True,True,False,True,False,low,547,9.300000000000974,True,True,9.300000000000974,False,-5.60000000000116,7.099999999999884,-11.499999999999844,12.999999999998568,True
2026-06-01,True,False,True,True,False,True,False,True,high,429,9.099999999999664,True,True,9.099999999999664,False,-18.199999999999328,-16.300000000000203,-7.699999999999374,-26.800000000000157,False
2026-06-02,True,False,True,True,False,False,False,False,high,426,15.899999999999803,True,True,15.899999999999803,False,-0.9999999999998899,-18.299999999999983,-1.500000000000945,-17.799999999998928,True
2026-06-03,False,True,False,True,False,True,False,False,low,429,23.699999999999832,False,False,23.699999999999832,True,1.5999999999993797,-20.700000000000163,-0.10000000000065512,-19.000000000000128,True
2026-06-04,True,True,True,True,True,True,True,True,high,455,1.900000000001345,True,True,32.2,False,31.000000000001027,-31.49999999999986,-6.900000000000794,6.40000000000196,True
2026-06-05,True,False,True,True,False,True,False,False,high,454,24.999999999999467,True,True,24.999999999999467,False,19.600000000001838,-122.30000000000184,9.900000000000464,-112.60000000000048,True
2026-06-08,False,True,True,True,False,True,False,True,low,581,11.799999999999589,True,True,11.799999999999589,False,21.400000000000308,-2.80000000000058,1.2999999999996348,17.300000000000093,True
2026-06-09,True,False,True,False,True,False,True,False,high,432,5.20000000000076,True,False,29.90000000000048,False,28.599999999998627,-30.29999999999866,-5.1000000000001044,3.4000000000000696,True
2026-06-10,True,False,True,False,False,False,False,False,high,423,4.100000000000215,True,False,17.599999999999838,False,-11.799999999999589,-1.80000000000069,5.1000000000001044,-18.700000000000383,True
2026-06-11,False,True,True,True,True,True,False,True,low,674,2.4999999999986144,True,True,22.699999999999942,False,-3.4000000000000696,39.20000000000145,3.1000000000003247,32.70000000000106,True
2026-06-12,True,True,True,True,False,False,False,False,low,521,0.2999999999997449,True,True,0.2999999999997449,False,-1.3000000000018552,-7.399999999999629,-6.099999999999994,-2.60000000000149,True
2026-06-15,False,False,False,True,True,False,False,False,low,1199,10.600000000000609,False,False,10.600000000000609,True,2.5999999999992696,-19.099999999998563,-0.1999999999990898,-16.300000000000203,True
2026-06-16,True,True,True,True,False,False,False,False,low,420,0.2999999999997449,True,True,0.2999999999997449,False,11.499999999999844,8.999999999999009,8.299999999998864,12.199999999999989,True
2026-06-17,False,True,False,True,False,True,False,False,low,441,4.3999999999999595,True,False,130.29999999999873,True,-16.20000000000177,-90.69999999999911,0.4999999999988347,-107.39999999999971,True
2026-06-18,True,True,True,True,False,True,False,False,high,449,1.9999999999997797,True,True,1.9999999999997797,False,-62.40000000000023,0.2999999999997449,-6.6000000000010495,-55.49999999999944,False
2026-06-19,True,False,True,False,False,True,False,True,high,583,15.100000000001224,False,False,15.100000000001224,True,19.299999999999873,7.099999999999884,4.3999999999999595,21.999999999999797,False
2026-06-22,False,True,False,True,False,False,False,False,low,423,0.2999999999997449,True,False,33.69999999999873,True,-11.399999999999189,-21.599999999999397,-14.099999999999113,-18.899999999999473,True
2026-06-23,True,True,True,True,False,True,False,False,high,489,7.099999999999884,True,True,7.099999999999884,False,-37.199999999999456,-4.3999999999999595,-10.999999999998789,-30.600000000000627,False
2026-06-24,False,True,False,True,False,True,False,False,low,476,36.599999999999966,False,False,36.599999999999966,True,-19.000000000000128,15.600000000000058,-7.500000000000284,4.100000000000215,True
2026-06-25,True,True,True,True,True,False,True,False,low,496,2.6999999999999247,True,True,14.100000000001334,False,-15.299999999998093,31.69999999999895,6.500000000000394,9.900000000000464,True
2026-06-26,True,False,True,False,True,False,True,False,high,451,51.70000000000119,False,False,51.70000000000119,True,23.299999999999432,-15.600000000000058,11.400000000001409,-3.700000000002035,False
2026-06-29,True,False,True,False,False,False,False,False,high,421,35.49999999999942,False,False,35.49999999999942,True,-3.1000000000003247,12.500000000001954,-9.200000000000319,18.60000000000195,True
2026-06-30,False,False,True,False,True,False,True,False,high,951,11.499999999999844,False,False,11.499999999999844,False,-10.000000000001119,28.400000000001757,-4.3999999999999595,22.800000000000598,True
