tday,side,risk,gross,why,year,R
2024-10-30,-1,0.0012353749999999997,0.000320000000000098,time,Y1,0.16189416169187335
2024-11-01,-1,0.00125575,0.0012700000000001044,time,Y1,0.9157873780610029
2024-11-06,-1,0.0012878750000000021,-0.0012878750000000494,stop,Y1,-1.093176744637521
2024-11-08,-1,0.0016213750000000026,-0.0007800000000000029,time,Y1,-0.5550844190887373
2024-11-13,-1,0.0018210000000000058,0.00041000000000002146,time,Y1,0.15925315760572242
2024-11-15,-1,0.0019135000000000014,0.0023599999999999177,time,Y1,1.170629736085663
2024-11-20,-1,0.0020176250000000003,-0.002017624999999912,stop,Y1,-1.0594758689052284
2024-11-22,-1,0.002131249999999998,-0.002131249999999918,stop,Y1,-1.0563049853372057
2024-11-27,-1,0.0024027499999999978,0.0008900000000000574,time,Y1,0.32046613255646994
2024-11-29,-1,0.002462124999999998,-0.0024621250000000927,stop,Y1,-1.0487383865563669
2024-12-04,-1,0.0025117499999999958,0.0014000000000000679,time,Y1,0.5096048571713228
2024-12-06,-1,0.002245749999999994,-9.999999999998899e-05,time,Y1,-0.09796281865745946
2024-12-11,-1,0.0021637499999999895,0.0015299999999998093,time,Y1,0.6516464471402963
2024-12-13,-1,0.002090374999999994,7.999999999985796e-05,time,Y1,-0.019135322609647624
2024-12-18,-1,0.0020191249999999966,-0.0020191249999998995,stop,Y1,-1.05943168451676
2024-12-20,-1,0.0020794999999999954,-4.999999999988347e-05,time,Y1,-0.0817504207741687
2025-01-24,-1,0.0020721250000000106,0.001980000000000093,time,Y1,0.897629245339969
2025-01-29,-1,0.0022010000000000085,0.0005300000000001415,time,Y1,0.18627896410728756
2025-01-31,-1,0.002089250000000009,-0.0020892500000000425,stop,Y1,-1.057436879262909
2025-02-05,-1,0.0021542500000000047,0.0013599999999998058,time,Y1,0.575606359521784
2025-02-07,-1,0.0021593750000000024,-0.0021593749999999634,stop,Y1,-1.055571635311125
2025-02-12,-1,0.0021668749999999987,-0.0021668749999999015,stop,Y1,-1.0553792904527963
2025-02-14,-1,0.0022383750000000034,0.0005599999999998939,time,Y1,0.19657117328414286
2025-02-19,-1,0.0020272500000000026,-0.002027250000000036,stop,Y1,-1.0591934887162575
2025-02-21,-1,0.002047625000000003,-0.0005599999999998939,time,Y1,-0.3320920578718725
2025-02-26,-1,0.0019556250000000025,0.0027300000000001212,time,Y1,1.3346116970278648
2025-02-28,-1,0.0019641250000000023,0.0026700000000001722,time,Y1,1.2982880417489566
2025-03-05,-1,0.001955000000000004,-0.001954999999999929,stop,Y1,-1.0613810741687595
2025-03-07,-1,0.0021503750000000073,0.0011100000000001664,time,Y1,0.4603848166018313
2025-03-12,-1,0.002213500000000007,0.0034199999999999786,time,Y1,1.4908515925005503
2025-03-14,-1,0.002118000000000003,-0.0011300000000000754,time,Y1,-0.5901794145420556
2025-03-19,-1,0.0021776250000000025,-0.002177625000000072,stop,Y1,-1.0551059066644024
2025-03-21,-1,0.002229375,-0.0011499999999999844,time,Y1,-0.5696663863190287
2025-03-26,-1,0.002228374999999999,0.002950000000000008,time,Y1,1.2699837325405328
2025-03-28,-1,0.002225124999999997,-5.999999999994898e-05,time,Y1,-0.08089433177909071
2025-04-02,-1,0.0020571249999999986,0.0017700000000000493,time,Y1,0.8020902959227322
2025-04-04,-1,0.0023109999999999936,0.007059999999999844,time,Y1,3.0030289917783914
2025-04-09,-1,0.002507499999999993,0.010460000000000136,time,Y1,4.12362911266208
2025-04-11,-1,0.002944499999999992,-0.0016799999999999038,time,Y1,-0.6113092205807128
2025-04-16,-1,0.00334849999999999,-0.0004900000000001015,time,Y1,-0.18217112139767158
2025-04-18,-1,0.003372249999999993,-0.00021000000000004349,time,Y1,-0.09785751352955568
2025-04-23,-1,0.0035667499999999935,0.0021599999999999397,time,Y1,0.5719492535220981
2025-04-25,-1,0.0036564999999999957,0.0020700000000000163,time,Y1,0.5332968685901869
2025-04-30,-1,0.003690124999999994,0.0018399999999998418,time,Y1,0.4661088716506472
2025-05-02,-1,0.003279999999999997,0.0024800000000000377,time,Y1,0.7195121951219634
2025-05-07,-1,0.0030612499999999963,0.004050000000000109,time,Y1,1.2837893017558557
2025-05-09,-1,0.002724124999999997,0.0012499999999999734,time,Y1,0.41481209562702687
2025-05-14,-1,0.0025448749999999964,0.003770000000000051,time,Y1,1.4342551205855125
2025-05-16,-1,0.002487624999999996,-0.0008799999999999919,time,Y1,-0.4019898497562911
2025-05-21,-1,0.002392499999999995,0.0023800000000000487,time,Y1,0.944618599791036
2025-05-23,-1,0.0023339999999999915,-0.0013800000000001589,time,Y1,-0.6426735218509702
2025-05-28,-1,0.0023569999999999897,-0.00043999999999999595,time,Y1,-0.23759015697921018
2025-05-30,-1,0.002454624999999991,-0.0010200000000000209,time,Y1,-0.46442939349188783
2025-06-04,-1,0.0024448749999999935,0.0011200000000000099,time,Y1,0.4090188659951991
2025-06-06,-1,0.002391499999999996,2.999999999997449e-05,time,Y1,-0.037633284549456684
2025-06-11,-1,0.0021762499999999963,0.000640000000000196,time,Y1,0.23894313612875215
2025-06-13,-1,0.0022757499999999987,0.0006099999999999994,time,Y1,0.21531363286828506
2025-06-18,-1,0.002335500000000001,0.0045999999999999375,time,Y1,1.9182187968314857
2025-06-20,-1,0.002274250000000006,-0.002274249999999922,stop,Y1,-1.0527646476860133
2025-06-25,-1,0.002281250000000007,-0.0022812500000000124,stop,Y1,-1.0526027397260296
2025-06-27,-1,0.0021951250000000087,0.0016700000000000603,time,Y1,0.7061101304026213
2025-07-02,-1,0.0021306250000000027,-0.0013000000000000789,time,Y1,-0.6664711058961934
2025-07-04,-1,0.0021160000000000016,0.00034999999999985043,time,Y1,0.10869565217384228
2025-07-09,-1,0.002125625000000003,-0.0012799999999999478,time,Y1,-0.6586298147603392
2025-07-11,-1,0.0019820000000000007,0.0008000000000001339,time,Y1,0.34308779011106644
2025-07-16,-1,0.0018213749999999999,-0.001821375000000014,stop,Y1,-1.0658842907144406
2025-07-18,-1,0.0019734999999999974,0.0022299999999999542,time,Y1,1.0691664555358282
2025-07-23,-1,0.001994999999999994,-0.001994999999999969,stop,Y1,-1.0601503759398372
2025-07-25,-1,0.0019397499999999931,-0.0014400000000001079,time,Y1,-0.8042273488852241
2025-07-30,-1,0.002065499999999998,-0.0020655000000000534,stop,Y1,-1.0580973129993008
2025-08-01,-1,0.002158874999999999,-0.0021588749999998935,stop,Y1,-1.0555845058189541
2025-08-06,-1,0.0022728749999999963,-0.0010300000000000864,time,Y1,-0.5059671121377499
2025-08-08,-1,0.002354374999999997,0.0017300000000000093,time,Y1,0.6838332890894658
2025-08-13,-1,0.0024063749999999997,0.0014300000000000423,time,Y1,0.5443873045556251
2025-08-15,-1,0.0022821250000000016,0.0005699999999999594,time,Y1,0.19718464150734913
2025-08-20,-1,0.0021786250000000087,-0.0021786249999999896,stop,Y1,-1.055080612771808
2025-08-22,-1,0.002166750000000009,-0.002166749999999995,stop,Y1,-1.0553824852890206
2025-08-27,-1,0.0021951250000000087,-0.0021951250000000755,stop,Y1,-1.0546665907408763
2025-08-29,-1,0.002083750000000009,-0.00038000000000004697,time,Y1,-0.23995200959810187
2025-09-03,-1,0.001962875000000011,0.0016699999999998383,time,Y1,0.7896580271284873
2025-09-05,-1,0.0018648750000000128,0.004060000000000175,time,Y1,2.1127421408942406
2025-09-10,-1,0.0018860000000000096,0.0014300000000000423,time,Y1,0.6945917285259998
2025-09-12,-1,0.0018735000000000082,-0.0018735000000000834,stop,Y1,-1.064051240992834
2025-09-17,-1,0.0019272500000000051,-0.001927250000000047,stop,Y1,-1.0622648851991394
2025-09-19,-1,0.0020472500000000005,0.00043999999999999595,time,Y1,0.15630724142141697
2025-09-24,-1,0.001842749999999999,0.00038999999999989043,time,Y1,0.14652014652008716
2025-09-26,-1,0.0019147499999999987,-0.0014600000000000168,time,Y1,-0.825172999086052
2025-10-01,-1,0.0018405000000000006,-0.0018404999999999117,stop,Y2,-1.0651996740015817
2025-10-03,-1,0.0018717499999999971,0.0005299999999999194,time,Y2,0.2190463470014265
2025-10-08,-1,0.001797874999999999,-0.0017978750000000598,stop,Y2,-1.066745463394319
2025-10-10,-1,0.0018396250000000003,-1.999999999990898e-05,time,Y2,-0.07610246653524981
2025-10-15,-1,0.0018327499999999997,-0.0006999999999999229,time,Y2,-0.4474150866184275
2025-10-17,-1,0.0016941250000000047,0.0002500000000000835,time,Y2,0.07673577805656794
2025-10-22,-1,0.0016828750000000032,0.0005699999999999594,time,Y2,0.2673995394785463
2025-10-24,-1,0.001534125,-0.0006300000000001305,time,Y2,-0.4888780249328643
2025-10-29,-1,0.0014965000000000009,0.006440000000000001,time,Y2,4.223187437353824
2025-10-31,-1,0.0015472500000000026,0.0015200000000001879,time,Y2,0.9048311520440687
2025-11-05,-1,0.0014981250000000057,-0.00042000000000008697,time,Y2,-0.36045056320406166
2025-11-07,-1,0.0014007500000000033,0.0013300000000000534,time,Y2,0.8638229519900413
2025-11-12,-1,0.0013286250000000056,0.0001500000000000945,time,Y2,0.022579734688188444
2025-11-14,-1,0.0013458750000000018,-0.0003500000000000725,time,Y2,-0.3492151945760727
2025-11-19,-1,0.0012873750000000016,0.0013500000000001844,time,Y2,0.9554325662687118
2025-11-21,-1,0.001346750000000002,-0.0012399999999999078,time,Y2,-1.0098385000927461
2025-11-26,-1,0.0014202500000000007,-0.00039999999999995595,time,Y2,-0.36613272311209694
2025-11-28,-1,0.0013097499999999982,-0.00014999999999987246,time,Y2,-0.20614621110889317
2025-12-03,-1,0.0013063749999999929,-0.0013063749999999708,stop,Y2,-1.09185723854175
2025-12-05,-1,0.0013154999999999944,-0.001315500000000025,stop,Y2,-1.091220068415075
2025-12-10,-1,0.0012892499999999974,-0.0012892499999999085,stop,Y2,-1.093077370564213
2025-12-12,-1,0.0013478749999999982,-0.0013478749999999984,stop,Y2,-1.0890290271724015
2025-12-17,-1,0.00136675,0.0007800000000000029,time,Y2,0.4828973843058372
2025-12-19,-1,0.0013386250000000015,0.0011099999999999444,time,Y2,0.7395648519936078
2025-12-24,-1,0.001292500000000002,-9.999999999843467e-06,time,Y2,-0.10058027079291548
2026-01-28,-1,0.0017302499999999942,-0.000460000000000127,time,Y2,-0.33521167461356965
2026-01-30,-1,0.001935124999999993,0.003330000000000055,time,Y2,1.658807570570411
2026-02-04,-1,0.0020498749999999896,-8.999999999992347e-05,time,Y2,-0.10244527105307617
2026-02-06,-1,0.0020804999999999903,-0.0010099999999999554,time,Y2,-0.5431386685892625
2026-02-11,-1,0.0021489999999999955,0.0012299999999998423,time,Y2,0.5165193113075126
2026-02-13,-1,0.002213874999999996,-0.0005399999999999849,time,Y2,-0.2981198125458692
2026-02-18,-1,0.0020473749999999984,0.0025999999999999357,time,Y2,1.2113071616093474
2026-02-20,-1,0.0020322499999999993,-0.0006099999999999994,time,Y2,-0.35920777463402614
2026-02-25,-1,0.0017137499999999944,-0.00019999999999997797,time,Y2,-0.18672501823485282
2026-02-27,-1,0.0015369999999999939,0.0005800000000000249,time,Y2,0.2992843201041163
2026-03-04,-1,0.0016201249999999946,-0.00029999999999996696,time,Y2,-0.2592392562302096
2026-03-06,-1,0.0017128749999999943,-4.0000000000040004e-05,time,Y2,-0.09341020214553923
2026-03-11,-1,0.0017729999999999912,-0.0006800000000000139,time,Y2,-0.4512126339537608
2026-03-13,-1,0.0017942499999999946,0.0020700000000000163,time,Y2,1.086805071757014
2026-03-18,-1,0.0020364999999999914,0.004350000000000076,time,Y2,2.0770930518046127
2026-03-20,-1,0.0022083749999999933,-0.002208374999999929,stop,Y2,-1.054338597384926
2026-03-25,-1,0.002386249999999995,0.0006399999999999739,time,Y2,0.21791513881612362
2026-03-27,-1,0.0024231249999999926,0.00021999999999988695,time,Y2,0.041269022439984426
2026-04-01,-1,0.0022997499999999923,0.003009999999999957,time,Y2,1.2566583324274234
2026-04-03,-1,0.0023067499999999907,0.0007600000000000939,time,Y2,0.27744662403819076
2026-04-08,-1,0.002204874999999995,0.0018299999999999983,time,Y2,0.7755541697375143
2026-04-10,-1,0.0022796249999999904,-0.0005100000000000104,time,Y2,-0.27636124362560205
2026-04-15,-1,0.002170874999999997,-0.000180000000000069,time,Y2,-0.1381931248920686
2026-04-17,-1,0.0019388749999999981,0.003170000000000117,time,Y2,1.5730771710399691
2026-04-22,-1,0.0018449999999999992,0.0007800000000000029,time,Y2,0.3577235772357741
2026-04-24,-1,0.001818875000000006,-9.000000000014552e-05,time,Y2,-0.11545598240678706
2026-04-29,-1,0.0017207500000000072,0.0018499999999999073,time,Y2,1.0053755629812
2026-05-01,-1,0.0016851250000000097,0.0035399999999998766,time,Y2,2.029523032415908
2026-05-06,-1,0.0016713750000000055,0.0005100000000000104,time,Y2,0.23334081220552488
2026-05-08,-1,0.0016126250000000064,-0.0007399999999999629,time,Y2,-0.5332919928687447
2026-06-24,-1,0.0015583749999999977,-0.0015583749999998897,stop,Y2,-1.0770032886820518
2026-06-26,-1,0.0015577499999999992,0.0016200000000001769,time,Y2,0.9629272989890403
