tday,side,entry,stop,risk,gross,why,gap_atr
2024-10-17,-1,20260.731,20428.03186270785,167.30086270784886,69.95599999999831,time,0.8970364047454634
2024-10-22,1,20267.086,20189.025200319105,78.06079968089398,92.75700000000143,target,-0.5249822720896085
2024-11-06,-1,20537.087,20708.36674274382,171.27974274381995,-171.27974274381995,stop,1.4157228097405636
2024-11-25,-1,20854.619,21029.313000657465,174.69400065746595,84.83199999999852,target,0.6899252334415628
2024-12-04,-1,21336.398,21409.739140922808,73.34114092280652,-73.34114092280652,stop,0.543680130746684
2024-12-19,-1,21314.386,21424.874859485513,110.4888594855147,117.68899999999849,target,0.7275035651430298
2024-12-20,1,21035.31,20887.3216451591,147.9883548409016,60.443999999999505,target,-0.6429838144731269
2025-01-13,1,20642.854,20502.457277830486,140.39672216951294,139.22100000000137,time,-0.7276228389905288
2025-01-17,-1,21372.376,21532.29462352857,159.9186235285706,-75.54499999999825,time,1.2575592663443118
2025-01-27,1,21153.054,20948.132978176447,204.92102182355302,-22.778999999998632,time,-2.9186991764427295
2025-02-03,1,21194.665,21037.815736642802,156.84926335719865,-156.84926335719865,stop,-1.297647334456076
2025-02-12,1,21522.032,21416.746907725566,105.28509227443283,175.28700000000026,target,-0.823200914295677
2025-02-27,-1,21252.519,21353.020488566282,100.5014885662822,118.61100000000079,target,0.5341538007347916
2025-03-06,1,20324.653,20149.841999085107,174.81100091489134,-174.81100091489134,stop,-0.8239008823185644
2025-03-12,-1,19641.776,19801.49288518458,159.71688518457813,53.090000000000146,time,0.6226299494172437
2025-04-02,1,19327.885,19112.691627540193,215.1933724598057,102.11200000000099,target,-0.8022151974547819
2025-04-03,1,18885.431,18704.552514445488,180.87848555451274,-180.87848555451274,stop,-2.3895310117008357
2025-04-07,1,16980.308,16501.636350745204,478.67164925479665,415.8349999999991,target,-1.788008619861852
2025-04-08,-1,17967.331,18115.516236481235,148.18523648123664,-148.18523648123664,stop,1.2475317947985352
2025-04-14,-1,18959.565,19193.81804786673,234.25304786673223,291.15499999999884,target,0.5259811092279645
2025-04-30,1,19212.531,18947.444860660424,265.0861393395753,327.96700000000055,target,-0.5618116331640766
2025-05-01,-1,19813.776,19942.658267655926,128.8822676559248,-128.8822676559248,stop,0.6536838023261777
2025-05-02,-1,19965.509,20075.557246273293,110.04824627329435,-110.04824627329435,stop,0.5007372775785484
2025-05-06,1,19773.208,19653.52083104566,119.68716895434045,-119.68716895434045,stop,-0.6906828160369264
2025-05-08,-1,20020.389,20128.845129921374,108.45612992137467,-108.45612992137467,stop,0.5717282649882743
2025-05-12,-1,20710.076,20879.983127926895,169.90712792689374,-154.4320000000007,time,2.090832066152854
2025-05-19,1,21226.597,21092.49961699913,134.09738300087338,198.15699999999924,target,-0.9788046339688631
2025-05-21,1,21291.665,21177.630889669203,114.03411033079828,81.9439999999995,target,-0.6056147031018272
2025-05-23,1,20868.62,20732.117430037153,136.50256996284588,52.23400000000038,time,-1.170616150647977
2025-05-29,-1,21508.665,21652.58745815406,143.9224581540584,193.6010000000024,target,1.1188112041258254
2025-06-13,1,21764.82,21620.985415043157,143.83458495684317,-143.83458495684317,stop,-0.9756536403369145
2025-07-15,-1,22977.765,23065.370943984974,87.60594398497415,100.97899999999936,time,0.8657467088943008
2025-07-29,-1,23450.799,23531.036903298183,80.23790329818439,100.6909999999989,target,0.5886975653987523
2025-07-31,-1,23501.554,23635.310096485427,133.7560964854274,152.1790000000001,target,1.4040412655970929
2025-08-07,-1,23453.309,23582.067940706915,128.75894070691356,142.85499999999956,target,0.8102141128563427
2025-09-05,-1,23798.881,23889.385213755184,90.50421375518272,175.75400000000081,target,0.8479839105543602
2025-09-10,-1,23900.892,23994.83106414806,93.93906414806042,66.58199999999852,target,0.5605856636525207
2025-09-18,-1,24374.316,24483.474106079608,109.15810607960884,-109.15810607960884,stop,0.9426426847385175
2025-09-25,1,24369.759,24165.55159471478,204.20740528521856,25.604000000002998,time,-0.7806322463724263
2025-10-01,1,24635.969,24485.026060486212,150.9429395137886,36.096999999997934,target,-0.6423572282313812
2025-10-02,-1,24866.555,24974.7549341037,108.1999341037008,73.51299999999901,target,0.7272233063041125
2025-10-06,-1,24936.338,25039.41684568829,103.07884568829104,-103.07884568829104,stop,0.982795223274792
2025-10-13,-1,24582.816,24694.844443075715,112.0284430757165,-112.0284430757165,stop,1.5177071941599212
2025-10-14,1,24516.164,24219.47305180413,296.6909481958719,224.11499999999796,target,-1.007610185193127
2025-10-15,-1,24760.447,24858.36616699408,97.91916699408102,-97.91916699408102,stop,0.8228024984792797
2025-10-31,-1,26007.686,26095.679485959226,87.99348595922493,150.27200000000084,time,1.026449088961213
2025-11-03,-1,26041.279,26164.166490950476,122.88749095047751,61.995999999999185,time,0.7318575489653049
2025-11-04,1,25645.849,25503.66484405399,142.1841559460081,-142.1841559460081,stop,-1.2144609325988271
2025-11-14,1,24705.631,24500.717245136537,204.91375486346442,292.98899999999776,target,-1.1910863976185233
2025-12-12,1,25589.75,25480.96715789558,108.78284210442143,-108.78284210442143,stop,-0.5020586929667884
2025-12-15,-1,25281.338,25424.686690683924,143.34869068392436,87.65899999999965,target,0.6616535932570807
2025-12-18,-1,24977.62,25124.71355941702,147.09355941702233,-147.09355941702233,stop,1.2623091400915878
2025-12-22,-1,25455.772,25587.285316540234,131.51331654023306,2.694999999999709,time,0.6579399246071862
2025-12-29,1,25581.011,25419.978698133636,161.0323018663621,-55.227999999999156,time,-0.5349413318391432
2026-01-02,-1,25451.338,25562.74409360813,111.4060936081296,-111.4060936081296,stop,0.8748214247026697
2026-01-05,-1,25386.779,25518.747201919603,131.96820191960433,-131.96820191960433,stop,0.9179040460990135
2026-01-12,1,25714.947,25553.613494845435,161.3335051545655,44.72100000000137,target,-0.7970495535829852
2026-01-15,-1,25703.164,25816.661618106933,113.49761810693235,150.3780000000006,time,1.1553869905812748
2026-01-16,-1,25666.088,25761.122338478894,95.03433847889391,113.30199999999968,target,0.6385864031356214
2026-01-22,-1,25502.549,25618.236463262485,115.68746326248584,-17.034999999999854,time,0.8430663016197641
2026-01-28,-1,26085.379,26198.377937400877,112.99893740087646,66.77600000000166,time,0.6044340890267309
2026-02-05,1,24800.827,24516.40298768388,284.42401231612166,-284.42401231612166,stop,-0.6119750640753632
2026-02-11,-1,25269.392,25421.487230287807,152.09523028780677,135.0600000000013,target,0.5186580563522978
2026-02-27,1,24883.749,24701.260647319847,182.48835268015318,70.08899999999994,time,-0.6734143191626429
2026-03-02,1,24852.486,24532.23369039911,320.25230960089175,101.35199999999895,target,-0.9265777224551673
2026-03-06,1,24731.934,24544.67162993887,187.26237006112933,-92.40799999999945,time,-0.9379822287444344
2026-03-19,1,24210.969,24069.587697111958,141.38130288804314,215.8869999999988,target,-0.6008177226746193
2026-03-25,-1,24206.453,24351.469589574925,145.01658957492327,45.31000000000131,time,0.5948034927195099
2026-03-26,1,23949.779,23824.925019262948,124.85398073705073,-124.85398073705073,stop,-0.6226871372631061
2026-03-30,-1,23243.649,23387.991896225143,144.34289622514189,118.72400000000198,target,0.6354937368027596
2026-04-02,1,23671.175,23467.187819931693,203.98718006830677,346.6320000000014,target,-1.1915572304585265
2026-04-08,-1,24950.149,25107.985886605224,157.8368866052224,43.79500000000189,time,1.9902673158559219
2026-04-24,-1,27030.381,27151.675320948878,121.2943209488767,-121.2943209488767,stop,0.8646199435216625
2026-04-28,1,27032.719,26934.18693404592,98.53206595408119,-98.53206595408119,stop,-1.076259777497048
2026-05-12,1,29117.838,29001.527747424534,116.31025257546571,-116.31025257546571,stop,-0.6393476836079334
2026-05-15,1,29201.604,28955.136938558862,246.46706144113705,-69.02000000000044,time,-1.1508788919809472
2026-05-19,1,28941.153,28715.123048098456,226.02995190154252,-226.02995190154252,stop,-0.6451632139447876
2026-06-08,-1,29308.066,29581.55477192586,273.48877192586224,-273.48877192586224,stop,1.2611238479716276
2026-06-09,-1,29592.022,29847.804998477237,255.7829984772361,183.33699999999953,target,0.7127477279182706
2026-06-10,1,28923.414,28689.829363682264,233.58463631773702,149.58799999999974,target,-0.5366256104191937
2026-06-18,-1,30130.853,30356.697586976916,225.84458697691662,-225.84458697691662,stop,0.9646019005273478
2026-06-23,1,29470.779,29243.432720144094,227.34627985590487,-125.78199999999924,time,-1.4680491274947978
2026-06-25,-1,29698.408,29962.145808984496,263.73780898449695,485.03199999999924,target,0.936339220546838
2026-06-26,1,29147.104,28821.76189150937,325.34210849062947,-61.25,time,-0.5810011550771584
