day,side,entry_time_ny,asia_high,asia_low,entry,stop,risk,exit,exit_type,gross,R
2019-01-02,1,03:41,1287.32,1278.7,1287.32,1278.7,8.62,1278.7,stop,-8.620000000000118,-1.0464
2019-01-07,1,03:03,1291.89,1282.56,1291.89,1282.56,9.33,1288.75,close,-3.1399999999998727,-0.3794
2019-01-08,-1,02:22,1290.16,1281.74,1281.74,1290.16,8.42,1285.25,close,-3.509999999999991,-0.4644
2019-03-08,1,02:43,1293.35,1285.13,1293.35,1285.13,8.22,1300.05,close,6.7000000000000455,0.7664
2019-03-15,1,03:19,1302.06,1293.93,1302.06,1293.93,8.13,1301.78,close,-0.27700000000004366,-0.0833
2019-06-10,-1,02:00,1337.66,1326.69,1326.69,1337.66,10.97,1328.02,close,-1.336999999999989,-0.1583
2019-06-12,1,02:00,1335.2,1325.94,1335.2,1325.94,9.26,1332.91,close,-2.2870000000000346,-0.2902
2019-06-21,-1,03:41,1411.8,1388.09,1388.09,1411.8,23.72,1398.86,close,-10.769999999999982,-0.4709
2019-07-01,-1,02:01,1397.7,1385.04,1385.04,1397.7,12.66,1384.24,close,0.803000000000111,0.0318
2019-07-02,1,03:31,1393.16,1383.78,1393.16,1383.78,9.37,1413.25,close,20.090000000000146,2.1014
2019-07-05,-1,02:08,1422.94,1414.44,1414.44,1422.94,8.5,1400.78,close,13.656999999999925,1.5596
2019-07-08,1,02:01,1405.66,1394.36,1405.66,1394.36,11.3,1394.36,stop,-11.299999999999955,-1.0354
2019-07-18,-1,06:54,1428.16,1418.79,1418.79,1428.16,9.37,1428.16,stop,-9.36999999999989,-1.0427
2019-08-01,-1,03:59,1414.78,1404.2,1404.2,1414.78,10.58,1414.78,stop,-10.579999999999927,-1.0378
2019-08-05,1,02:14,1455.9,1437.85,1455.9,1437.85,18.06,1460.96,close,5.053000000000111,0.2576
2019-08-07,1,02:31,1490.09,1472.21,1490.09,1472.21,17.88,1495.28,close,5.197000000000116,0.2683
2019-08-09,1,02:02,1507.84,1498.96,1507.84,1498.96,8.87,1498.96,stop,-8.870000000000118,-1.0451
2019-08-13,1,02:07,1520.03,1509.54,1520.03,1509.54,10.48,1509.54,stop,-10.482999999999947,-1.0385
2019-08-14,1,06:08,1503.9,1494.08,1503.9,1494.08,9.81,1513.72,close,9.829999999999927,0.9613
2019-08-15,-1,02:23,1524.23,1514.86,1514.86,1524.23,9.37,1524.23,stop,-9.370000000000118,-1.0427
2019-08-16,-1,02:18,1527.94,1516.75,1516.75,1527.94,11.2,1513.97,close,2.7799999999999727,0.2125
2019-08-26,-1,02:57,1549.25,1538.05,1538.05,1549.25,11.2,1528.76,close,9.292999999999893,0.794
2019-09-04,-1,02:03,1550.04,1540.07,1540.07,1550.04,9.98,1550.04,stop,-9.97700000000009,-1.0398
2019-09-05,-1,03:57,1552.92,1541.7,1541.7,1552.92,11.22,1518.25,close,23.450000000000045,2.0544
2019-09-11,1,02:00,1494.72,1486.26,1494.72,1486.26,8.46,1495.72,close,1.009999999999991,0.0721
2019-09-12,1,02:52,1498.36,1489.21,1498.36,1489.21,9.16,1499.04,close,0.6800000000000637,0.0306
2019-09-16,-1,04:40,1512.06,1501.16,1501.16,1512.06,10.91,1498.76,close,2.3929999999998017,0.1827
2019-09-19,1,03:02,1497.3,1488.91,1497.3,1488.91,8.39,1498.62,close,1.3170000000000073,0.1093
2019-10-01,-1,02:10,1474.7,1461.85,1461.85,1474.7,12.85,1474.7,stop,-12.84699999999998,-1.0309
2019-10-10,-1,02:22,1516.15,1505.44,1505.44,1516.15,10.7,1493.96,close,11.486999999999853,1.0362
2019-12-31,1,02:10,1524.07,1514.76,1524.07,1514.76,9.31,1517.7,close,-6.369999999999891,-0.7272
2020-01-03,1,02:50,1543.77,1528.73,1543.77,1528.73,15.04,1548.98,close,5.210000000000036,0.3198
2020-01-07,1,02:31,1569.22,1555.25,1569.22,1555.25,13.97,1571.74,close,2.5269999999998163,0.1523
2020-01-08,-1,03:53,1611.32,1583.54,1583.54,1611.32,27.79,1559.82,close,23.720000000000027,0.8392
2020-01-14,1,03:41,1545.24,1535.83,1545.24,1535.83,9.41,1546.95,close,1.7130000000001928,0.1395
2020-01-21,-1,02:56,1568.51,1559.94,1559.94,1568.51,8.57,1558.16,close,1.7800000000002,0.161
2020-01-23,-1,02:30,1563.5,1555.36,1555.36,1563.5,8.13,1563.5,stop,-8.133000000000038,-1.0496
2020-02-03,-1,02:02,1590.02,1578.94,1578.94,1590.02,11.07,1576.14,close,2.7999999999999545,0.2168
2020-02-04,-1,03:20,1579.54,1570.5,1570.5,1579.54,9.04,1555.1,close,15.407000000000153,1.6601
2020-02-05,1,02:10,1560.68,1552.02,1560.68,1552.02,8.65,1552.02,stop,-8.649999999999864,-1.0462
2020-02-21,1,02:02,1631.8,1618.9,1631.8,1618.9,12.9,1643.5,close,11.710000000000036,0.8767
2020-02-24,1,02:06,1667.8,1658.43,1667.8,1658.43,9.37,1658.43,stop,-9.36999999999989,-1.0427
2020-02-26,1,02:01,1646.18,1636.8,1646.18,1636.8,9.37,1636.8,stop,-9.36999999999989,-1.0427
2020-02-27,-1,02:37,1652.56,1642.88,1642.88,1652.56,9.67,1652.56,stop,-9.673000000000002,-1.0417
2020-02-28,-1,02:20,1648.12,1626.6,1626.6,1648.12,21.52,1578.22,close,48.37300000000005,2.2292
2020-03-02,1,03:47,1606.52,1581.52,1606.52,1581.52,25.0,1585.52,close,-21.0,-0.856
2020-03-03,1,06:07,1601.1,1589.66,1601.1,1589.66,11.44,1635.64,close,34.539999999999964,2.9843
2020-03-06,1,04:37,1680.97,1667.5,1680.97,1667.5,13.47,1667.5,stop,-13.470000000000027,-1.0297
2020-03-11,1,03:03,1665.28,1650.54,1665.28,1650.54,14.73,1650.54,stop,-14.730000000000018,-1.0272
2020-03-13,1,03:36,1591.23,1551.26,1591.23,1551.26,39.96,1551.26,stop,-39.962999999999965,-1.0101
2020-03-16,-1,05:33,1560.72,1523.84,1523.84,1560.72,36.87,1509.07,close,14.777000000000044,0.3899
2020-03-17,-1,04:02,1519.24,1482.54,1482.54,1519.24,36.7,1519.24,stop,-36.700000000000045,-1.0109
2020-03-18,-1,03:40,1539.83,1504.81,1504.81,1539.83,35.02,1495.09,close,9.720000000000027,0.2661
2020-03-20,1,03:27,1505.39,1470.67,1505.39,1470.67,34.72,1489.15,close,-16.24000000000001,-0.4793
2020-03-24,1,04:18,1584.33,1557.02,1584.33,1557.02,27.31,1626.55,close,42.22000000000003,1.5313
2020-03-25,-1,03:31,1631.7,1603.78,1603.78,1631.7,27.93,1608.87,close,-5.089999999999918,-0.1966
2020-03-26,1,06:09,1612.31,1595.3,1612.31,1595.3,17.01,1628.34,close,16.0329999999999,0.919
2020-03-27,-1,03:19,1628.05,1619.75,1619.75,1628.05,8.3,1628.05,stop,-8.299999999999955,-1.0482
2020-04-01,1,02:02,1589.12,1574.97,1589.12,1574.97,14.15,1574.97,stop,-14.149999999999864,-1.0283
2020-04-02,1,03:06,1595.73,1582.82,1595.73,1582.82,12.91,1613.85,close,18.11999999999989,1.3726
2020-04-06,1,02:07,1621.97,1611.83,1621.97,1611.83,10.14,1665.95,close,43.98000000000002,4.2978
2020-04-07,-1,03:25,1674.83,1656.0,1656.0,1674.83,18.83,1656.85,close,-0.8479999999999563,-0.0663
2020-04-08,1,03:07,1651.53,1640.4,1651.53,1640.4,11.13,1645.57,close,-5.960000000000036,-0.5714
2020-04-13,1,03:12,1691.14,1678.85,1691.14,1678.85,12.29,1716.61,close,25.470000000000027,2.0399
2020-04-14,-1,02:28,1725.55,1711.24,1711.24,1725.55,14.31,1725.55,stop,-14.309999999999945,-1.028
2020-04-15,-1,02:19,1731.0,1719.64,1719.64,1731.0,11.35,1721.57,close,-1.9230000000000018,-0.2047
2020-04-17,-1,02:02,1718.53,1692.62,1692.62,1718.53,25.91,1683.7,close,8.919999999999845,0.3288
2020-04-20,1,02:35,1683.55,1671.6,1683.55,1671.6,11.95,1695.78,close,12.230000000000018,0.99
2020-04-22,1,03:20,1691.7,1679.91,1691.7,1679.91,11.79,1717.99,close,26.29099999999994,2.196
2020-04-23,1,04:04,1719.65,1707.33,1719.65,1707.33,12.32,1732.56,close,12.910000000000082,1.0154
2020-04-24,1,02:32,1730.21,1720.77,1730.21,1720.77,9.44,1720.77,stop,-9.440000000000055,-1.0424
2020-04-28,1,05:22,1712.1,1692.26,1712.1,1692.26,19.84,1692.26,stop,-19.84400000000005,-1.0204
2020-04-29,-1,04:00,1713.14,1704.01,1704.01,1713.14,9.13,1713.14,stop,-9.129999999999882,-1.0438
2020-05-01,-1,02:00,1690.34,1672.28,1672.28,1690.34,18.06,1690.34,stop,-18.059999999999945,-1.0221
2020-05-04,1,02:26,1701.28,1692.56,1701.28,1692.56,8.72,1703.89,close,2.6099999999999,0.2534
2020-05-08,1,04:57,1720.57,1711.13,1720.57,1711.13,9.44,1711.13,stop,-9.440000000000055,-1.0424
2020-05-11,-1,05:31,1712.06,1701.99,1701.99,1712.06,10.07,1696.72,close,5.269999999999982,0.4836
2020-05-12,1,03:21,1702.84,1693.6,1702.84,1693.6,9.23,1701.8,close,-1.0399999999999636,-0.156
2020-05-18,1,04:08,1764.52,1745.7,1764.52,1745.7,18.83,1745.7,stop,-18.826999999999998,-1.0211
2020-05-21,-1,02:12,1748.54,1737.6,1737.6,1748.54,10.93,1725.1,close,12.509999999999991,1.108
2020-05-26,-1,04:49,1735.32,1725.58,1725.58,1735.32,9.74,1711.5,close,14.079999999999927,1.4045
2020-05-27,-1,04:58,1715.9,1705.0,1705.0,1715.9,10.89,1713.41,close,-8.402999999999793,-0.8084
2020-05-28,1,02:00,1719.51,1708.56,1719.51,1708.56,10.95,1719.35,close,-0.16000000000008185,-0.0511
2020-05-29,1,04:16,1722.89,1712.43,1722.89,1712.43,10.46,1731.35,close,8.460000000000036,0.7706
2020-06-03,-1,03:52,1731.91,1720.46,1720.46,1731.91,11.45,1697.46,close,22.996999999999844,1.9735
2020-06-05,-1,05:42,1715.99,1706.92,1706.92,1715.99,9.06,1681.34,close,25.589999999999918,2.7804
2020-06-08,1,02:25,1691.45,1677.48,1691.45,1677.48,13.97,1698.48,close,7.026999999999816,0.4744
2020-06-09,-1,02:27,1704.63,1693.7,1693.7,1704.63,10.92,1704.63,stop,-10.92100000000005,-1.0367
2020-06-12,1,02:06,1730.23,1722.14,1730.23,1722.14,8.09,1731.12,close,0.8969999999999345,0.0614
2020-06-15,-1,02:07,1734.04,1720.96,1720.96,1734.04,13.07,1726.06,close,-5.100000000000136,-0.4208
2020-06-16,-1,02:05,1732.72,1724.03,1724.03,1732.72,8.7,1732.72,stop,-8.696999999999889,-1.0456
2020-06-22,-1,03:22,1758.6,1744.77,1744.77,1758.6,13.83,1758.6,stop,-13.829999999999927,-1.0289
2020-06-23,-1,03:02,1760.38,1747.64,1747.64,1760.38,12.74,1760.38,stop,-12.742999999999938,-1.0316
2020-06-26,1,04:50,1766.24,1758.06,1766.24,1758.06,8.18,1758.06,stop,-8.180000000000064,-1.0489
2020-07-10,1,04:39,1804.13,1795.71,1804.13,1795.71,8.42,1795.71,stop,-8.419999999999845,-1.0475
2020-07-23,1,04:00,1876.42,1863.91,1876.42,1863.91,12.51,1885.93,close,9.513000000000147,0.7285
2020-07-24,1,03:06,1890.07,1881.26,1890.07,1881.26,8.8,1902.4,close,12.326999999999998,1.3553
2020-07-27,1,06:59,1944.43,1905.21,1944.43,1905.21,39.22,1938.65,close,-5.7800000000002,-0.1576
2020-07-28,-1,03:31,1980.98,1932.81,1932.81,1980.98,48.17,1955.36,close,-22.549999999999955,-0.4764
2020-07-30,-1,02:45,1970.54,1955.68,1955.68,1970.54,14.86,1955.97,close,-0.2899999999999636,-0.0464
2020-07-31,1,02:06,1974.06,1955.36,1974.06,1955.36,18.7,1973.91,close,-0.1470000000001619,-0.0293
2020-08-03,-1,06:14,1984.28,1969.56,1969.56,1984.28,14.72,1976.44,close,-6.883000000000038,-0.4948
2020-08-05,1,02:42,2030.82,2009.34,2030.82,2009.34,21.48,2036.41,close,5.592999999999847,0.2418
2020-08-06,1,02:03,2050.0,2034.38,2050.0,2034.38,15.62,2062.95,close,12.940000000000055,0.8028
2020-08-11,-1,02:12,2029.94,2005.04,2005.04,2029.94,24.9,1915.99,close,89.04999999999995,3.5602
2020-08-14,-1,02:43,1962.08,1944.67,1944.67,1962.08,17.41,1942.88,close,1.7829999999999018,0.0794
2020-08-17,1,02:10,1949.2,1929.35,1949.2,1929.35,19.85,1983.99,close,34.789999999999964,1.7325
2020-08-18,1,02:25,1999.28,1980.62,1999.28,1980.62,18.66,1980.62,stop,-18.660000000000082,-1.0214
2020-08-19,-1,03:01,2005.98,1984.12,1984.12,2005.98,21.85,1940.1,close,44.01999999999998,1.9963
2020-08-20,-1,06:17,1955.12,1924.8,1924.8,1955.12,30.32,1952.46,close,-27.659999999999854,-0.9255
2020-08-21,-1,03:14,1955.76,1940.48,1940.48,1955.76,15.29,1938.08,close,2.3899999999998727,0.1302
2020-08-25,-1,04:20,1937.42,1926.36,1926.36,1937.42,11.06,1929.08,close,-2.7129999999999654,-0.2815
2020-08-26,-1,02:03,1931.36,1917.78,1917.78,1931.36,13.58,1931.36,stop,-13.582999999999856,-1.0297
2020-08-27,-1,02:15,1953.94,1938.08,1938.08,1953.94,15.87,1953.94,stop,-15.866999999999962,-1.025
2020-08-28,1,02:34,1945.34,1923.29,1945.34,1923.29,22.06,1963.28,close,17.940000000000055,0.7951
2020-08-31,-1,02:05,1976.46,1965.59,1965.59,1976.46,10.88,1967.67,close,-2.0799999999999272,-0.2279
2020-09-01,1,03:19,1989.78,1965.14,1989.78,1965.14,24.64,1965.14,stop,-24.64300000000003,-1.0164
2020-09-02,-1,03:29,1973.12,1958.68,1958.68,1973.12,14.44,1943.61,close,15.070000000000164,1.0159
2020-09-03,-1,02:00,1950.9,1931.95,1931.95,1950.9,18.96,1929.06,close,2.883000000000038,0.131
2020-09-08,1,02:00,1931.86,1922.7,1931.86,1922.7,9.16,1922.7,stop,-9.159999999999854,-1.0437
2020-09-09,-1,06:52,1934.36,1923.01,1923.01,1934.36,11.35,1934.36,stop,-11.349999999999909,-1.0352
2020-09-15,1,06:54,1969.22,1954.99,1969.22,1954.99,14.23,1954.99,stop,-14.226999999999862,-1.0279
2020-09-16,1,03:10,1962.93,1949.8,1962.93,1949.8,13.13,1958.3,close,-4.630000000000109,-0.3831
2020-09-17,-1,05:30,1960.86,1937.58,1937.58,1960.86,23.29,1948.1,close,-10.519999999999982,-0.4689
2020-09-18,1,04:54,1955.44,1945.77,1955.44,1945.77,9.67,1945.77,stop,-9.666999999999916,-1.0411
2020-09-21,-1,04:03,1955.46,1946.87,1946.87,1955.46,8.59,1911.1,close,35.76299999999992,4.1168
2020-09-22,-1,02:20,1919.89,1906.57,1906.57,1919.89,13.32,1902.38,close,4.192999999999984,0.2848
2020-09-23,-1,02:09,1905.21,1882.12,1882.12,1905.21,23.08,1861.94,close,20.190000000000055,0.8575
2020-09-24,-1,02:53,1868.8,1848.85,1848.85,1868.8,19.95,1868.84,stop_gap,-19.99700000000007,-1.0224
2020-09-25,1,03:01,1873.8,1861.66,1873.8,1861.66,12.13,1861.66,stop,-12.133000000000038,-1.0332
2020-09-28,-1,02:00,1864.94,1856.04,1856.04,1864.94,8.89,1864.94,stop,-8.893000000000029,-1.0453
2020-09-30,-1,02:08,1899.24,1887.02,1887.02,1899.24,12.21,1899.24,stop,-12.209999999999809,-1.0328
2020-10-01,1,02:15,1895.42,1884.56,1895.42,1884.56,10.86,1903.74,close,8.323000000000093,0.7296
2020-10-02,1,02:23,1908.94,1889.64,1908.94,1889.64,19.3,1901.6,close,-7.333000000000084,-0.4007
2020-10-05,-1,02:01,1904.16,1891.42,1891.42,1904.16,12.74,1904.16,stop,-12.740000000000009,-1.0314
2020-10-07,1,02:08,1887.16,1872.75,1887.16,1872.75,14.41,1887.01,close,-0.14699999999993452,-0.038
2020-10-09,1,03:53,1912.79,1894.91,1912.79,1894.91,17.88,1928.74,close,15.946999999999889,0.8695
2020-10-12,-1,05:19,1933.05,1921.36,1921.36,1933.05,11.69,1923.3,close,-1.9429999999999836,-0.2004
2020-10-14,1,02:41,1897.75,1882.4,1897.75,1882.4,15.35,1899.14,close,1.3869999999999436,0.0643
2020-10-15,1,03:41,1901.89,1891.78,1901.89,1891.78,10.11,1891.78,stop,-10.1099999999999,-1.0396
2020-10-19,1,02:02,1908.91,1896.88,1908.91,1896.88,12.03,1900.78,close,-8.13299999999981,-0.7093
2020-10-20,1,05:13,1904.07,1894.62,1904.07,1894.62,9.45,1909.7,close,5.630000000000109,0.5534
2020-10-21,1,03:58,1920.34,1910.06,1920.34,1910.06,10.28,1924.44,close,4.099999999999909,0.3599
2020-10-27,-1,04:14,1910.32,1901.82,1901.82,1910.32,8.5,1910.32,stop,-8.497000000000071,-1.0467
2020-10-28,-1,04:21,1910.77,1902.36,1902.36,1910.77,8.4,1876.92,close,25.447000000000116,2.9818
2020-10-29,-1,06:17,1884.86,1875.68,1875.68,1884.86,9.18,1869.14,close,6.537000000000035,0.6685
2020-10-30,1,07:56,1878.0,1864.26,1878.0,1864.26,13.74,1877.6,close,-0.3999999999998636,-0.0582
2020-11-02,1,02:53,1885.53,1873.31,1885.53,1873.31,12.22,1895.31,close,9.779999999999973,0.7676
2020-11-03,-1,02:27,1898.51,1890.46,1890.46,1898.51,8.05,1898.51,stop,-8.053000000000111,-1.0501
2020-11-05,1,02:03,1910.44,1902.36,1910.44,1902.36,8.09,1948.97,close,38.52300000000014,4.7124
2020-11-06,1,02:49,1947.21,1935.47,1947.21,1935.47,11.74,1952.2,close,4.996999999999844,0.3916
2020-11-09,-1,06:34,1965.42,1952.5,1952.5,1965.42,12.92,1865.42,close,87.08300000000008,6.7092
2020-11-10,1,02:03,1889.34,1867.38,1889.34,1867.38,21.96,1867.38,stop,-21.962999999999965,-1.0184
2020-11-11,-1,02:27,1884.38,1876.29,1876.29,1884.38,8.09,1863.66,close,12.623000000000047,1.5109
2020-11-12,1,04:37,1872.53,1862.59,1872.53,1862.59,9.94,1875.54,close,3.007000000000062,0.2623
2020-11-16,-1,02:18,1898.93,1887.51,1887.51,1898.93,11.42,1887.44,close,0.06300000000010186,-0.0295
2020-11-17,-1,03:07,1892.37,1884.2,1884.2,1892.37,8.17,1892.37,stop,-8.169999999999845,-1.049
2020-11-19,-1,03:12,1872.78,1858.05,1858.05,1872.78,14.72,1866.5,close,-8.449999999999818,-0.6012
2020-11-20,-1,02:42,1869.69,1861.1,1861.1,1869.69,8.58,1869.69,stop,-8.583000000000084,-1.047
2020-11-24,-1,05:29,1836.19,1821.19,1821.19,1836.19,15.0,1807.32,close,13.870000000000118,0.898
2020-11-25,1,03:13,1812.06,1801.5,1812.06,1801.5,10.56,1806.62,close,-5.442999999999984,-0.5533
2020-12-03,1,02:27,1837.16,1826.14,1837.16,1826.14,11.02,1826.14,stop,-11.019999999999982,-1.0363
2020-12-08,-1,06:03,1871.72,1861.0,1861.0,1871.72,10.72,1871.72,stop,-10.718000000000075,-1.0371
2020-12-09,-1,06:40,1870.43,1855.54,1855.54,1870.43,14.89,1837.94,close,17.59999999999991,1.1551
2020-12-10,-1,02:00,1842.36,1834.11,1834.11,1842.36,8.25,1842.36,stop,-8.247000000000071,-1.0481
2020-12-15,1,02:05,1840.8,1825.35,1840.8,1825.35,15.45,1854.33,close,13.532999999999902,0.85
2020-12-17,1,02:06,1871.2,1861.9,1871.2,1861.9,9.3,1884.25,close,13.053000000000111,1.3605
2020-12-18,-1,03:12,1886.66,1878.41,1878.41,1886.66,8.25,1886.66,stop,-8.247000000000071,-1.0481
2020-12-21,-1,04:47,1906.64,1882.81,1882.81,1906.64,23.83,1875.41,close,7.400000000000091,0.2937
2020-12-22,-1,02:14,1884.24,1867.86,1867.86,1884.24,16.38,1861.28,close,6.572999999999865,0.3769
2020-12-28,-1,05:56,1900.1,1877.21,1877.21,1900.1,22.89,1873.4,close,3.813000000000102,0.1491
2020-12-30,-1,03:11,1886.01,1877.49,1877.49,1886.01,8.52,1886.01,stop,-8.519999999999982,-1.0469
2021-01-04,1,03:00,1925.48,1909.86,1925.48,1909.86,15.62,1943.54,close,18.063000000000102,1.1308
2021-01-05,1,04:05,1943.92,1934.18,1943.92,1934.18,9.74,1949.3,close,5.380000000000109,0.5113
2021-01-06,1,03:46,1955.18,1941.3,1955.18,1941.3,13.87,1941.3,stop,-13.873000000000047,-1.0291
2021-01-07,-1,05:21,1927.52,1914.6,1914.6,1927.52,12.92,1913.41,close,1.1870000000001255,0.0609
2021-01-08,-1,02:57,1916.55,1905.82,1905.82,1916.55,10.73,1847.68,close,58.136999999999944,5.3809
2021-01-11,1,02:16,1849.29,1816.89,1849.29,1816.89,32.4,1845.06,close,-4.232999999999947,-0.143
2021-01-12,1,02:12,1860.5,1841.16,1860.5,1841.16,19.33,1841.16,stop,-19.332999999999856,-1.0208
2021-01-13,-1,03:34,1862.89,1854.44,1854.44,1862.89,8.45,1848.68,close,5.766999999999825,0.6351
2021-01-15,1,04:45,1855.5,1846.62,1855.5,1846.62,8.87,1846.62,stop,-8.873000000000047,-1.0454
2021-01-20,1,02:18,1854.36,1839.29,1854.36,1839.29,15.07,1839.29,stop,-15.073000000000093,-1.0267
2021-01-21,-1,02:34,1874.92,1866.79,1866.79,1874.92,8.12,1868.78,close,-1.9860000000001037,-0.2938
2021-01-22,-1,04:45,1869.83,1857.1,1857.1,1869.83,12.73,1854.13,close,2.9700000000000273,0.2019
2021-01-25,1,05:48,1859.9,1849.16,1859.9,1849.16,10.73,1849.16,stop,-10.730000000000018,-1.0373
2021-01-26,-1,02:32,1861.64,1853.06,1853.06,1861.64,8.58,1851.22,close,1.8330000000000837,0.167
2021-01-27,1,03:02,1851.34,1843.27,1851.34,1843.27,8.08,1843.27,stop,-8.076999999999998,-1.0491
2021-01-29,1,04:05,1851.58,1839.42,1851.58,1839.42,12.17,1841.68,close,-9.910000000000082,-0.8472
2021-02-01,1,03:10,1867.04,1848.89,1867.04,1848.89,18.14,1858.76,close,-8.269999999999982,-0.4779
2021-02-02,-1,02:12,1863.98,1852.62,1852.62,1863.98,11.35,1835.8,close,16.829999999999927,1.4476
2021-02-03,-1,02:46,1844.78,1836.4,1836.4,1844.78,8.38,1832.84,close,3.5699999999999363,0.3783
2021-02-04,-1,04:06,1834.64,1815.84,1815.84,1834.64,18.8,1793.47,close,22.36999999999989,1.1686
2021-02-08,-1,03:51,1818.8,1808.31,1808.31,1818.8,10.49,1818.8,stop,-10.491999999999962,-1.0383
2021-02-09,1,02:51,1843.14,1829.81,1843.14,1829.81,13.33,1835.82,close,-7.3129999999998745,-0.5786
2021-02-10,1,02:18,1845.32,1833.92,1845.32,1833.92,11.4,1842.42,close,-2.900000000000091,-0.2895
2021-02-11,1,02:08,1843.76,1833.9,1843.76,1833.9,9.87,1833.9,stop,-9.870000000000118,-1.0405
2021-02-12,-1,02:00,1827.85,1818.55,1818.55,1827.85,9.3,1827.85,stop,-9.299999999999955,-1.043
2021-02-16,-1,06:50,1826.38,1818.0,1818.0,1826.38,8.38,1795.08,close,22.919999999999845,2.6874
2021-02-17,-1,03:03,1795.02,1786.46,1786.46,1795.02,8.56,1774.52,close,11.939999999999827,1.3481
2021-02-18,1,03:45,1785.61,1776.92,1785.61,1776.92,8.7,1776.92,stop,-8.69600000000014,-1.0455
2021-02-22,1,02:53,1794.94,1780.54,1794.94,1780.54,14.39,1808.09,close,13.15300000000002,0.8862
2021-02-23,-1,04:21,1815.88,1806.06,1806.06,1815.88,9.81,1804.58,close,1.4800000000000182,0.1101
2021-02-24,-1,02:48,1813.74,1805.02,1805.02,1813.74,8.73,1802.5,close,2.509999999999991,0.2417
2021-02-25,-1,02:09,1804.1,1793.12,1793.12,1804.1,10.99,1769.46,close,23.65000000000009,2.1156
2021-02-26,-1,02:15,1775.6,1757.82,1757.82,1775.6,17.79,1726.74,close,31.083000000000084,1.7247
2021-03-01,1,02:15,1756.12,1737.18,1756.12,1737.18,18.94,1737.18,stop,-18.940000000000055,-1.0211
2021-03-02,1,05:30,1728.38,1707.07,1728.38,1707.07,21.31,1733.05,close,4.670000000000073,0.2004
2021-03-04,1,02:13,1719.96,1706.56,1719.96,1706.56,13.39,1706.56,stop,-13.394999999999982,-1.0302
2021-03-05,1,02:14,1699.35,1687.19,1699.35,1687.19,12.16,1687.19,stop,-12.160000000000082,-1.0329
2021-03-08,-1,02:00,1714.17,1703.79,1703.79,1714.17,10.38,1680.44,close,23.353000000000065,2.2113
2021-03-09,1,02:26,1694.33,1680.01,1694.33,1680.01,14.32,1715.96,close,21.63499999999999,1.4829
2021-03-10,-1,06:27,1719.48,1709.54,1709.54,1719.48,9.93,1719.48,stop,-9.930999999999813,-1.0404
2021-03-11,1,02:25,1735.85,1723.13,1735.85,1723.13,12.71,1723.13,stop,-12.713999999999942,-1.0318
2021-03-12,-1,02:13,1727.9,1709.58,1709.58,1727.9,18.31,1723.4,close,-13.820999999999913,-0.7767
2021-03-17,-1,07:16,1737.9,1729.54,1729.54,1737.9,8.37,1737.9,stop,-8.368999999999915,-1.0477
2021-03-18,-1,03:22,1755.41,1747.4,1747.4,1755.41,8.0,1734.72,close,12.684999999999945,1.5356
2021-03-19,1,03:30,1743.42,1728.39,1743.42,1728.39,15.03,1742.52,close,-0.9069999999999254,-0.087
2021-03-22,-1,03:00,1742.99,1729.44,1729.44,1742.99,13.55,1739.41,close,-9.97199999999998,-0.7655
2021-03-23,1,06:08,1740.42,1730.92,1740.42,1730.92,9.5,1730.92,stop,-9.5,-1.0421
2021-03-24,1,05:41,1734.31,1723.62,1734.31,1723.62,10.68,1732.94,close,-1.3740000000000236,-0.1661
2021-03-30,-1,02:01,1714.32,1704.5,1704.5,1714.32,9.81,1681.98,close,22.527000000000044,2.2556
2021-03-31,1,02:32,1686.32,1677.79,1686.32,1677.79,8.53,1707.74,close,21.419999999999845,2.4642
2021-04-01,1,02:40,1714.93,1705.64,1714.93,1705.64,9.29,1729.02,close,14.086999999999989,1.4733
2021-04-06,1,02:00,1737.57,1727.11,1737.57,1727.11,10.46,1742.4,close,4.836999999999989,0.4242
2021-04-08,1,03:36,1745.3,1733.06,1745.3,1733.06,12.24,1755.78,close,10.480000000000018,0.8235
2021-04-13,-1,02:33,1736.28,1724.88,1724.88,1736.28,11.4,1736.28,stop,-11.400000000000091,-1.0351
2021-04-15,1,02:03,1742.96,1734.25,1742.96,1734.25,8.71,1764.79,close,21.829999999999927,2.4604
2021-04-19,1,03:43,1783.46,1773.02,1783.46,1773.02,10.44,1773.02,stop,-10.436999999999898,-1.038
2021-04-20,-1,04:28,1775.58,1765.49,1765.49,1775.58,10.09,1775.58,stop,-10.089999999999918,-1.0396
2021-04-21,1,02:08,1785.64,1776.17,1785.64,1776.17,9.47,1794.43,close,8.790000000000191,0.886
2021-04-28,-1,03:06,1776.18,1766.32,1766.32,1776.18,9.85,1776.18,stop,-9.849999999999909,-1.0406
2021-05-03,1,02:21,1775.58,1767.24,1775.58,1767.24,8.34,1791.64,close,16.067000000000007,1.8785
2021-05-04,-1,05:37,1793.08,1783.79,1783.79,1793.08,9.29,1793.08,stop,-9.289999999999964,-1.0431
2021-05-06,1,02:01,1792.32,1781.88,1792.32,1781.88,10.44,1815.3,close,22.982999999999947,2.1631
2021-05-07,1,04:37,1822.16,1812.75,1822.16,1812.75,9.41,1832.06,close,9.907000000000153,1.0103
2021-05-10,1,06:26,1839.06,1830.0,1839.06,1830.0,9.06,1837.95,close,-1.1099999999999,-0.1667
2021-05-13,-1,04:50,1822.92,1813.16,1813.16,1822.92,9.76,1822.92,stop,-9.759999999999991,-1.041
2021-05-25,1,02:37,1880.83,1872.61,1880.83,1872.61,8.21,1899.92,close,19.089999999999918,2.2765
2021-05-26,1,03:44,1907.64,1896.85,1907.64,1896.85,10.79,1896.85,stop,-10.789999999999964,-1.0371
2021-05-27,1,02:02,1902.1,1892.01,1902.1,1892.01,10.1,1892.01,stop,-10.09699999999998,-1.0393
2021-05-28,-1,02:17,1898.4,1889.5,1889.5,1898.4,8.9,1898.4,stop,-8.899999999999864,-1.0449
2021-06-03,-1,02:06,1909.5,1900.37,1900.37,1909.5,9.13,1871.35,close,29.019999999999982,3.1347
2021-06-04,1,02:44,1872.03,1855.32,1872.03,1855.32,16.71,1891.85,close,19.819999999999936,1.1622
2021-06-07,-1,02:00,1891.77,1883.37,1883.37,1891.77,8.4,1891.77,stop,-8.400000000000091,-1.0476
2021-06-08,-1,02:00,1903.24,1894.83,1894.83,1903.24,8.41,1903.24,stop,-8.410000000000082,-1.0476
2021-06-14,-1,02:20,1875.6,1860.09,1860.09,1875.6,15.5,1866.07,close,-5.973999999999933,-0.4112
2021-06-15,1,02:04,1867.8,1858.55,1867.8,1858.55,9.25,1858.55,stop,-9.25,-1.0432
2021-06-17,-1,02:08,1825.23,1814.32,1814.32,1825.23,10.91,1772.08,close,42.24000000000001,3.835
2021-06-18,1,03:28,1787.1,1773.63,1787.1,1773.63,13.47,1773.63,stop,-13.470000000000027,-1.0297
2021-06-21,1,02:10,1776.77,1766.38,1776.77,1766.38,10.39,1783.08,close,6.309999999999945,0.5688
2021-06-22,-1,03:12,1790.0,1779.21,1779.21,1790.0,10.79,1776.25,close,2.9600000000000364,0.2373
2021-06-28,1,02:00,1785.68,1770.52,1785.68,1770.52,15.16,1779.24,close,-6.443000000000211,-0.4514
2021-06-30,-1,02:00,1764.54,1756.49,1756.49,1764.54,8.05,1764.54,stop,-8.049999999999955,-1.0497
2021-07-01,1,02:00,1777.16,1765.53,1777.16,1765.53,11.63,1775.98,close,-1.1769999999999072,-0.1356
2021-07-06,1,02:00,1804.14,1790.71,1804.14,1790.71,13.44,1790.71,stop,-13.436999999999898,-1.0295
2021-07-07,1,02:33,1802.8,1793.75,1802.8,1793.75,9.05,1803.41,close,0.6099999999999,0.0232
2021-07-08,1,03:27,1805.41,1796.13,1805.41,1796.13,9.28,1796.13,stop,-9.279999999999973,-1.0431
2021-07-09,-1,02:25,1807.65,1799.22,1799.22,1807.65,8.43,1807.65,stop,-8.429999999999836,-1.0474
2021-07-12,-1,02:12,1810.71,1800.22,1800.22,1810.71,10.48,1806.26,close,-6.033000000000129,-0.6138
2021-07-14,1,02:03,1813.78,1804.45,1813.78,1804.45,9.33,1827.23,close,13.452999999999975,1.399
2021-07-26,1,03:24,1809.11,1798.28,1809.11,1798.28,10.83,1798.28,stop,-10.829999999999927,-1.0369
2021-07-29,1,02:47,1818.11,1808.24,1818.11,1808.24,9.87,1828.75,close,10.6400000000001,1.0375
2021-08-02,-1,02:25,1816.76,1808.35,1808.35,1816.76,8.41,1816.76,stop,-8.410000000000082,-1.0476
2021-08-09,1,02:40,1746.58,1684.88,1746.58,1684.88,61.7,1728.74,close,-17.839999999999918,-0.2956
2021-08-11,1,06:17,1735.06,1723.99,1735.06,1723.99,11.07,1752.74,close,17.680000000000064,1.561
2021-08-16,-1,02:05,1782.45,1772.81,1772.81,1782.45,9.64,1782.45,stop,-9.6400000000001,-1.0415
2021-08-17,1,02:01,1792.37,1784.31,1792.37,1784.31,8.06,1784.31,stop,-8.059999999999945,-1.0496
2021-08-19,1,05:20,1788.85,1774.36,1788.85,1774.36,14.49,1780.92,close,-7.930000000000064,-0.5749
2021-08-20,1,02:05,1786.85,1778.63,1786.85,1778.63,8.22,1778.63,stop,-8.220000000000027,-1.0487
2021-08-23,1,04:57,1788.56,1776.39,1788.56,1776.39,12.17,1803.64,close,15.082999999999856,1.2065
2021-08-27,1,02:00,1802.56,1792.53,1802.56,1792.53,10.04,1792.53,stop,-10.037000000000035,-1.0395
2021-08-30,-1,02:11,1823.08,1813.26,1813.26,1823.08,9.82,1810.46,close,2.803000000000111,0.2447
2021-09-07,-1,02:02,1827.13,1816.84,1816.84,1827.13,10.29,1793.5,close,23.339999999999918,2.2293
2021-09-13,1,02:01,1793.25,1783.57,1793.25,1783.57,9.68,1793.15,close,-0.10000000000013642,-0.0517
2021-09-16,-1,02:10,1796.07,1785.79,1785.79,1796.07,10.28,1754.29,close,31.506000000000085,3.0259
2021-09-17,1,02:05,1762.77,1753.44,1762.77,1753.44,9.33,1753.44,stop,-9.329999999999927,-1.0429
2021-09-20,1,04:40,1755.03,1741.98,1755.03,1741.98,13.05,1763.69,close,8.66599999999994,0.6334
2021-09-24,1,02:00,1755.19,1744.42,1755.19,1744.42,10.76,1744.42,stop,-10.764000000000124,-1.0375
2021-09-27,-1,05:57,1760.74,1748.09,1748.09,1760.74,12.64,1750.23,close,-2.1399999999998727,-0.2009
2021-09-29,1,03:02,1741.26,1733.2,1741.26,1733.2,8.06,1733.2,stop,-8.059999999999945,-1.0496
2021-10-05,-1,02:03,1769.07,1756.24,1756.24,1769.07,12.83,1760.12,close,-3.8900000000001,-0.3344
2021-10-06,-1,02:01,1759.99,1750.84,1750.84,1759.99,9.15,1759.99,stop,-9.150000000000091,-1.0437
2021-10-12,1,02:00,1761.98,1750.66,1761.98,1750.66,11.33,1761.24,close,-0.7400000000000091,-0.1006
2021-10-19,1,02:10,1777.65,1762.85,1777.65,1762.85,14.79,1770.04,close,-7.6099999999999,-0.5416
2021-10-20,1,02:03,1777.04,1766.74,1777.04,1766.74,10.29,1785.22,close,8.185999999999922,0.7567
2021-10-21,-1,03:03,1789.37,1781.12,1781.12,1789.37,8.25,1783.88,close,-2.759999999999991,-0.383
2021-10-25,1,04:23,1800.97,1792.16,1800.97,1792.16,8.81,1806.65,close,5.673999999999978,0.5986
2021-10-27,-1,03:40,1794.29,1785.39,1785.39,1794.29,8.9,1794.29,stop,-8.900000000000091,-1.0449
2021-10-28,1,02:30,1803.13,1794.01,1803.13,1794.01,9.11,1794.01,stop,-9.114000000000033,-1.0443
2021-11-08,-1,03:56,1821.35,1812.8,1812.8,1821.35,8.55,1821.35,stop,-8.549999999999955,-1.0468
2021-11-11,1,02:41,1855.54,1842.75,1855.54,1842.75,12.79,1862.5,close,6.960000000000036,0.5129
2021-11-15,-1,02:16,1865.96,1856.35,1856.35,1865.96,9.61,1865.96,stop,-9.610000000000127,-1.0416
2021-11-18,-1,05:17,1870.81,1862.48,1862.48,1870.81,8.34,1860.64,close,1.8400000000001455,0.1727
2021-11-22,-1,02:06,1848.98,1840.96,1840.96,1848.98,8.03,1805.09,close,35.86400000000003,4.4164
2021-11-23,-1,02:00,1812.32,1803.26,1803.26,1812.32,9.06,1790.42,close,12.843000000000075,1.3734
2021-11-30,1,04:26,1795.84,1782.91,1795.84,1782.91,12.93,1782.91,stop,-12.930000000000064,-1.0309
2021-12-03,-1,04:06,1776.36,1767.36,1767.36,1776.36,8.99,1776.36,stop,-8.992999999999938,-1.0448
2021-12-10,-1,03:15,1779.54,1771.27,1771.27,1779.54,8.28,1779.54,stop,-8.277000000000044,-1.0479
2021-12-16,1,02:02,1784.92,1775.42,1784.92,1775.42,9.5,1799.27,close,14.350000000000136,1.4684
2021-12-17,1,02:04,1807.13,1797.15,1807.13,1797.15,9.98,1797.15,stop,-9.980000000000018,-1.0401
2021-12-30,-1,02:20,1805.46,1797.08,1797.08,1805.46,8.38,1805.46,stop,-8.383000000000038,-1.0481
2022-01-06,-1,02:55,1811.44,1799.43,1799.43,1811.44,12.01,1788.02,close,11.410000000000082,0.9167
2022-01-11,1,03:05,1809.7,1801.06,1809.7,1801.06,8.64,1822.93,close,13.233000000000175,1.4853
2022-01-14,1,03:06,1828.0,1819.47,1828.0,1819.47,8.53,1819.47,stop,-8.529999999999973,-1.0469
2022-01-27,-1,03:00,1821.86,1809.82,1809.82,1821.86,12.04,1794.84,close,14.980999999999995,1.211
2022-02-14,-1,02:05,1860.59,1851.38,1851.38,1860.59,9.21,1860.59,stop,-9.210000000000036,-1.0434
2022-02-15,-1,03:12,1879.38,1870.01,1870.01,1879.38,9.37,1853.25,close,16.75999999999999,1.746
2022-02-17,1,03:16,1877.07,1867.7,1877.07,1867.7,9.37,1898.56,close,21.49000000000001,2.2508
2022-02-18,-1,05:30,1902.36,1888.24,1888.24,1902.36,14.12,1896.9,close,-8.664999999999964,-0.642
2022-02-22,-1,03:29,1913.8,1905.19,1905.19,1913.8,8.61,1900.33,close,4.860000000000127,0.518
2022-02-24,1,04:39,1949.0,1910.0,1949.0,1910.0,39.0,1910.0,stop,-39.00499999999988,-1.0104
2022-02-25,-1,06:26,1921.48,1904.2,1904.2,1921.48,17.28,1890.7,close,13.502999999999929,0.7583
2022-02-28,-1,02:22,1919.29,1904.41,1904.41,1919.29,14.88,1909.96,close,-5.550000000000182,-0.3999
2022-03-02,1,02:47,1943.69,1930.89,1943.69,1930.89,12.8,1930.89,stop,-12.800000000000182,-1.0313
2022-03-03,1,02:52,1930.74,1921.91,1930.74,1921.91,8.83,1936.84,close,6.099999999999909,0.6455
2022-03-07,1,04:48,2000.94,1976.1,2000.94,1976.1,24.84,1976.1,stop,-24.837999999999965,-1.016
2022-03-08,1,02:41,2020.63,1980.94,2020.63,1980.94,39.69,2050.81,close,30.180000000000064,0.7503
2022-03-09,-1,04:03,2059.07,2034.96,2034.96,2059.07,24.11,1990.96,close,43.996000000000095,1.8082
2022-03-10,1,05:11,1989.89,1970.51,1989.89,1970.51,19.38,1997.57,close,7.680000000000064,0.3756
2022-03-11,-1,06:24,1997.14,1980.85,1980.85,1997.14,16.29,1982.56,close,-1.7100000000000364,-0.1295
2022-03-14,-1,04:06,1978.66,1969.92,1969.92,1978.66,8.74,1952.52,close,17.399999999999864,1.9451
2022-03-15,-1,06:56,1952.09,1924.83,1924.83,1952.09,27.26,1916.57,close,8.259999999999991,0.2883
2022-03-16,-1,04:19,1924.67,1912.51,1912.51,1924.67,12.16,1924.67,stop,-12.159999999999854,-1.0329
2022-03-17,1,04:24,1938.14,1925.36,1938.14,1925.36,12.77,1937.27,close,-0.8699999999998909,-0.0995
2022-03-22,-1,04:10,1938.27,1929.18,1929.18,1938.27,9.09,1921.53,close,7.650000000000091,0.7976
2022-03-23,1,04:41,1924.25,1915.45,1924.25,1915.45,8.8,1946.65,close,22.404999999999973,2.5006
2022-03-24,1,07:40,1948.48,1937.28,1948.48,1937.28,11.2,1961.43,close,12.952999999999975,1.1208
2022-03-25,-1,03:03,1964.15,1955.35,1955.35,1964.15,8.8,1954.27,close,1.0850000000000364,0.0778
2022-03-29,-1,03:26,1929.17,1921.12,1921.12,1929.17,8.05,1919.31,close,1.8099999999999454,0.1752
2022-03-30,1,02:16,1927.18,1915.79,1927.18,1915.79,11.39,1934.1,close,6.9249999999999545,0.5729
2022-04-04,1,02:54,1926.71,1915.33,1926.71,1915.33,11.38,1932.3,close,5.589999999999918,0.4561
2022-04-06,-1,03:12,1925.16,1916.54,1916.54,1925.16,8.62,1925.16,stop,-8.620000000000118,-1.0464
2022-04-12,-1,05:21,1960.4,1949.7,1949.7,1960.4,10.7,1960.4,stop,-10.695999999999913,-1.037
2022-04-13,1,04:16,1973.45,1962.72,1973.45,1962.72,10.73,1978.05,close,4.599999999999909,0.3914
2022-04-14,-1,02:00,1980.25,1972.1,1972.1,1980.25,8.15,1971.57,close,0.5319999999999254,0.0162
2022-04-18,1,02:24,1988.44,1978.05,1988.44,1978.05,10.39,1978.05,stop,-10.387000000000171,-1.0382
2022-04-20,-1,02:05,1951.42,1940.42,1940.42,1951.42,11.0,1951.42,stop,-11.0,-1.0364
2022-04-25,-1,02:33,1932.86,1913.14,1913.14,1932.86,19.73,1897.87,close,15.264999999999873,0.7534
2022-04-26,-1,03:35,1907.4,1897.23,1897.23,1907.4,10.17,1907.4,stop,-10.169999999999845,-1.0393
2022-04-27,-1,04:01,1906.88,1895.89,1895.89,1906.88,10.99,1906.88,stop,-10.986999999999853,-1.0361
2022-04-28,1,04:42,1886.66,1871.94,1886.66,1871.94,14.72,1895.89,close,9.230000000000018,0.5999
2022-04-29,1,02:05,1908.24,1892.47,1908.24,1892.47,15.77,1896.52,close,-11.720000000000027,-0.7685
2022-05-02,-1,04:24,1899.79,1882.62,1882.62,1899.79,17.16,1861.67,close,20.955000000000155,1.1978
2022-05-03,-1,02:27,1867.0,1857.33,1857.33,1867.0,9.66,1867.0,stop,-9.664999999999964,-1.0419
2022-05-06,1,04:24,1877.84,1866.0,1877.84,1866.0,11.84,1880.91,close,3.0750000000000455,0.2259
2022-05-09,-1,02:09,1882.58,1870.53,1870.53,1882.58,12.05,1853.45,close,17.079999999999927,1.3842
2022-05-10,1,02:05,1865.21,1852.39,1865.21,1852.39,12.82,1852.39,stop,-12.820000000000164,-1.0312
2022-05-11,1,02:15,1839.9,1831.84,1839.9,1831.84,8.06,1852.96,close,13.065000000000055,1.5713
2022-05-12,-1,03:08,1858.71,1847.37,1847.37,1858.71,11.34,1823.88,close,23.491999999999962,2.0363
2022-05-13,1,03:34,1828.42,1818.82,1828.42,1818.82,9.6,1818.82,stop,-9.599999999999909,-1.0417
2022-05-16,-1,02:06,1817.49,1806.46,1806.46,1817.49,11.03,1817.49,stop,-11.029999999999973,-1.0363
2022-05-18,1,05:31,1817.15,1807.58,1817.15,1807.58,9.57,1807.58,stop,-9.569999999999936,-1.0418
2022-05-20,1,02:07,1846.65,1836.36,1846.65,1836.36,10.29,1836.36,stop,-10.289999999999964,-1.0389
2022-05-23,1,04:09,1858.13,1845.53,1858.13,1845.53,12.6,1852.91,close,-5.214999999999918,-0.4456
2022-05-25,-1,02:08,1867.88,1858.73,1858.73,1867.88,9.15,1854.97,close,3.759999999999991,0.3672
2022-05-27,1,03:15,1856.31,1847.83,1856.31,1847.83,8.49,1853.36,close,-2.9550000000001546,-0.3952
2022-05-31,1,02:26,1854.97,1845.84,1854.97,1845.84,9.13,1845.84,stop,-9.13000000000011,-1.0438
2022-06-01,-1,04:59,1837.95,1829.54,1829.54,1837.95,8.41,1837.95,stop,-8.410000000000082,-1.0476
2022-06-13,-1,03:29,1877.36,1860.03,1860.03,1877.36,17.33,1822.65,close,37.38499999999999,2.1342
2022-06-14,1,02:01,1828.16,1817.61,1828.16,1817.61,10.54,1817.61,stop,-10.544999999999845,-1.0384
2022-06-15,1,02:02,1819.25,1807.59,1819.25,1807.59,11.66,1831.55,close,12.299999999999955,1.0206
2022-06-17,1,05:11,1851.92,1841.51,1851.92,1841.51,10.41,1841.51,stop,-10.409999999999854,-1.0384
2022-06-21,-1,02:47,1842.33,1833.58,1833.58,1842.33,8.75,1842.33,stop,-8.75,-1.0457
2022-06-27,1,02:34,1836.78,1828.06,1836.78,1828.06,8.72,1828.06,stop,-8.724999999999909,-1.0464
2022-07-01,-1,03:10,1807.06,1795.09,1795.09,1807.06,11.98,1807.06,stop,-11.976000000000113,-1.0331
2022-07-06,-1,06:08,1772.78,1763.0,1763.0,1772.78,9.78,1739.32,close,23.682000000000016,2.3806
2022-07-14,-1,02:12,1734.3,1725.34,1725.34,1734.3,8.95,1708.91,close,16.43600000000015,1.7917
2022-07-15,-1,02:04,1716.52,1707.38,1707.38,1716.52,9.14,1705.42,close,1.9600000000000364,0.1707
2022-07-18,1,03:22,1718.31,1707.37,1718.31,1707.37,10.94,1707.37,stop,-10.940000000000055,-1.0366
2022-07-25,1,03:36,1728.76,1719.77,1728.76,1719.77,9.0,1719.77,stop,-8.995999999999867,-1.044
2022-07-26,-1,06:17,1728.07,1718.15,1718.15,1728.07,9.93,1717.51,close,0.6419999999998254,0.0244
2022-07-29,1,02:09,1765.04,1752.52,1765.04,1752.52,12.51,1752.52,stop,-12.514000000000124,-1.0323
2022-08-02,-1,03:35,1780.39,1770.72,1770.72,1780.39,9.67,1780.39,stop,-9.669999999999845,-1.0414
2022-08-04,1,03:39,1774.51,1763.19,1774.51,1763.19,11.33,1793.47,close,18.95400000000018,1.6376
2022-08-15,-1,02:10,1801.59,1791.97,1791.97,1801.59,9.61,1778.86,close,13.1099999999999,1.3226
2022-08-25,1,02:16,1758.65,1749.83,1758.65,1749.83,8.83,1757.26,close,-1.3900000000001,-0.2027
2022-08-29,-1,03:34,1736.59,1721.03,1721.03,1736.59,15.56,1736.59,stop,-15.559999999999945,-1.0257
2022-09-01,-1,04:18,1711.22,1702.17,1702.17,1711.22,9.04,1694.59,close,7.579999999999927,0.7942
2022-09-06,-1,05:02,1726.57,1712.32,1712.32,1726.57,14.25,1700.02,close,12.299999999999955,0.8351
2022-09-07,1,04:03,1703.74,1691.22,1703.74,1691.22,12.52,1717.15,close,13.41599999999994,1.0396
2022-09-09,1,02:18,1721.78,1709.11,1721.78,1709.11,12.67,1715.54,close,-6.240000000000009,-0.5241
2022-09-15,-1,03:09,1698.12,1685.94,1685.94,1698.12,12.19,1663.79,close,22.15000000000009,1.7842
2022-09-19,-1,02:02,1679.86,1666.67,1666.67,1679.86,13.2,1674.5,close,-7.835000000000036,-0.6239
2022-09-20,-1,02:00,1679.29,1670.3,1670.3,1679.29,8.99,1664.94,close,5.360000000000127,0.5517
2022-09-22,-1,03:04,1671.57,1656.58,1656.58,1671.57,14.98,1671.57,stop,-14.982999999999947,-1.0269
2022-09-26,1,03:23,1645.77,1626.52,1645.77,1626.52,19.25,1626.52,stop,-19.25,-1.0208
2022-09-27,1,02:21,1636.26,1625.96,1636.26,1625.96,10.29,1627.14,close,-9.120000000000118,-0.9252
2022-09-29,-1,02:15,1659.28,1642.78,1642.78,1659.28,16.51,1659.28,stop,-16.507000000000062,-1.024
2022-09-30,1,02:02,1667.97,1659.16,1667.97,1659.16,8.81,1661.64,close,-6.323000000000093,-0.7631
2022-10-04,1,02:40,1704.01,1695.07,1704.01,1695.07,8.95,1724.81,close,20.800000000000182,2.2793
2022-10-05,1,02:41,1725.61,1717.41,1725.61,1717.41,8.21,1717.41,stop,-8.206000000000131,-1.0482
2022-10-06,1,03:55,1724.96,1715.99,1724.96,1715.99,8.97,1715.99,stop,-8.970000000000027,-1.0446
2022-10-10,-1,02:33,1698.14,1685.03,1685.03,1698.14,13.12,1668.92,close,16.113000000000056,1.1976
2022-10-11,-1,06:14,1673.54,1661.31,1661.31,1673.54,12.23,1673.54,stop,-12.230000000000018,-1.0327
2022-10-12,1,02:26,1672.06,1661.26,1672.06,1661.26,10.8,1675.05,close,2.9829999999999472,0.2392
2022-10-14,1,02:07,1670.48,1658.87,1670.48,1658.87,11.61,1658.87,stop,-11.606999999999971,-1.0342
2022-10-17,1,03:11,1654.0,1645.05,1654.0,1645.05,8.95,1647.85,close,-6.150000000000091,-0.7318
2022-10-18,-1,05:00,1660.71,1648.79,1648.79,1660.71,11.92,1651.25,close,-2.4600000000000364,-0.2399
2022-10-19,-1,02:01,1654.32,1644.81,1644.81,1654.32,9.51,1629.36,close,15.44900000000007,1.5824
2022-10-20,1,05:47,1634.84,1622.26,1634.84,1622.26,12.58,1626.72,close,-8.118999999999915,-0.6772
2022-10-21,-1,02:19,1628.11,1619.68,1619.68,1628.11,8.43,1628.11,stop,-8.42899999999986,-1.0473
2022-10-24,-1,03:18,1670.75,1651.73,1651.73,1670.75,19.02,1650.25,close,1.4800000000000182,0.0568
2022-10-26,1,02:12,1660.13,1649.56,1660.13,1649.56,10.57,1664.55,close,4.421000000000049,0.3804
2022-10-27,-1,02:44,1670.65,1662.11,1662.11,1670.65,8.54,1662.13,close,-0.020999999999958163,-0.0493
2022-11-01,1,03:00,1647.18,1630.48,1647.18,1630.48,16.7,1648.1,close,0.9199999999998454,0.0311
2022-11-03,-1,03:05,1640.86,1632.61,1632.61,1640.86,8.25,1630.79,close,1.8199999999999363,0.1721
2022-11-04,1,05:15,1649.57,1629.2,1649.57,1629.2,20.37,1680.65,close,31.080999999999904,1.5062
2022-11-08,-1,02:52,1676.58,1668.0,1668.0,1676.58,8.58,1676.58,stop,-8.580999999999904,-1.0467
2022-11-11,1,03:52,1764.23,1747.11,1764.23,1747.11,17.12,1767.72,close,3.4969999999998436,0.1809
2022-11-14,-1,04:52,1766.19,1757.83,1757.83,1766.19,8.36,1766.19,stop,-8.360000000000127,-1.0478
2022-11-16,1,04:19,1781.32,1770.17,1781.32,1770.17,11.15,1774.08,close,-7.240000000000009,-0.6852
2022-11-21,-1,02:41,1752.81,1743.66,1743.66,1752.81,9.15,1739.04,close,4.6189999999999145,0.4611
2022-11-23,1,02:37,1742.74,1732.86,1742.74,1732.86,9.88,1732.86,stop,-9.881000000000085,-1.0406
2022-11-29,1,03:01,1754.91,1740.06,1754.91,1740.06,14.85,1748.52,close,-6.389999999999873,-0.4572
2022-11-30,1,02:13,1755.63,1747.56,1755.63,1747.56,8.07,1747.56,stop,-8.069999999999936,-1.0496
2022-12-05,-1,02:11,1809.76,1798.48,1798.48,1809.76,11.28,1766.6,close,31.879000000000133,2.7907
2022-12-06,1,06:28,1776.09,1767.12,1776.09,1767.12,8.97,1771.66,close,-4.432999999999993,-0.5388
2022-12-09,1,06:29,1797.63,1788.3,1797.63,1788.3,9.33,1794.82,close,-2.8099999999999454,-0.3441
2022-12-12,1,06:37,1794.87,1785.31,1794.87,1785.31,9.56,1785.31,stop,-9.559999999999945,-1.0418
2022-12-15,-1,02:48,1807.72,1789.5,1789.5,1807.72,18.22,1776.84,close,12.660000000000082,0.6729
2022-12-16,1,02:02,1784.06,1775.85,1784.06,1775.85,8.21,1775.85,stop,-8.207000000000107,-1.0484
2022-12-20,1,03:02,1796.06,1784.5,1796.06,1784.5,11.56,1817.35,close,21.2829999999999,1.8065
2023-01-03,1,02:21,1844.07,1826.68,1844.07,1826.68,17.38,1838.1,close,-5.97199999999998,-0.3666
2023-01-04,1,02:01,1848.89,1836.05,1848.89,1836.05,12.84,1855.2,close,6.310000000000173,0.4603
2023-01-05,-1,02:50,1858.88,1850.1,1850.1,1858.88,8.78,1832.88,close,17.22199999999998,1.9159
2023-01-09,1,02:18,1879.88,1866.98,1879.88,1866.98,12.91,1871.08,close,-8.809999999999945,-0.7134
2023-01-10,1,03:56,1875.92,1867.74,1875.92,1867.74,8.17,1877.98,close,2.0699999999999363,0.2044
2023-01-11,1,03:49,1884.5,1871.85,1884.5,1871.85,12.66,1871.85,stop,-12.657000000000153,-1.0314
2023-01-12,1,04:42,1884.92,1875.68,1884.92,1875.68,9.23,1875.68,stop,-9.230000000000018,-1.0433
2023-01-13,1,03:07,1900.86,1892.2,1900.86,1892.2,8.65,1920.6,close,19.742999999999938,2.2362
2023-01-17,-1,04:40,1918.92,1906.81,1906.81,1918.92,12.12,1909.1,close,-2.2870000000000346,-0.2217
2023-01-18,1,03:04,1910.24,1896.5,1910.24,1896.5,13.74,1903.36,close,-6.869999999999891,-0.5291
2023-01-19,1,02:48,1911.04,1900.86,1911.04,1900.86,10.18,1933.45,close,22.410000000000082,2.1621
2023-01-20,1,03:09,1934.71,1923.04,1934.71,1923.04,11.67,1923.04,stop,-11.670000000000073,-1.0343
2023-01-24,1,02:01,1939.92,1930.68,1939.92,1930.68,9.25,1930.68,stop,-9.25,-1.0432
2023-01-25,-1,05:10,1939.53,1925.7,1925.7,1939.53,13.82,1939.53,stop,-13.823000000000093,-1.0292
2023-01-31,-1,03:07,1927.27,1911.92,1911.92,1927.27,15.34,1927.27,stop,-15.343000000000075,-1.0263
2023-02-06,1,03:05,1878.64,1863.55,1878.64,1863.55,15.1,1863.55,stop,-15.09699999999998,-1.0263
2023-02-07,1,03:01,1876.82,1868.26,1876.82,1868.26,8.55,1868.26,stop,-8.549999999999955,-1.0468
2023-02-09,1,02:22,1881.44,1871.91,1881.44,1871.91,9.54,1871.91,stop,-9.537000000000035,-1.0416
2023-02-10,1,02:46,1865.4,1852.59,1865.4,1852.59,12.81,1864.12,close,-1.2770000000000437,-0.1309
2023-02-13,-1,04:31,1866.4,1856.85,1856.85,1866.4,9.55,1854.25,close,2.599999999999909,0.2304
2023-02-14,-1,06:34,1864.78,1853.96,1853.96,1864.78,10.81,1864.78,stop,-10.810000000000173,-1.037
2023-02-15,-1,02:00,1860.0,1842.0,1842.0,1860.0,18.0,1837.46,close,4.539999999999964,0.23
2023-02-16,1,03:07,1842.5,1834.22,1842.5,1834.22,8.28,1834.22,stop,-8.2800000000002,-1.0483
2023-02-17,-1,02:01,1834.26,1823.1,1823.1,1834.26,11.16,1834.26,stop,-11.160000000000082,-1.0358
2023-08-07,-1,02:01,1945.22,1936.1,1936.1,1945.22,9.11,1936.6,close,-0.5,-0.0988
2023-09-11,1,02:33,1927.96,1916.58,1927.96,1916.58,11.38,1922.64,close,-5.319999999999936,-0.5026
2023-09-27,-1,04:22,1903.82,1895.54,1895.54,1903.82,8.29,1876.6,close,18.940000000000055,2.2364
2023-10-02,-1,05:01,1848.84,1839.14,1839.14,1848.84,9.69,1829.3,close,9.839999999999918,0.9742
2023-10-03,1,04:14,1828.02,1815.24,1828.02,1815.24,12.77,1823.86,close,-4.15300000000002,-0.3565
2023-10-13,1,03:02,1877.94,1869.5,1877.94,1869.5,8.43,1928.28,close,50.340000000000146,5.9241
2023-10-16,-1,02:01,1926.2,1914.1,1914.1,1926.2,12.1,1918.88,close,-4.779999999999973,-0.4281
2023-10-17,1,05:20,1921.72,1912.32,1921.72,1912.32,9.41,1922.54,close,0.8200000000001637,0.0446
2023-10-18,1,05:31,1942.64,1923.68,1942.64,1923.68,18.97,1950.28,close,7.633000000000038,0.3813
2023-10-19,1,04:09,1953.22,1945.12,1953.22,1945.12,8.09,1974.24,close,21.019999999999982,2.5488
2023-10-20,1,04:15,1982.2,1971.9,1982.2,1971.9,10.3,1979.6,close,-2.6099999999999,-0.2922
2023-10-23,1,03:33,1978.08,1964.28,1978.08,1964.28,13.81,1973.14,close,-4.940000000000055,-0.3867
2023-10-24,-1,04:45,1980.74,1971.28,1971.28,1980.74,9.45,1972.6,close,-1.3099999999999454,-0.181
2023-10-26,1,03:45,1989.5,1981.4,1989.5,1981.4,8.09,1981.4,stop,-8.089999999999918,-1.0494
2023-10-30,-1,03:00,2006.68,1994.92,1994.92,2006.68,11.77,1995.82,close,-0.9070000000001528,-0.111
2023-11-01,1,06:14,1983.96,1975.06,1983.96,1975.06,8.9,1975.06,stop,-8.896999999999935,-1.0446
2023-11-15,1,02:00,1970.44,1961.52,1970.44,1961.52,8.93,1961.52,stop,-8.929999999999836,-1.0448
2023-11-16,1,02:00,1967.26,1956.36,1967.26,1956.36,10.89,1980.69,close,13.432999999999993,1.1968
2023-11-20,-1,06:42,1985.08,1973.26,1973.26,1985.08,11.82,1977.76,close,-4.490000000000009,-0.4137
2023-11-21,1,03:08,1994.2,1980.64,1994.2,1980.64,13.56,1998.96,close,4.769999999999982,0.3223
2023-11-29,-1,02:36,2051.86,2042.72,2042.72,2051.86,9.15,2044.5,close,-1.7830000000001291,-0.2386
2023-12-04,-1,02:06,2120.86,2073.7,2073.7,2120.86,47.16,2026.26,close,47.44999999999982,0.9977
2023-12-05,-1,04:12,2041.16,2030.35,2030.35,2041.16,10.8,2019.02,close,11.32899999999995,1.0119
2023-12-06,1,02:01,2027.02,2018.66,2027.02,2018.66,8.36,2026.48,close,-0.540000000000191,-0.1124
2023-12-11,-1,02:55,2007.7,1994.76,1994.76,2007.7,12.94,1980.72,close,14.040000000000191,1.0541
2023-12-13,1,04:53,1982.44,1972.94,1982.44,1972.94,9.51,2023.84,close,41.40000000000009,4.3113
2023-12-14,-1,02:36,2039.18,2029.93,2029.93,2039.18,9.25,2039.18,stop,-9.246999999999844,-1.0429
2023-12-18,1,03:48,2024.68,2015.92,2024.68,2015.92,8.76,2026.4,close,1.7200000000000273,0.1507
2023-12-28,-1,03:20,2088.36,2079.1,2079.1,2088.36,9.26,2066.41,close,12.692999999999756,1.3275
2024-01-02,1,04:35,2076.66,2062.28,2076.66,2062.28,14.39,2062.28,stop,-14.389999999999873,-1.0278
2024-01-04,1,02:28,2048.58,2040.06,2048.58,2040.06,8.53,2040.06,stop,-8.529999999999973,-1.0469
2024-01-08,-1,04:19,2046.52,2026.92,2026.92,2046.52,19.6,2027.05,close,-0.1230000000000473,-0.0267
2024-01-10,1,03:07,2032.78,2023.8,2032.78,2023.8,8.99,2023.8,stop,-8.990000000000009,-1.0445
2024-01-11,1,02:26,2035.04,2026.5,2035.04,2026.5,8.54,2026.5,stop,-8.539999999999964,-1.0468
2024-01-22,-1,02:00,2032.0,2019.94,2019.94,2032.0,12.07,2020.74,close,-0.8099999999999454,-0.1002
2024-01-23,1,02:02,2035.82,2019.52,2035.82,2019.52,16.31,2028.58,close,-7.25,-0.469
2024-01-29,1,02:00,2028.94,2019.2,2028.94,2019.2,9.74,2032.61,close,3.673000000000002,0.336
2024-02-01,-1,03:15,2049.48,2039.04,2039.04,2049.48,10.43,2049.48,stop,-10.429999999999836,-1.0384
2024-02-05,-1,02:29,2039.74,2026.74,2026.74,2039.74,13.01,2024.9,close,1.8399999999999181,0.1107
2024-02-23,-1,04:16,2027.3,2018.02,2018.02,2027.3,9.27,2027.3,stop,-9.269999999999982,-1.0431
2024-03-05,1,03:27,2119.64,2110.38,2119.64,2110.38,9.27,2129.53,close,9.88299999999981,1.023
2024-03-08,1,03:14,2163.48,2153.9,2163.48,2153.9,9.58,2177.18,close,13.710000000000036,1.3894
2024-03-11,-1,04:58,2188.93,2176.76,2176.76,2188.93,12.17,2181.28,close,-4.519999999999982,-0.4043
2024-03-12,-1,07:14,2184.43,2173.48,2173.48,2184.43,10.94,2157.28,close,16.200000000000273,1.4442
2024-03-14,-1,07:48,2176.85,2167.32,2167.32,2176.85,9.52,2163.34,close,3.980000000000018,0.3761
2024-03-15,1,05:54,2169.98,2160.48,2169.98,2160.48,9.49,2160.48,stop,-9.489999999999782,-1.0421
2024-03-18,1,06:38,2157.44,2145.98,2157.44,2145.98,11.45,2160.08,close,2.650000000000091,0.1965
2024-03-19,-1,04:07,2162.74,2153.93,2153.93,2162.74,8.82,2157.68,close,-3.75,-0.4705
2024-03-22,-1,03:00,2185.96,2169.78,2169.78,2185.96,16.18,2163.86,close,5.92699999999968,0.3416
2024-03-25,-1,03:06,2178.24,2163.89,2163.89,2178.24,14.36,2178.24,stop,-14.359999999999673,-1.0279
2024-03-27,1,04:15,2181.61,2173.28,2181.61,2173.28,8.34,2193.26,close,11.640000000000327,1.3477
2024-03-28,1,06:22,2200.54,2187.22,2200.54,2187.22,13.32,2221.64,close,21.090000000000146,1.5533
2024-04-02,1,04:06,2259.8,2246.58,2259.8,2246.58,13.21,2277.35,close,17.550000000000182,1.2983
2024-04-03,-1,03:12,2287.89,2276.56,2276.56,2287.89,11.32,2287.89,stop,-11.321000000000367,-1.0354
2024-04-04,-1,02:49,2304.8,2294.92,2294.92,2304.8,9.88,2304.8,stop,-9.88000000000011,-1.0405
2024-04-05,1,04:11,2291.03,2267.6,2291.03,2267.6,23.42,2323.11,close,32.08699999999999,1.353
2024-04-09,1,03:13,2348.34,2337.55,2348.34,2337.55,10.79,2351.05,close,2.7100000000000364,0.2141
2024-04-11,-1,04:14,2346.76,2333.2,2333.2,2346.76,13.57,2346.76,stop,-13.569999999999709,-1.0295
2024-04-12,1,03:08,2395.26,2373.65,2395.26,2373.65,21.61,2373.65,stop,-21.610999999999876,-1.0186
2024-04-15,-1,04:32,2365.76,2348.26,2348.26,2365.76,17.5,2365.76,stop,-17.5,-1.0229
2024-04-16,-1,02:31,2389.2,2379.18,2379.18,2389.2,10.01,2389.2,stop,-10.01299999999992,-1.0403
2024-04-17,-1,02:17,2386.66,2374.04,2374.04,2386.66,12.62,2386.66,stop,-12.61999999999989,-1.0317
2024-04-18,1,02:01,2377.02,2363.54,2377.02,2363.54,13.49,2380.09,close,3.069999999999709,0.1979
2024-04-22,-1,02:43,2387.74,2360.76,2360.76,2387.74,26.99,2329.14,close,31.610000000000127,1.1564
2024-04-23,-1,05:17,2334.3,2295.41,2295.41,2334.3,38.9,2322.17,close,-26.76000000000022,-0.6982
2024-04-24,1,02:02,2329.98,2315.72,2329.98,2315.72,14.25,2315.72,stop,-14.25,-1.0281
2024-04-25,1,02:51,2321.98,2304.9,2321.98,2304.9,17.09,2332.8,close,10.809999999999945,0.6091
2024-04-26,1,02:02,2338.46,2326.16,2338.46,2326.16,12.3,2339.92,close,1.449999999999818,0.0854
2024-04-29,1,03:34,2336.72,2319.73,2336.72,2319.73,17.0,2335.61,close,-1.1100000000001273,-0.0888
2024-04-30,-1,02:03,2336.05,2321.64,2321.64,2336.05,14.41,2290.66,close,30.98999999999978,2.1228
2024-05-01,1,06:51,2293.18,2281.52,2293.18,2281.52,11.66,2309.68,close,16.5,1.3808
2024-05-02,-1,02:03,2326.32,2312.88,2312.88,2326.32,13.45,2302.8,close,10.083000000000084,0.7199
2024-05-03,-1,02:54,2308.61,2299.72,2299.72,2308.61,8.89,2308.61,stop,-8.889999999999873,-1.045
2024-05-06,1,03:26,2315.22,2291.64,2315.22,2291.64,23.57,2324.92,close,9.699999999999818,0.3946
2024-05-07,-1,02:01,2329.79,2319.57,2319.57,2329.79,10.22,2314.55,close,5.013000000000375,0.4514
2024-05-08,-1,03:59,2321.34,2306.88,2306.88,2321.34,14.47,2308.0,close,-1.1300000000001091,-0.1057
2024-05-09,-1,03:46,2319.64,2307.74,2307.74,2319.64,11.9,2319.64,stop,-11.900000000000091,-1.0336
2024-05-10,1,02:02,2358.66,2345.76,2358.66,2345.76,12.89,2363.3,close,4.639999999999873,0.3289
2024-05-13,-1,02:11,2364.36,2351.08,2351.08,2364.36,13.28,2337.25,close,13.829999999999927,1.0113
2024-05-14,1,05:04,2345.8,2334.7,2345.8,2334.7,11.1,2356.5,close,10.707000000000335,0.9286
2024-05-16,-1,02:59,2397.28,2386.42,2386.42,2397.28,10.86,2378.04,close,8.36999999999989,0.7339
2024-05-17,1,02:04,2382.24,2373.79,2382.24,2373.79,8.46,2416.36,close,34.113000000000284,3.985
2024-05-22,-1,04:27,2426.34,2411.21,2411.21,2426.34,15.13,2379.11,close,32.10599999999977,2.0956
2024-05-23,-1,02:00,2383.6,2358.18,2358.18,2383.6,25.42,2331.42,close,26.766999999999825,1.0373
2024-05-24,1,02:14,2339.2,2325.26,2339.2,2325.26,13.93,2333.66,close,-5.537000000000262,-0.4262
2024-05-30,1,06:59,2339.76,2322.46,2339.76,2322.46,17.3,2341.43,close,1.6700000000000728,0.0734
2024-06-03,-1,02:21,2331.0,2315.22,2315.22,2331.0,15.79,2331.0,stop,-15.789999999999964,-1.0253
2024-06-04,-1,03:10,2352.64,2343.07,2343.07,2352.64,9.58,2327.13,close,15.940000000000055,1.6221
2024-06-07,-1,04:02,2387.59,2369.28,2369.28,2387.59,18.32,2288.2,close,81.08299999999963,4.4041
2024-06-10,-1,02:27,2301.13,2292.02,2292.02,2301.13,9.1,2301.13,stop,-9.103000000000065,-1.0443
2024-06-14,1,02:21,2311.46,2301.42,2311.46,2301.42,10.05,2332.35,close,20.88299999999981,2.0381
2024-06-17,-1,02:01,2329.48,2317.68,2317.68,2329.48,11.8,2320.07,close,-2.3899999999998727,-0.2364
2024-06-20,1,02:27,2344.74,2327.63,2344.74,2327.63,17.11,2358.83,close,14.090000000000146,0.8001
2024-06-21,-1,03:04,2365.48,2357.0,2357.0,2365.48,8.49,2365.48,stop,-8.48700000000008,-1.0468
2024-06-24,1,03:27,2327.12,2317.57,2327.12,2317.57,9.55,2331.58,close,4.4529999999999745,0.4244
2024-06-25,1,05:18,2331.79,2322.61,2331.79,2322.61,9.18,2322.61,stop,-9.179999999999836,-1.0436
2024-06-26,-1,02:04,2323.74,2310.46,2310.46,2323.74,13.28,2298.57,close,11.88000000000011,0.8645
2024-06-28,1,03:48,2328.18,2318.91,2328.18,2318.91,9.28,2324.94,close,-3.2469999999998436,-0.393
2024-07-01,1,02:35,2328.43,2318.4,2328.43,2318.4,10.03,2330.91,close,2.48299999999972,0.2077
2024-07-02,-1,03:16,2334.21,2324.78,2324.78,2334.21,9.42,2334.21,stop,-9.42300000000023,-1.0428
2024-07-03,1,02:24,2335.66,2326.68,2335.66,2326.68,8.97,2354.22,close,18.562999999999647,2.0249
2024-07-05,1,02:01,2364.92,2355.91,2364.92,2355.91,9.01,2355.91,stop,-9.007000000000062,-1.0441
2024-07-08,-1,02:39,2390.94,2380.54,2380.54,2390.94,10.4,2359.1,close,21.429999999999836,2.0221
2024-07-09,-1,03:26,2368.66,2359.63,2359.63,2368.66,9.02,2368.66,stop,-9.023999999999887,-1.0448
2024-07-11,1,02:08,2382.86,2371.38,2382.86,2371.38,11.48,2414.02,close,31.159999999999854,2.6794
2024-07-12,-1,02:28,2416.16,2405.32,2405.32,2416.16,10.85,2416.16,stop,-10.849999999999909,-1.0369
2024-07-15,-1,02:25,2413.82,2404.82,2404.82,2413.82,9.0,2413.82,stop,-9.0,-1.0444
2024-07-16,1,02:43,2432.65,2419.84,2432.65,2419.84,12.81,2468.49,close,35.83999999999969,2.7666
2024-07-17,-1,02:02,2482.32,2463.88,2463.88,2482.32,18.45,2482.32,stop,-18.44699999999966,-1.0215
2024-07-18,1,02:30,2469.83,2457.22,2469.83,2457.22,12.6,2457.22,stop,-12.603000000000065,-1.032
2024-07-19,-1,02:06,2445.09,2420.32,2420.32,2445.09,24.78,2398.55,close,21.76700000000028,0.8623
2024-07-22,-1,02:00,2412.04,2402.79,2402.79,2412.04,9.25,2398.98,close,3.8099999999999454,0.3686
2024-07-23,-1,02:14,2403.88,2390.61,2390.61,2403.88,13.26,2403.88,stop,-13.260000000000218,-1.0302
2024-07-24,1,02:03,2418.23,2404.8,2418.23,2404.8,13.43,2404.8,stop,-13.432999999999993,-1.03
2024-07-25,-1,03:11,2401.04,2366.62,2366.62,2401.04,34.42,2362.44,close,4.186999999999898,0.11
2024-07-29,-1,04:21,2402.4,2388.53,2388.53,2402.4,13.87,2383.0,close,5.529999999999745,0.3699
2024-07-30,1,02:01,2389.7,2376.36,2389.7,2376.36,13.34,2406.98,close,17.2800000000002,1.2654
2024-07-31,1,02:23,2422.0,2403.76,2422.0,2403.76,18.24,2449.75,close,27.742999999999938,1.4991
2024-08-01,-1,04:28,2458.3,2437.22,2437.22,2458.3,21.08,2458.3,stop,-21.077000000000226,-1.0188
2024-08-02,1,02:00,2466.78,2434.82,2466.78,2434.82,31.97,2434.82,stop,-31.9699999999998,-1.0125
2024-08-05,-1,06:55,2458.66,2413.91,2413.91,2458.66,44.75,2407.6,close,6.309999999999945,0.1321
2024-08-06,-1,02:00,2418.22,2398.04,2398.04,2418.22,20.18,2387.58,close,10.460000000000036,0.4985
2024-08-07,1,02:29,2396.04,2378.87,2396.04,2378.87,17.17,2385.61,close,-10.429999999999836,-0.6308
2024-08-08,1,02:24,2396.26,2382.64,2396.26,2382.64,13.63,2423.45,close,27.182999999999993,1.965
2024-08-09,-1,02:00,2428.84,2416.99,2416.99,2428.84,11.86,2428.84,stop,-11.856999999999971,-1.0335
2024-08-12,1,02:00,2434.98,2423.7,2434.98,2423.7,11.29,2470.42,close,35.43299999999999,3.103
2024-08-14,1,04:34,2472.42,2455.22,2472.42,2455.22,17.19,2455.22,stop,-17.190000000000055,-1.0233
2024-08-15,1,02:10,2455.31,2447.04,2455.31,2447.04,8.27,2447.04,stop,-8.269999999999982,-1.0484
2024-08-16,1,03:51,2459.91,2450.56,2459.91,2450.56,9.34,2507.82,close,47.91600000000017,5.0874
2024-08-19,1,04:35,2506.7,2494.84,2506.7,2494.84,11.86,2494.84,stop,-11.860000000000127,-1.0337
2024-08-20,-1,02:08,2508.06,2498.56,2498.56,2508.06,9.51,2508.06,stop,-9.507000000000062,-1.0417
2024-08-21,-1,03:42,2519.8,2510.72,2510.72,2519.8,9.07,2511.42,close,-0.693000000000211,-0.1205
2024-08-23,1,04:09,2495.66,2484.82,2495.66,2484.82,10.84,2510.7,close,15.032999999999902,1.3499
2024-08-26,1,03:14,2516.84,2508.58,2516.84,2508.58,8.26,2518.05,close,1.2029999999999745,0.0972
2024-08-27,-1,03:59,2517.55,2505.7,2505.7,2517.55,11.86,2517.55,stop,-11.856999999999971,-1.0335
2024-08-28,-1,02:00,2528.89,2505.34,2505.34,2528.89,23.55,2507.53,close,-2.1929999999997563,-0.1101
2024-08-29,1,02:07,2519.8,2506.26,2519.8,2506.26,13.53,2506.26,stop,-13.532999999999902,-1.0298
2024-08-30,1,02:27,2520.8,2512.04,2520.8,2512.04,8.76,2512.04,stop,-8.76299999999992,-1.046
2024-09-03,1,02:56,2498.34,2489.53,2498.34,2489.53,8.8,2489.53,stop,-8.80099999999993,-1.0456
2024-09-05,1,02:06,2502.16,2493.66,2502.16,2493.66,8.5,2514.78,close,12.612999999999829,1.4368
2024-09-09,-1,02:02,2500.36,2487.3,2487.3,2500.36,13.06,2500.36,stop,-13.059999999999945,-1.0306
2024-09-12,1,02:00,2519.72,2510.89,2519.72,2510.89,8.83,2557.75,close,38.0329999999999,4.2619
2024-09-13,1,03:47,2570.14,2556.54,2570.14,2556.54,13.6,2582.52,close,12.38299999999981,0.8811
2024-09-16,1,02:03,2589.3,2578.14,2589.3,2578.14,11.15,2578.14,stop,-11.150000000000091,-1.0359
2024-09-17,1,02:46,2586.16,2574.4,2586.16,2574.4,11.77,2574.4,stop,-11.769999999999982,-1.034
2024-09-18,1,06:31,2576.31,2565.72,2576.31,2565.72,10.6,2565.72,stop,-10.598999999999705,-1.0376
2024-09-19,1,02:00,2574.43,2551.0,2574.43,2551.0,23.42,2588.26,close,13.83999999999969,0.5739
2024-09-20,1,02:01,2595.02,2584.65,2595.02,2584.65,10.37,2620.96,close,25.932999999999993,2.4622
2024-09-23,-1,03:37,2631.2,2615.95,2615.95,2631.2,15.26,2631.2,stop,-15.259999999999764,-1.0262
2024-09-24,-1,03:39,2639.94,2623.68,2623.68,2639.94,16.26,2639.94,stop,-16.26000000000022,-1.0246
2024-09-25,-1,02:12,2670.35,2654.36,2654.36,2670.35,15.99,2659.64,close,-5.282999999999902,-0.3554
2024-09-26,1,03:01,2663.36,2655.27,2663.36,2655.27,8.09,2655.27,stop,-8.086999999999989,-1.0491
2024-09-27,-1,03:28,2673.86,2662.2,2662.2,2673.86,11.66,2673.86,stop,-11.659999999999854,-1.0343
2024-09-30,-1,06:18,2665.86,2647.28,2647.28,2665.86,18.57,2630.84,close,16.449999999999818,0.8643
2024-10-01,1,02:10,2644.18,2633.82,2644.18,2633.82,10.37,2658.59,close,14.403000000000247,1.3503
2024-10-03,-1,02:04,2662.78,2651.76,2651.76,2662.78,11.01,2657.82,close,-6.050000000000182,-0.5858
2024-10-07,-1,02:04,2652.25,2639.86,2639.86,2652.25,12.39,2652.25,stop,-12.393000000000029,-1.0325
2024-10-08,-1,03:02,2648.1,2633.66,2633.66,2648.1,14.43,2648.1,stop,-14.429999999999836,-1.0277
2024-10-09,-1,02:18,2624.16,2614.74,2614.74,2624.16,9.43,2609.04,close,5.697000000000116,0.5617
2024-10-11,1,02:19,2645.96,2628.08,2645.96,2628.08,17.88,2656.03,close,10.069999999999709,0.5408
2024-10-14,1,02:20,2660.58,2643.06,2660.58,2643.06,17.52,2652.35,close,-8.226999999999862,-0.4924
2024-10-15,1,03:30,2652.61,2637.96,2652.61,2637.96,14.65,2661.6,close,8.989999999999782,0.5863
2024-10-16,1,02:03,2670.42,2658.56,2670.42,2658.56,11.87,2674.7,close,4.2729999999996835,0.3263
2024-10-17,1,02:40,2684.76,2673.32,2684.76,2673.32,11.43,2673.32,stop,-11.43100000000004,-1.0351
2024-10-21,1,04:21,2732.68,2720.91,2732.68,2720.91,11.77,2720.91,stop,-11.76700000000028,-1.0337
2024-10-22,1,02:23,2735.82,2720.19,2735.82,2720.19,15.63,2748.24,close,12.42699999999968,0.7695
2024-10-23,1,02:19,2753.02,2737.76,2753.02,2737.76,15.25,2737.76,stop,-15.253000000000156,-1.0264
2024-10-24,1,02:07,2729.62,2717.7,2729.62,2717.7,11.91,2736.9,close,7.2830000000003565,0.5779
2024-10-25,-1,04:15,2735.33,2723.8,2723.8,2735.33,11.52,2735.33,stop,-11.523000000000138,-1.035
2024-10-31,-1,03:00,2790.0,2779.6,2779.6,2790.0,10.4,2746.35,close,33.25700000000006,3.1593
2024-11-01,-1,06:38,2757.54,2744.7,2744.7,2757.54,12.84,2757.54,stop,-12.83999999999969,-1.0312
2024-11-04,1,02:09,2743.58,2735.18,2743.58,2735.18,8.4,2735.18,stop,-8.400000000000091,-1.0476
2024-11-05,1,02:05,2738.7,2724.7,2738.7,2724.7,14.01,2742.88,close,4.180000000000291,0.2698
2024-11-06,-1,06:55,2749.6,2701.24,2701.24,2749.6,48.36,2660.62,close,40.63000000000011,0.8319
2024-11-07,1,02:20,2664.08,2643.13,2664.08,2643.13,20.94,2704.28,close,40.20900000000029,1.9011
2024-11-08,-1,02:00,2710.24,2685.84,2685.84,2710.24,24.39,2684.96,close,0.8899999999998727,0.0201
2024-11-11,-1,04:20,2686.02,2666.38,2666.38,2686.02,19.65,2621.96,close,44.42000000000007,2.2402
2024-11-12,-1,02:24,2627.02,2603.3,2603.3,2627.02,23.72,2599.59,close,3.70699999999988,0.1394
2024-11-14,-1,02:13,2574.52,2551.76,2551.76,2574.52,22.75,2574.52,stop,-22.75,-1.0176
2024-11-15,1,06:37,2571.58,2554.34,2571.58,2554.34,17.25,2562.09,close,-9.490000000000236,-0.5733
2024-11-18,1,04:51,2597.16,2569.74,2597.16,2569.74,27.42,2610.2,close,13.042999999999665,0.4611
2024-11-19,1,03:43,2626.52,2610.91,2626.52,2610.91,15.61,2633.6,close,7.083000000000084,0.4281
2024-11-20,-1,02:04,2641.66,2628.46,2628.46,2641.66,13.2,2641.66,stop,-13.199999999999818,-1.0303
2024-11-21,1,02:23,2662.08,2650.28,2662.08,2650.28,11.8,2671.38,close,9.289999999999964,0.7534
2024-11-22,1,02:00,2693.12,2668.72,2693.12,2668.72,24.4,2705.7,close,12.580000000000382,0.4992
2024-11-26,1,05:35,2632.08,2608.5,2632.08,2608.5,23.59,2631.52,close,-0.5599999999999454,-0.0407
2024-11-27,1,02:00,2647.86,2626.94,2647.86,2626.94,20.93,2636.9,close,-10.9699999999998,-0.5432
2024-12-04,-1,03:35,2651.28,2637.58,2637.58,2651.28,13.71,2651.28,stop,-13.710000000000036,-1.0292
2024-12-05,-1,03:17,2655.44,2644.6,2644.6,2655.44,10.85,2631.18,close,13.419999999999618,1.2
2024-12-06,1,03:58,2644.4,2612.58,2644.4,2612.58,31.82,2631.76,close,-12.64700000000039,-0.41
2024-12-09,1,02:34,2650.52,2627.46,2650.52,2627.46,23.06,2657.74,close,7.230000000000018,0.2962
2024-12-10,1,05:39,2673.62,2657.8,2673.62,2657.8,15.82,2691.66,close,18.0300000000002,1.1144
2024-12-13,-1,03:54,2692.6,2678.68,2678.68,2692.6,13.92,2647.74,close,30.93000000000029,2.1932
2024-12-16,1,02:44,2655.45,2643.37,2655.45,2643.37,12.07,2652.58,close,-2.862999999999829,-0.2703
2024-12-17,-1,03:37,2658.46,2646.29,2646.29,2658.46,12.17,2643.36,close,2.9299999999998363,0.2079
2024-12-18,-1,03:01,2651.52,2642.56,2642.56,2651.52,8.97,2592.36,close,50.19999999999982,5.5518
2024-12-19,1,02:23,2617.95,2587.78,2617.95,2587.78,30.16,2587.78,stop,-30.16399999999976,-1.0134
2024-12-20,1,02:03,2605.2,2589.48,2605.2,2589.48,15.72,2622.58,close,17.376999999999953,1.08
2024-12-23,1,02:07,2632.8,2617.28,2632.8,2617.28,15.51,2617.28,stop,-15.510000000000218,-1.0258
2024-12-26,1,02:11,2629.06,2618.2,2629.06,2618.2,10.86,2634.12,close,5.049999999999727,0.4282
2024-12-27,1,02:05,2636.82,2628.76,2636.82,2628.76,8.06,2628.76,stop,-8.059999999999945,-1.0496
2024-12-30,-1,02:01,2627.98,2618.11,2618.11,2627.98,9.88,2607.58,close,10.523000000000138,1.0246
2024-12-31,1,02:45,2611.38,2602.48,2611.38,2602.48,8.9,2623.06,close,11.68899999999985,1.2684
2025-01-02,1,03:07,2636.3,2622.45,2636.3,2622.45,13.85,2659.6,close,23.300000000000182,1.6534
2025-01-03,-1,02:08,2665.18,2655.82,2655.82,2665.18,9.37,2638.12,close,17.700000000000273,1.8463
2025-01-06,-1,02:22,2647.28,2630.02,2630.02,2647.28,17.25,2647.28,stop,-17.25,-1.0232
2025-01-07,1,06:09,2646.52,2632.78,2646.52,2632.78,13.74,2650.2,close,3.6829999999999927,0.2389
2025-01-09,1,05:37,2666.78,2655.3,2666.78,2655.3,11.47,2669.6,close,2.8299999999999272,0.2119
2025-01-10,1,02:03,2678.28,2668.73,2678.28,2668.73,9.56,2668.73,stop,-9.556999999999789,-1.0415
2025-01-13,-1,05:04,2693.24,2679.14,2679.14,2693.24,14.1,2662.24,close,16.90000000000009,1.1702
2025-01-14,-1,04:40,2675.16,2666.06,2666.06,2675.16,9.1,2675.16,stop,-9.096000000000004,-1.0435
2025-01-15,1,02:30,2683.12,2669.32,2683.12,2669.32,13.81,2696.24,close,13.11999999999989,0.9211
2025-01-16,1,03:18,2702.01,2689.72,2702.01,2689.72,12.28,2715.68,close,13.677000000000135,1.0812
2025-01-21,1,02:38,2729.4,2702.74,2729.4,2702.74,26.66,2742.3,close,12.899999999999636,0.4689
2025-01-22,1,04:21,2758.48,2742.46,2758.48,2742.46,16.02,2756.56,close,-1.9099999999998545,-0.1442
2025-01-24,1,06:32,2778.12,2754.08,2778.12,2754.08,24.04,2770.9,close,-7.209999999999582,-0.3166
2025-01-27,-1,02:26,2772.42,2750.56,2750.56,2772.42,21.85,2741.34,close,9.226999999999862,0.404
2025-02-03,1,03:22,2795.6,2771.88,2795.6,2771.88,23.71,2816.48,close,20.88700000000017,0.8641
2025-02-04,-1,02:23,2824.44,2810.65,2810.65,2824.44,13.8,2824.44,stop,-13.797000000000025,-1.0288
2025-02-05,1,02:57,2861.68,2839.34,2861.68,2839.34,22.35,2862.48,close,0.8000000000001819,0.0179
2025-02-06,-1,02:00,2873.08,2858.36,2858.36,2873.08,14.73,2856.35,close,2.0100000000002183,0.1093
2025-02-07,1,04:10,2870.4,2857.42,2870.4,2857.42,12.98,2857.42,stop,-12.980000000000018,-1.0308
2025-02-10,1,02:29,2892.12,2865.56,2892.12,2865.56,26.57,2907.15,close,15.023000000000138,0.5504
2025-02-11,-1,04:00,2942.66,2905.02,2905.02,2942.66,37.65,2897.34,close,7.670000000000073,0.1931
2025-02-12,-1,05:32,2898.76,2883.34,2883.34,2898.76,15.42,2898.76,stop,-15.420000000000073,-1.0259
2025-02-14,1,03:18,2936.64,2922.92,2936.64,2922.92,13.72,2922.92,stop,-13.720000000000255,-1.0292
2025-02-19,1,03:36,2939.46,2924.0,2939.46,2924.0,15.47,2924.0,stop,-15.465000000000146,-1.0255
2025-02-20,1,02:08,2948.84,2933.62,2948.84,2933.62,15.23,2933.62,stop,-15.230000000000018,-1.0263
2025-02-21,-1,03:12,2949.54,2923.96,2923.96,2949.54,25.59,2934.52,close,-10.570000000000164,-0.4287
2025-02-24,1,02:50,2944.58,2921.06,2944.58,2921.06,23.52,2950.4,close,5.820000000000164,0.2304
2025-02-25,-1,02:46,2952.4,2933.3,2933.3,2952.4,19.1,2912.56,close,20.75,1.0654
2025-02-26,-1,02:00,2930.0,2906.44,2906.44,2930.0,23.55,2916.12,close,-9.679999999999836,-0.428
2025-02-27,-1,02:44,2918.98,2888.3,2888.3,2918.98,30.68,2873.76,close,14.5300000000002,0.4606
2025-02-28,-1,03:02,2884.92,2856.78,2856.78,2884.92,28.14,2854.48,close,2.3099999999999454,0.0679
2025-03-03,-1,03:27,2871.85,2859.06,2859.06,2871.85,12.79,2871.85,stop,-12.79300000000012,-1.0315
2025-03-04,1,02:22,2894.22,2881.65,2894.22,2881.65,12.58,2917.2,close,22.980000000000018,1.7949
2025-03-05,1,03:16,2921.5,2901.76,2921.5,2901.76,19.75,2901.76,stop,-19.7470000000003,-1.0201
2025-03-06,-1,02:33,2926.42,2914.38,2914.38,2926.42,12.04,2908.56,close,5.830000000000382,0.451
2025-03-07,1,02:42,2914.68,2895.7,2914.68,2895.7,18.99,2909.52,close,-5.1599999999998545,-0.2928
2025-03-10,-1,03:54,2918.12,2906.69,2906.69,2918.12,11.44,2885.4,close,21.29399999999987,1.8264
2025-03-11,1,03:08,2902.6,2879.94,2902.6,2879.94,22.67,2918.2,close,15.590000000000146,0.67
2025-03-12,-1,03:03,2921.04,2910.56,2910.56,2921.04,10.48,2921.04,stop,-10.476999999999862,-1.0379
2025-03-13,-1,03:12,2946.98,2935.26,2935.26,2946.98,11.72,2946.98,stop,-11.7199999999998,-1.0341
2025-03-14,1,05:09,2993.84,2981.0,2993.84,2981.0,12.84,2981.0,stop,-12.835000000000036,-1.0308
2025-03-17,1,05:25,2992.9,2981.98,2992.9,2981.98,10.92,3000.1,close,7.204000000000178,0.6231
2025-03-18,1,03:12,3017.44,2999.26,3017.44,2999.26,18.18,3035.38,close,17.93600000000015,0.9646
2025-03-19,-1,04:44,3045.16,3027.18,3027.18,3045.16,17.98,3045.16,stop,-17.980000000000018,-1.0222
2025-03-20,-1,03:21,3057.24,3044.67,3044.67,3057.24,12.58,3044.45,close,0.22000000000025466,-0.0143
2025-03-24,1,03:07,3025.54,3013.48,3025.54,3013.48,12.07,3013.48,stop,-12.070000000000164,-1.0331
2025-03-25,1,04:48,3020.9,3007.32,3020.9,3007.32,13.58,3019.55,close,-1.3470000000002074,-0.1286
2025-03-26,1,03:07,3026.96,3013.05,3026.96,3013.05,13.91,3013.05,stop,-13.907000000000153,-1.0285
2025-03-27,1,05:55,3038.5,3021.36,3038.5,3021.36,17.14,3057.36,close,18.860000000000127,1.077
2025-03-28,1,03:07,3084.85,3054.68,3084.85,3054.68,30.16,3080.62,close,-4.222999999999956,-0.1533
2025-04-03,-1,02:28,3167.55,3123.78,3123.78,3167.55,43.76,3107.4,close,16.379999999999654,0.3652
2025-04-04,-1,04:16,3116.16,3086.84,3086.84,3116.16,29.33,3116.16,stop,-29.32699999999977,-1.0135
2025-04-08,1,02:19,3008.04,2978.38,3008.04,2978.38,29.66,2978.38,stop,-29.659999999999854,-1.0135
2025-04-09,1,02:06,3020.36,2969.6,3020.36,2969.6,50.76,3093.16,close,72.80000000000018,1.4263
2025-04-11,1,04:21,3219.94,3182.52,3219.94,3182.52,37.42,3230.78,close,10.849999999999909,0.2793
2025-04-14,-1,06:20,3245.52,3215.26,3215.26,3245.52,30.25,3212.58,close,2.6900000000000546,0.0757
2025-04-16,1,02:20,3291.58,3237.84,3291.58,3237.84,53.74,3336.52,close,44.929999999999836,0.8286
2025-04-17,-1,03:14,3356.06,3320.52,3320.52,3356.06,35.55,3320.6,close,-0.09000000000014552,-0.0138
2025-04-21,1,02:03,3385.7,3342.82,3385.7,3342.82,42.87,3423.28,close,37.57999999999993,0.8673
2025-04-22,1,02:13,3495.36,3411.08,3495.36,3411.08,84.28,3411.08,stop,-84.2800000000002,-1.0047
2025-04-23,-1,02:02,3386.38,3315.56,3315.56,3386.38,70.81,3293.64,close,21.929999999999836,0.3041
2025-04-30,-1,04:08,3327.86,3301.02,3301.02,3327.86,26.84,3295.66,close,5.369999999999891,0.1852
2025-05-01,-1,05:43,3284.84,3220.6,3220.6,3284.84,64.24,3228.0,close,-7.400000000000091,-0.1214
2025-05-02,1,02:19,3258.46,3227.12,3258.46,3227.12,31.34,3227.12,stop,-31.340000000000146,-1.0128
2025-05-05,1,04:29,3272.2,3238.44,3272.2,3238.44,33.77,3328.62,close,56.409999999999854,1.6586
2025-05-08,-1,02:00,3414.7,3354.58,3354.58,3414.7,60.12,3306.08,close,48.5,0.8001
2025-05-09,1,03:11,3329.92,3274.3,3329.92,3274.3,55.62,3328.62,close,-1.300000000000182,-0.0306
2025-05-12,-1,03:00,3289.68,3258.54,3258.54,3289.68,31.14,3235.32,close,23.2199999999998,0.7328
2025-05-13,1,02:48,3260.54,3215.54,3260.54,3215.54,45.01,3249.12,close,-11.430000000000291,-0.2628
2025-05-15,-1,02:03,3192.56,3122.94,3122.94,3192.56,69.62,3192.56,stop,-69.61999999999989,-1.0057
2025-05-16,-1,03:21,3250.9,3206.26,3206.26,3250.9,44.64,3192.42,close,13.829999999999927,0.3009
2025-05-20,1,04:55,3232.44,3204.2,3232.44,3204.2,28.24,3294.0,close,61.559999999999945,2.1657
2025-05-21,1,02:39,3319.32,3285.1,3319.32,3285.1,34.22,3318.1,close,-1.2300000000000182,-0.0476
2025-05-22,-1,04:30,3345.2,3317.01,3317.01,3345.2,28.19,3290.08,close,26.932999999999993,0.9412
2025-05-23,1,02:00,3325.4,3286.76,3325.4,3286.76,38.63,3360.55,close,35.149999999999636,0.8996
2025-05-27,-1,02:44,3349.75,3315.68,3315.68,3349.75,34.07,3304.16,close,11.51299999999992,0.3262
2025-05-28,1,03:43,3315.52,3291.4,3315.52,3291.4,24.13,3291.4,stop,-24.126999999999953,-1.0165
2025-05-29,1,04:01,3287.4,3245.2,3287.4,3245.2,42.2,3316.48,close,29.08699999999999,0.6798
2025-05-30,-1,03:13,3322.45,3289.9,3289.9,3322.45,32.55,3294.74,close,-4.846999999999753,-0.1612
2025-06-02,1,02:01,3325.55,3301.2,3325.55,3301.2,24.35,3381.42,close,55.86700000000019,2.2779
2025-06-03,-1,02:42,3391.94,3356.04,3356.04,3391.94,35.9,3352.38,close,3.663000000000011,0.0909
2025-06-05,1,05:23,3383.98,3360.92,3383.98,3360.92,23.05,3360.92,stop,-23.049999999999727,-1.0174
2025-06-06,-1,02:46,3375.35,3355.85,3355.85,3375.35,19.5,3312.12,close,43.73000000000002,2.2221
2025-06-09,1,02:22,3318.45,3293.2,3318.45,3293.2,25.25,3327.06,close,8.606999999999971,0.325
2025-06-10,1,02:32,3327.72,3301.7,3327.72,3301.7,26.03,3328.48,close,0.7600000000002183,0.0138
2025-06-11,1,03:50,3342.9,3315.24,3342.9,3315.24,27.65,3346.54,close,3.643000000000029,0.1173
2025-06-12,-1,03:36,3377.55,3357.38,3357.38,3377.55,20.16,3377.55,stop,-20.162999999999556,-1.02
2025-06-16,-1,02:05,3451.08,3417.56,3417.56,3451.08,33.53,3383.88,close,33.66999999999962,0.9922
2025-06-20,-1,02:00,3370.26,3342.44,3342.44,3370.26,27.83,3370.26,stop,-27.829999999999927,-1.0144
2025-06-24,-1,02:10,3357.62,3326.38,3326.38,3357.62,31.24,3323.36,close,3.0100000000002183,0.0835
2025-06-25,1,03:44,3335.05,3321.26,3335.05,3321.26,13.79,3321.26,stop,-13.792999999999665,-1.0292
2025-06-26,1,03:09,3342.98,3329.0,3342.98,3329.0,13.99,3329.0,stop,-13.98700000000008,-1.0284
2025-06-27,-1,02:38,3323.35,3289.0,3289.0,3323.35,34.35,3270.42,close,18.572999999999865,0.5291
2025-06-30,1,02:03,3291.22,3259.2,3291.22,3259.2,32.02,3308.5,close,17.2829999999999,0.5273
2025-07-01,1,02:44,3332.18,3308.36,3332.18,3308.36,23.81,3337.9,close,5.730000000000018,0.2239
2025-07-02,-1,03:10,3344.76,3328.21,3328.21,3344.76,16.56,3344.76,stop,-16.55699999999979,-1.024
2025-07-03,1,02:03,3361.95,3341.65,3361.95,3341.65,20.3,3341.65,stop,-20.299999999999727,-1.0197
2025-07-07,-1,03:45,3334.25,3305.0,3305.0,3334.25,29.24,3334.25,stop,-29.242999999999938,-1.0138
2025-07-08,-1,04:07,3339.85,3327.12,3327.12,3339.85,12.73,3302.72,close,24.396999999999935,1.8851
2025-07-09,-1,04:20,3307.72,3284.64,3284.64,3307.72,23.09,3307.72,stop,-23.08699999999999,-1.0172
2025-07-10,1,02:19,3326.08,3314.66,3326.08,3314.66,11.43,3314.66,stop,-11.429999999999836,-1.035
2025-07-11,1,02:18,3341.51,3322.3,3341.51,3322.3,19.2,3356.28,close,14.76700000000028,0.7483
2025-07-14,1,03:29,3373.7,3353.44,3373.7,3353.44,20.27,3353.44,stop,-20.269999999999982,-1.0197
2025-07-15,1,03:46,3364.96,3343.62,3364.96,3343.62,21.33,3343.62,stop,-21.329999999999927,-1.0188
2025-07-16,1,02:05,3339.7,3324.86,3339.7,3324.86,14.83,3324.86,stop,-14.830000000000382,-1.027
2025-07-17,-1,02:06,3349.94,3335.7,3335.7,3349.94,14.24,3339.54,close,-3.8399999999996908,-0.2978
2025-07-18,-1,02:00,3344.05,3333.16,3333.16,3344.05,10.88,3344.05,stop,-10.88299999999981,-1.037
2025-07-21,1,02:27,3369.4,3345.24,3369.4,3345.24,24.15,3398.65,close,29.253000000000156,1.1947
2025-07-22,-1,02:01,3402.48,3384.5,3384.5,3402.48,17.98,3402.48,stop,-17.97699999999986,-1.0221
2025-07-24,-1,02:15,3393.16,3374.22,3374.22,3393.16,18.95,3370.26,close,3.950000000000273,0.1873
2025-07-25,-1,02:10,3373.3,3355.08,3355.08,3373.3,18.21,3337.38,close,17.699999999999818,0.95
2025-07-28,1,02:00,3343.9,3327.46,3343.9,3327.46,16.43,3327.46,stop,-16.432999999999993,-1.0245
2025-07-29,1,02:19,3320.65,3307.82,3320.65,3307.82,12.83,3324.85,close,4.199999999999818,0.2962
2025-07-30,1,05:57,3333.5,3321.66,3333.5,3321.66,11.85,3321.66,stop,-11.849999999999909,-1.0338
2025-07-31,1,02:07,3301.38,3277.5,3301.38,3277.5,23.89,3290.74,close,-10.640000000000327,-0.4621
2025-08-01,1,06:52,3300.15,3281.44,3300.15,3281.44,18.71,3356.96,close,56.80699999999979,3.0148
2025-08-04,1,02:57,3362.12,3344.75,3362.12,3344.75,17.38,3375.85,close,13.722999999999956,0.7666
2025-08-05,-1,02:41,3382.2,3367.5,3367.5,3382.2,14.7,3382.2,stop,-14.699999999999818,-1.0272
2025-08-06,-1,03:21,3385.1,3370.5,3370.5,3385.1,14.59,3371.5,close,-0.9899999999997817,-0.0953
2025-08-07,1,02:42,3384.0,3364.9,3384.0,3364.9,19.11,3399.58,close,15.579999999999927,0.7943
2025-08-08,1,03:51,3402.7,3380.84,3402.7,3380.84,21.87,3380.84,stop,-21.865999999999985,-1.0181
2025-08-11,-1,02:28,3396.84,3367.2,3367.2,3396.84,29.63,3351.4,close,15.799999999999727,0.5197
2025-08-12,-1,02:15,3357.24,3345.9,3345.9,3357.24,11.33,3357.24,stop,-11.329999999999927,-1.0353
2025-08-13,1,02:15,3354.2,3342.44,3354.2,3342.44,11.76,3357.66,close,3.4659999999998945,0.2607
2025-08-14,-1,03:41,3374.56,3355.26,3355.26,3374.56,19.29,3337.82,close,17.449999999999818,0.8839
2025-08-19,1,03:12,3341.4,3325.88,3341.4,3325.88,15.51,3325.88,stop,-15.509999999999764,-1.0258
2025-08-20,1,02:00,3323.7,3311.26,3323.7,3311.26,12.44,3348.65,close,24.952999999999975,1.9737
2025-08-21,-1,02:15,3349.32,3336.88,3336.88,3349.32,12.44,3338.62,close,-1.7399999999997817,-0.172
2025-08-22,-1,02:24,3340.08,3327.02,3327.02,3340.08,13.06,3340.08,stop,-13.059999999999945,-1.0306
2025-08-27,-1,03:15,3393.3,3373.7,3373.7,3393.3,19.6,3393.3,stop,-19.59999999999991,-1.0204
2025-08-28,1,04:37,3399.18,3384.44,3399.18,3384.44,14.73,3421.94,close,22.759999999999764,1.518
2025-08-29,-1,03:27,3417.64,3406.8,3406.8,3417.64,10.84,3417.64,stop,-10.840000000000146,-1.0369
2025-09-02,-1,03:53,3508.23,3473.88,3473.88,3508.23,34.35,3508.23,stop,-34.34999999999991,-1.0116
2025-09-08,1,02:43,3596.82,3579.36,3596.82,3579.36,17.45,3636.38,close,39.570000000000164,2.2447
2025-09-10,1,02:12,3645.06,3619.96,3645.06,3619.96,25.09,3641.78,close,-3.269999999999982,-0.1463
2025-09-11,-1,02:01,3648.9,3623.22,3623.22,3648.9,25.67,3636.68,close,-13.460000000000036,-0.5399
2025-09-16,1,02:44,3689.17,3674.46,3689.17,3674.46,14.71,3689.42,close,0.25600000000031287,-0.0098
2025-09-17,-1,02:33,3695.18,3674.21,3674.21,3695.18,20.98,3695.18,stop,-20.97699999999986,-1.0189
2025-09-18,-1,02:01,3671.74,3649.09,3649.09,3671.74,22.65,3671.74,stop,-22.646999999999935,-1.0175
2025-09-22,1,02:08,3700.04,3685.24,3700.04,3685.24,14.81,3747.5,close,47.460000000000036,3.1776
2025-09-23,1,04:29,3759.04,3736.46,3759.04,3736.46,22.58,3764.16,close,5.120000000000346,0.209
2025-09-24,1,03:35,3776.8,3750.33,3776.8,3750.33,26.47,3750.33,stop,-26.465999999999894,-1.015
2025-09-25,1,03:39,3751.35,3729.36,3751.35,3729.36,21.98,3729.36,stop,-21.983000000000175,-1.0183
2025-09-26,1,02:19,3753.04,3734.28,3753.04,3734.28,18.76,3766.52,close,13.490000000000236,0.6978
2025-09-29,1,02:00,3814.3,3763.66,3814.3,3763.66,50.64,3828.62,close,14.309999999999945,0.2747
2025-09-30,1,02:10,3870.16,3827.86,3870.16,3827.86,42.31,3827.86,stop,-42.309999999999945,-1.0095
2025-10-01,-1,02:21,3875.3,3855.38,3855.38,3875.3,19.91,3875.3,stop,-19.909999999999854,-1.0201
2025-10-02,1,02:05,3870.9,3852.64,3870.9,3852.64,18.27,3852.64,stop,-18.269999999999982,-1.0219
2025-10-03,1,03:41,3863.46,3837.78,3863.46,3837.78,25.67,3885.56,close,22.09999999999991,0.8453
2025-10-06,1,04:02,3944.96,3897.54,3944.96,3897.54,47.42,3959.24,close,14.289999999999964,0.2929
2025-10-07,-1,02:42,3977.12,3955.58,3955.58,3977.12,21.54,3977.12,stop,-21.539999999999964,-1.0186
2025-10-08,1,03:10,4036.78,3984.04,4036.78,3984.04,52.74,4044.56,close,7.769999999999982,0.1397
2025-10-09,1,06:59,4043.4,4001.02,4043.4,4001.02,42.38,4001.02,stop,-42.38000000000011,-1.0094
2025-10-10,1,04:47,3994.18,3946.68,3994.18,3946.68,47.5,4011.02,close,16.83999999999969,0.3461
2025-10-13,1,04:52,4077.75,4024.3,4077.75,4024.3,53.45,4108.38,close,30.63700000000017,0.5657
2025-10-14,-1,02:14,4179.35,4110.45,4110.45,4179.35,68.91,4141.35,close,-30.906999999999243,-0.4543
2025-10-15,1,02:43,4193.32,4153.46,4193.46,4153.46,40.0,4210.02,close,16.550000000000182,0.4038
2025-10-16,1,06:01,4241.96,4203.18,4241.96,4203.18,38.78,4307.02,close,65.06999999999971,1.6676
2025-10-21,-1,02:03,4372.11,4316.96,4316.96,4372.11,55.14,4108.69,close,208.27999999999975,3.77
2025-10-23,1,02:00,4110.22,4065.4,4110.22,4065.4,44.81,4118.12,close,7.9099999999998545,0.1676
2025-10-24,-1,02:00,4144.15,4102.3,4102.3,4144.15,41.84,4103.86,close,-1.5599999999994907,-0.0468
2025-10-27,-1,04:53,4097.54,4053.5,4053.5,4097.54,44.04,3989.96,close,63.539999999999964,1.4337
2025-10-28,-1,03:01,4019.4,3938.02,3938.02,4019.4,81.39,3960.28,close,-22.26000000000022,-0.2784
2025-10-29,1,03:09,3984.6,3943.6,3984.6,3943.6,40.99,3943.6,stop,-40.98999999999978,-1.0098
2025-10-30,1,05:01,3982.3,3915.06,3982.3,3915.06,67.23,4023.2,close,40.909999999999854,0.6026
2025-11-03,1,02:01,4018.34,3962.32,4018.34,3962.32,56.01,4010.1,close,-8.230000000000018,-0.1541
2025-11-04,1,03:08,3999.16,3966.4,3999.16,3966.4,32.76,3966.4,stop,-32.76000000000022,-1.0122
2025-11-05,1,03:05,3978.34,3929.65,3978.34,3929.65,48.7,3984.26,close,5.920000000000073,0.1133
2025-11-06,1,02:00,3992.6,3964.36,3992.6,3964.36,28.24,3980.39,close,-12.210000000000036,-0.4465
2025-11-07,1,02:01,4008.34,3984.3,4008.34,3984.3,24.04,3984.3,stop,-24.039999999999964,-1.0166
2025-11-10,1,02:13,4078.32,4010.92,4078.32,4010.92,67.4,4111.45,close,33.133000000000266,0.4857
2025-11-13,1,02:59,4219.12,4179.62,4219.12,4179.62,39.5,4179.62,stop,-39.5,-1.0101
2025-11-14,-1,02:02,4211.02,4169.4,4169.4,4211.02,41.62,4086.99,close,82.4060000000004,1.9704
2025-11-18,-1,02:12,4044.94,4004.42,4004.42,4044.94,40.52,4044.94,stop,-40.516000000000076,-1.0098
2025-11-19,1,04:44,4098.42,4055.25,4098.42,4055.25,43.17,4076.14,close,-22.269999999999982,-0.5251
2025-11-20,-1,03:22,4109.8,4040.0,4040.0,4109.8,69.81,4077.1,close,-37.10699999999997,-0.5373
2025-11-21,-1,02:01,4081.02,4028.96,4028.96,4081.02,52.05,4081.02,stop,-52.04999999999973,-1.0077
2025-11-24,1,05:03,4075.86,4039.94,4075.86,4039.94,35.91,4132.31,close,56.45999999999958,1.5611
2025-11-25,-1,03:38,4155.58,4122.27,4122.27,4155.58,33.32,4155.58,stop,-33.31999999999971,-1.012
2025-11-26,1,06:32,4169.26,4132.44,4169.26,4132.44,36.81,4163.8,close,-5.460000000000036,-0.1592
2025-12-01,1,05:04,4256.24,4215.27,4256.24,4215.27,40.97,4237.2,close,-19.050000000000182,-0.4747
2025-12-02,-1,04:26,4229.48,4197.9,4197.9,4229.48,31.58,4229.48,stop,-31.579999999999927,-1.0127
2025-12-03,-1,02:24,4228.77,4203.16,4203.16,4228.77,25.61,4228.77,stop,-25.610000000000582,-1.0156
2025-12-09,1,04:05,4198.57,4169.84,4198.57,4169.84,28.72,4211.92,close,13.356999999999971,0.4511
2025-12-10,-1,03:00,4218.62,4201.52,4201.52,4218.62,17.09,4218.62,stop,-17.090000000000146,-1.0234
2025-12-12,1,02:05,4283.02,4264.15,4283.02,4264.15,18.87,4264.15,stop,-18.86700000000019,-1.021
2025-12-15,1,03:48,4347.19,4299.94,4347.19,4299.94,47.24,4299.94,stop,-47.24000000000069,-1.0085
2025-12-17,-1,05:38,4342.26,4307.27,4307.27,4342.26,34.98,4342.26,stop,-34.98000000000047,-1.0114
2025-12-18,-1,03:55,4342.73,4324.2,4324.2,4342.73,18.53,4342.73,stop,-18.529999999999745,-1.0216
2025-12-22,1,02:00,4419.7,4354.88,4419.7,4354.88,64.81,4438.46,close,18.76000000000022,0.2833
2025-12-29,-1,02:00,4527.54,4470.81,4470.81,4527.54,56.73,4334.46,close,136.35999999999967,2.3966
2025-12-30,1,02:49,4379.77,4324.2,4379.77,4324.2,55.57,4341.4,close,-38.36999999999989,-0.6977
2026-01-02,1,02:56,4381.5,4341.08,4381.5,4341.08,40.42,4341.08,stop,-40.42000000000007,-1.0099
2026-01-05,1,03:15,4426.1,4370.02,4426.1,4370.02,56.07,4444.56,close,18.460000000000036,0.3221
2026-01-06,1,03:27,4473.92,4427.73,4473.92,4427.73,46.19,4493.45,close,19.533000000000357,0.4142
2026-01-09,1,04:20,4477.12,4452.58,4477.12,4452.58,24.54,4507.27,close,30.149999999999636,1.2123
2026-01-15,1,05:37,4617.92,4580.81,4617.92,4580.81,37.1,4605.56,close,-12.359999999999673,-0.3439
2026-01-16,1,06:46,4615.73,4590.98,4615.73,4590.98,24.76,4590.98,stop,-24.75999999999931,-1.0162
2026-01-20,1,02:13,4716.92,4659.24,4716.92,4659.24,57.68,4756.4,close,39.47999999999956,0.6775
2026-01-22,1,02:02,4829.2,4772.19,4829.2,4772.19,57.01,4916.88,close,87.68000000000029,1.531
2026-01-23,-1,03:20,4967.23,4936.0,4936.0,4967.23,31.24,4967.23,stop,-31.23999999999978,-1.0128
2026-01-27,1,02:09,5093.82,5013.6,5093.82,5013.6,80.23,5176.55,close,82.72299999999996,1.0261
2026-01-28,1,02:09,5271.2,5157.12,5271.2,5157.12,114.08,5376.44,close,105.24000000000069,0.919
2026-01-30,-1,03:33,5450.74,5111.4,5111.4,5450.74,339.35,4846.81,close,264.59000000000015,0.7785
2026-02-03,1,02:25,4893.54,4744.81,4893.54,4744.81,148.73,4943.99,close,50.45300000000043,0.3365
2026-02-04,1,02:54,5090.15,4945.73,5090.15,4945.73,144.42,4945.73,stop,-144.42000000000007,-1.0028
2026-02-10,1,04:09,5055.94,5008.16,5055.94,5008.16,47.78,5008.16,stop,-47.780000000000655,-1.0084
2026-02-11,1,02:00,5064.3,5027.76,5064.3,5027.76,36.54,5027.76,stop,-36.539999999999964,-1.0109
2026-02-12,1,04:50,5078.0,5044.37,5078.0,5044.37,33.63,5044.37,stop,-33.6269999999995,-1.0118
2026-02-18,1,02:14,4939.84,4857.85,4939.84,4857.85,82.0,4984.6,close,44.75,0.5409
2026-02-19,1,02:00,5019.69,4960.05,5019.69,4960.05,59.64,5001.5,close,-18.18000000000029,-0.3115
2026-02-20,1,03:54,5029.68,4981.31,5029.68,4981.31,48.36,5096.64,close,66.96000000000004,1.3763
2026-02-23,-1,02:26,5176.38,5129.04,5129.04,5176.38,47.35,5176.38,stop,-47.350000000000364,-1.0084
2026-03-02,1,02:02,5389.5,5302.7,5389.5,5302.7,86.81,5302.7,stop,-86.8100000000004,-1.0046
2026-03-03,-1,04:25,5379.76,5278.6,5278.6,5379.76,101.16,5096.98,close,181.61300000000028,1.7914
2026-03-04,1,05:08,5190.68,5105.35,5190.68,5105.35,85.33,5134.5,close,-56.17000000000007,-0.663
2026-03-06,-1,06:56,5143.66,5066.22,5066.22,5143.66,77.45,5143.66,stop,-77.44999999999982,-1.0052
2026-03-10,1,04:30,5186.58,5124.46,5186.58,5124.46,62.11,5198.65,close,12.069999999999709,0.1879
2026-03-11,-1,03:37,5223.02,5186.5,5186.5,5223.02,36.52,5182.96,close,3.5299999999997453,0.0857
2026-03-12,1,03:42,5174.94,5125.19,5174.94,5125.19,49.76,5125.19,stop,-49.75999999999931,-1.008
2026-03-16,-1,05:05,5035.88,4982.16,4982.16,5035.88,53.72,5035.88,stop,-53.720000000000255,-1.0074
2026-03-17,-1,06:42,5044.35,4994.6,4994.6,5044.35,49.75,5000.06,close,-5.450000000000728,-0.1176
2026-03-18,-1,04:21,5016.06,4981.42,4981.42,5016.06,34.64,4842.94,close,138.48999999999978,3.9864
2026-03-19,-1,03:44,4867.0,4747.5,4747.5,4867.0,119.49,4643.77,close,103.73999999999978,0.8648
2026-03-20,-1,06:56,4735.84,4639.22,4639.22,4735.84,96.62,4501.14,close,138.07999999999993,1.425
2026-03-23,-1,03:06,4472.98,4162.44,4162.44,4472.98,310.53,4472.98,stop,-310.53000000000065,-1.0013
2026-03-25,-1,05:48,4602.12,4532.67,4532.67,4602.12,69.46,4530.84,close,1.832999999999629,0.0206
2026-03-26,-1,04:43,4544.27,4415.5,4415.5,4544.27,128.77,4363.77,close,51.73999999999978,0.3987
2026-04-01,1,02:48,4724.0,4666.6,4724.0,4666.6,57.4,4765.73,close,41.72999999999956,0.72
2026-04-02,-1,02:02,4800.19,4585.4,4585.4,4800.19,214.78,4671.7,close,-86.28999999999996,-0.4036
2026-04-06,1,03:51,4678.44,4600.38,4678.44,4600.38,78.06,4655.1,close,-23.346999999999753,-0.3042
2026-04-07,1,04:14,4664.27,4616.02,4664.27,4616.02,48.24,4616.02,stop,-48.24000000000069,-1.0083
2026-04-08,-1,05:43,4857.0,4787.96,4787.96,4857.0,69.03,4730.46,close,57.5,0.8272
2026-04-09,1,04:44,4732.6,4698.08,4732.6,4698.08,34.51,4768.66,close,36.06999999999971,1.0336
2026-04-10,-1,04:47,4777.04,4737.72,4737.72,4777.04,39.32,4777.04,stop,-39.31999999999971,-1.0102
2026-04-13,1,02:16,4730.6,4644.02,4730.6,4644.02,86.59,4740.97,close,10.363000000000284,0.1151
2026-04-14,1,02:52,4777.08,4751.28,4777.08,4751.28,25.79,4751.28,stop,-25.789999999999964,-1.0155
2026-04-15,-1,02:32,4871.16,4812.44,4812.44,4871.16,58.72,4795.6,close,16.840000000000146,0.28
2026-04-16,-1,04:33,4838.34,4806.95,4806.95,4838.34,31.39,4793.44,close,13.503000000000611,0.4174
2026-04-21,-1,02:00,4831.34,4782.78,4782.78,4831.34,48.55,4678.88,close,103.90999999999985,2.132
2026-04-22,1,03:08,4771.94,4717.53,4771.94,4717.53,54.41,4739.98,close,-31.950000000000728,-0.5946
2026-04-23,-1,06:09,4753.58,4692.08,4692.08,4753.58,61.51,4695.92,close,-3.8369999999995343,-0.0689
2026-04-28,-1,02:23,4701.02,4623.62,4623.62,4701.02,77.4,4595.38,close,28.233000000000175,0.3596
2026-04-29,-1,03:19,4610.2,4575.82,4575.82,4610.2,34.37,4546.74,close,29.079999999999927,0.8344
2026-04-30,1,02:52,4582.18,4540.54,4582.18,4540.54,41.63,4616.92,close,34.7470000000003,0.8251
2026-05-01,-1,02:06,4635.7,4602.68,4602.68,4635.7,33.02,4635.7,stop,-33.01999999999953,-1.0121
2026-05-04,-1,02:05,4620.46,4590.8,4590.8,4620.46,29.66,4517.58,close,73.21000000000004,2.4548
2026-05-05,1,02:01,4551.35,4513.27,4551.35,4513.27,38.09,4554.48,close,3.130000000000109,0.0717
2026-05-06,1,02:00,4663.6,4568.91,4663.6,4568.91,94.7,4692.24,close,28.640000000000327,0.2982
2026-05-07,1,02:31,4721.23,4684.96,4721.23,4684.96,36.26,4702.74,close,-18.480000000000473,-0.5207
2026-05-08,1,02:28,4732.62,4683.98,4732.62,4683.98,48.64,4723.77,close,-8.849999999999454,-0.1902
2026-05-12,-1,02:00,4773.34,4708.48,4708.48,4773.34,64.86,4715.44,close,-6.960000000000036,-0.1135
2026-05-13,-1,05:22,4726.62,4687.2,4687.2,4726.62,39.42,4688.02,close,-0.8269999999993161,-0.0311
2026-05-14,1,03:35,4712.44,4668.16,4712.44,4668.16,44.27,4668.16,stop,-44.27300000000014,-1.0091
2026-05-15,-1,02:00,4665.15,4558.42,4558.42,4665.15,106.72,4545.58,close,12.840000000000146,0.1166
2026-05-18,1,03:30,4551.7,4480.06,4551.7,4480.06,71.64,4558.3,close,6.600000000000364,0.0865
2026-05-19,-1,06:43,4589.3,4530.74,4530.74,4589.3,58.55,4483.27,close,47.470000000000255,0.8039
2026-05-21,-1,03:06,4570.73,4518.19,4518.19,4570.73,52.54,4542.92,close,-24.73999999999978,-0.4785
2026-05-26,-1,03:17,4580.23,4522.73,4522.73,4580.23,57.49,4508.73,close,14.0,0.2366
2026-05-27,-1,02:18,4527.56,4491.35,4491.35,4527.56,36.2,4450.68,close,40.67999999999938,1.1127
2026-05-29,1,02:00,4520.44,4488.69,4520.44,4488.69,31.76,4544.1,close,23.650000000000546,0.7321
2026-06-01,-1,02:20,4545.7,4508.4,4508.4,4545.7,37.3,4480.96,close,27.44000000000051,0.7249
2026-06-02,1,02:21,4527.98,4462.66,4527.98,4462.66,65.32,4487.88,close,-40.090000000000146,-0.6199
2026-06-03,-1,02:45,4496.52,4456.3,4456.3,4496.52,40.22,4443.66,close,12.643000000000029,0.3044
2026-06-05,-1,02:15,4473.92,4434.98,4434.98,4473.92,38.94,4473.92,stop,-38.9399999999996,-1.0103
2026-06-10,-1,04:03,4246.86,4172.14,4172.14,4246.86,74.72,4082.5,close,89.63000000000011,1.1942
2026-06-12,-1,03:33,4245.5,4170.58,4170.58,4245.5,74.92,4210.42,close,-39.850000000000364,-0.5372
2026-06-15,1,04:32,4335.42,4280.88,4335.42,4280.88,54.54,4320.52,close,-14.900000000000546,-0.2805
2026-06-16,1,03:52,4332.84,4306.66,4332.84,4306.66,26.18,4334.1,close,1.2599999999993088,0.0328
2026-06-17,-1,04:45,4349.42,4317.42,4317.42,4349.42,32.0,4349.42,stop,-32.0,-1.0125
2026-06-18,-1,05:00,4329.86,4263.65,4263.65,4329.86,66.22,4216.5,close,47.14300000000003,0.7059
2026-06-23,-1,02:09,4198.44,4114.5,4114.5,4198.44,83.94,4111.44,close,3.0599999999994907,0.0317
2026-06-26,1,02:57,4030.18,3982.64,4030.18,3982.64,47.54,4071.42,close,41.23999999999978,0.8591
2026-06-29,-1,05:48,4075.52,4039.02,4039.02,4075.52,36.5,4015.6,close,23.420000000000073,0.6307
2026-06-30,1,02:32,4022.13,3941.53,4022.13,3941.53,80.6,4015.6,close,-6.523000000000138,-0.0859
2026-07-01,-1,02:06,4017.66,3969.6,3969.6,4017.66,48.06,4017.66,stop,-48.0600000000004,-1.0083
2026-07-02,1,02:02,4073.96,4030.52,4073.96,4030.52,43.44,4121.1,close,47.13000000000011,1.0757
2026-07-06,-1,05:26,4202.9,4144.54,4144.54,4202.9,58.37,4163.58,close,-19.050000000000182,-0.3332
2026-07-08,-1,04:17,4133.69,4095.38,4095.38,4133.69,38.3,4079.62,close,15.760000000000218,0.401
2026-07-09,1,02:00,4089.78,4053.98,4089.78,4053.98,35.79,4122.38,close,32.59999999999991,0.8997
2026-07-10,-1,03:43,4134.56,4107.96,4107.96,4134.56,26.6,4108.27,close,-0.3100000000004002,-0.0267
2026-07-13,-1,02:04,4090.8,4050.08,4050.08,4090.8,40.72,4001.7,close,48.38000000000011,1.1783
2026-07-15,-1,02:22,4061.88,4021.66,4021.66,4061.88,40.21,4061.88,stop,-40.210000000000036,-1.0099
2026-07-16,-1,02:35,4061.28,4023.58,4023.58,4061.28,37.69,3979.8,close,43.789999999999964,1.1512
2026-07-20,1,04:24,4028.84,3981.94,4028.84,3981.94,46.91,4006.72,close,-22.129999999999654,-0.4803
2026-07-21,1,02:09,4067.44,3999.54,4067.44,3999.54,67.91,4084.44,close,16.98999999999978,0.2443
2026-07-23,-1,03:07,4140.9,4111.81,4111.81,4140.9,29.08,4049.52,close,62.29999999999973,2.1286
2026-07-24,1,03:31,4050.84,4021.66,4050.84,4021.66,29.18,4053.46,close,2.6200000000003456,0.0761
2026-07-28,-1,05:35,4074.8,4034.42,4034.42,4074.8,40.39,4026.22,close,8.190000000000055,0.1929
2026-07-29,1,02:18,4039.76,4010.06,4039.76,4010.06,29.7,4010.06,stop,-29.700000000000273,-1.0135
2026-07-31,-1,03:30,4111.3,4071.6,4071.6,4111.3,39.71,4050.9,close,20.699999999999818,0.5112
2026-08-03,-1,05:32,4079.16,4047.08,4047.08,4079.16,32.07,4051.78,close,-4.690000000000055,-0.1587
2026-08-04,1,04:03,4069.02,4042.34,4069.02,4042.34,26.67,4078.32,close,9.300000000000182,0.3337
2026-08-05,1,02:12,4172.65,4065.06,4172.65,4065.06,107.58,4246.7,close,74.05999999999949,0.6847
2026-08-07,1,02:00,4280.35,4229.38,4280.35,4229.38,50.97,4343.85,close,63.5,1.238
2026-08-10,1,02:43,4351.81,4312.94,4351.81,4312.94,38.88,4388.02,close,36.20000000000073,0.9208
2026-08-11,-1,02:28,4434.96,4367.08,4367.08,4434.96,67.89,4370.7,close,-3.630000000000109,-0.0594
2026-08-12,1,05:15,4415.44,4361.5,4415.44,4361.5,53.95,4413.77,close,-1.6799999999993815,-0.0386
2026-08-13,-1,02:04,4449.46,4380.32,4380.32,4449.46,69.13,4349.92,close,30.399999999999636,0.434
2026-08-19,1,03:36,4361.84,4323.92,4361.84,4323.92,37.92,4511.27,close,149.42000000000007,3.9299
2026-08-21,1,02:17,4556.04,4508.54,4556.04,4508.54,47.49,4616.56,close,60.52000000000044,1.266
2026-08-24,1,02:17,4656.77,4594.0,4656.77,4594.0,62.76,4651.46,close,-5.300000000000182,-0.0908
2026-08-26,-1,02:22,4672.15,4629.23,4629.23,4672.15,42.91,4594.2,close,35.039999999999964,0.8073
2026-08-27,-1,02:02,4642.54,4600.16,4600.16,4642.54,42.37,4609.1,close,-8.930000000000291,-0.2202
2026-08-28,1,02:57,4609.69,4571.08,4609.69,4571.08,38.6,4571.08,stop,-38.600000000000364,-1.0104
2026-09-01,-1,03:30,4461.27,4423.5,4423.5,4461.27,37.78,4327.06,close,96.43000000000029,2.5418
2026-09-03,1,04:05,4440.15,4380.74,4440.15,4380.74,59.4,4474.81,close,34.66999999999916,0.5769
2026-09-04,-1,02:34,4487.02,4465.15,4465.15,4487.02,21.87,4487.02,stop,-21.86999999999989,-1.0183
2026-09-08,-1,02:18,4442.7,4405.69,4405.69,4442.7,37.02,4358.04,close,47.64000000000033,1.2761
2026-09-09,1,02:03,4400.77,4340.96,4400.77,4340.96,59.8,4398.54,close,-2.2270000000007713,-0.0439
2026-09-10,1,02:00,4431.14,4389.4,4431.14,4389.4,41.74,4389.4,stop,-41.73700000000008,-1.0095
2026-09-11,1,02:02,4351.77,4300.5,4351.77,4300.5,51.27,4300.5,stop,-51.27300000000014,-1.0079
2026-09-14,-1,02:56,4355.28,4321.84,4321.84,4355.28,33.44,4283.39,close,38.447000000000116,1.1378
2026-09-15,-1,03:41,4317.24,4283.1,4283.1,4317.24,34.15,4297.62,close,-14.516999999999825,-0.4368
2026-09-16,1,06:02,4340.72,4275.16,4340.72,4275.16,65.56,4275.16,stop,-65.5600000000004,-1.0061
2026-09-17,1,03:10,4318.12,4257.54,4318.12,4257.54,60.58,4345.7,close,27.579999999999927,0.4487
2026-09-18,1,02:00,4377.92,4334.1,4377.92,4334.1,43.82,4376.44,close,-1.4899999999997817,-0.0431
2026-09-21,-1,02:19,4383.16,4348.92,4348.92,4383.16,34.24,4344.66,close,4.260000000000218,0.1127
2026-09-22,-1,02:07,4375.67,4315.88,4315.88,4375.67,59.78,4363.7,close,-47.81999999999971,-0.8066
2026-09-23,-1,02:15,4369.19,4327.73,4327.73,4369.19,41.45,4283.84,close,43.88999999999942,1.0492
2026-09-24,-1,04:15,4302.86,4273.15,4273.15,4302.86,29.72,4273.69,close,-0.5399999999999636,-0.0316
2026-09-28,-1,02:00,4265.65,4178.64,4178.64,4265.65,87.01,4122.69,close,55.94999999999982,0.6384
2026-09-29,1,02:08,4144.85,4113.16,4144.85,4113.16,31.7,4176.96,close,32.100000000000364,1.0
2026-09-30,1,02:51,4187.5,4165.26,4187.5,4165.26,22.24,4165.26,stop,-22.23999999999978,-1.018
